elapsed_app_time,loop_duration,ch12_data,encImplWheelVal,encHorizActVal,encDrawbarActVal,auto_weed_enabled,cpu_temp,gpu_temp,ao_temp
30.009603261947632,0.061003923416137695,0,233202,-16,-128,False,51.125,52.406,50.375
30.092207193374634,0.08260393142700195,0,233202,-16,-128,False,51.125,52.406,50.375
30.155646800994873,0.06343960762023926,0,233202,-16,-128,False,51.125,52.406,50.375
30.217047452926636,0.061400651931762695,0,233202,-16,-128,False,51.125,52.406,50.375
30.302469491958618,0.08542203903198242,0,233202,-16,-128,False,51.125,52.406,50.375
30.370439291000366,0.06796979904174805,0,233201,-16,-128,False,51.125,52.406,50.375
30.431770086288452,0.06133079528808594,0,233201,-16,-128,False,51.125,52.406,50.375
30.489760160446167,0.057990074157714844,0,233201,-16,-128,False,51.125,52.406,50.375
30.568612098693848,0.07885193824768066,0,233201,-16,-128,False,51.125,52.406,50.375
30.62956976890564,0.06095767021179199,0,233201,-16,-128,False,51.125,52.406,50.375
30.69423532485962,0.06466555595397949,0,233201,-16,-128,False,51.125,52.406,50.375
30.77551531791687,0.08127999305725098,0,233201,-16,-128,False,51.125,52.406,50.375
30.8363196849823,0.06080436706542969,0,233201,-16,-128,False,51.125,52.406,50.375
30.8984112739563,0.06209158897399902,0,233201,-16,-128,False,51.125,52.406,50.375
30.97187566757202,0.07346439361572266,0,233201,-16,-128,False,51.125,52.406,50.375
31.06104612350464,0.08917045593261719,0,233201,-16,-128,False,51.125,52.406,50.375
31.126917362213135,0.0658712387084961,0,233201,-16,-128,False,51.125,52.406,50.375
31.185729265213013,0.05881190299987793,0,233201,-16,-128,False,51.125,52.406,50.375
31.253071069717407,0.06734180450439453,0,233201,-16,-128,False,51.093,52.437,50.312
31.321415662765503,0.0683445930480957,0,233201,-16,-128,False,51.093,52.437,50.312
31.379210233688354,0.05779457092285156,0,233201,-16,-128,False,51.093,52.437,50.312
31.4446759223938,0.06546568870544434,0,233201,-16,-128,False,51.093,52.437,50.312
31.528735637664795,0.0840597152709961,0,233201,-16,-128,False,51.093,52.437,50.312
31.589515924453735,0.06078028678894043,0,233201,-16,-128,False,51.093,52.437,50.312
31.653548002243042,0.06403207778930664,0,233201,-16,-128,False,51.093,52.437,50.312
31.730515956878662,0.07696795463562012,0,233201,-16,-128,False,51.093,52.437,50.312
31.79154372215271,0.06102776527404785,0,233201,-16,-128,False,51.093,52.437,50.312
31.859525442123413,0.06798171997070312,0,233201,-16,-128,False,51.093,52.437,50.312
31.92314910888672,0.06362366676330566,0,233201,-16,-128,False,51.093,52.437,50.312
32.01586294174194,0.09271383285522461,0,233201,-16,-128,False,51.093,52.437,50.312
32.07944703102112,0.0635840892791748,0,233201,-16,-128,False,51.093,52.437,50.312
32.13895225524902,0.05950522422790527,0,233201,-16,-128,False,51.093,52.437,50.312
32.206624031066895,0.0676717758178711,0,233201,-16,-128,False,51.093,52.437,50.312
32.26835608482361,0.06173205375671387,0,233201,-16,-128,False,51.093,52.437,50.312
32.33467698097229,0.06632089614868164,0,233201,-16,-128,False,51.093,52.437,50.312
32.40223288536072,0.06755590438842773,0,233201,-16,-128,False,51.093,52.437,50.312
32.484534740448,0.08230185508728027,0,233201,-16,-128,False,51.093,52.437,50.312
32.55020713806152,0.06567239761352539,0,233201,-16,-128,False,51.093,52.437,50.312
32.60842752456665,0.05822038650512695,0,233201,-16,-128,False,51.093,52.437,50.312
32.68930268287659,0.08087515830993652,0,233201,-16,-128,False,51.093,52.437,50.312
32.753440141677856,0.06413745880126953,0,233201,-16,-128,False,51.093,52.437,50.312
32.81502842903137,0.061588287353515625,0,233201,-16,-128,False,51.093,52.437,50.312
32.879382371902466,0.06435394287109375,0,233201,-16,-128,False,51.093,52.437,50.312
32.959238052368164,0.07985568046569824,0,233201,-16,-128,False,51.093,52.437,50.312
33.02069568634033,0.06145763397216797,0,233201,-16,-128,False,51.093,52.437,50.312
33.08564114570618,0.06494545936584473,0,233201,-16,-128,False,51.093,52.437,50.312
33.16604828834534,0.08040714263916016,0,233201,-16,-128,False,51.093,52.437,50.312
33.233439922332764,0.06739163398742676,0,233201,-16,-128,False,51.093,52.437,50.312
33.29209351539612,0.05865359306335449,0,233202,-16,-128,False,51.125,52.531,50.375
33.360347270965576,0.06825375556945801,0,233204,-16,-128,False,51.125,52.531,50.375
33.44015955924988,0.07981228828430176,0,233206,-16,-128,False,51.125,52.531,50.375
33.50082349777222,0.06066393852233887,0,233206,-16,-128,False,51.125,52.531,50.375
33.564932346343994,0.06410884857177734,0,233208,-16,-128,False,51.125,52.531,50.375
33.642242431640625,0.07731008529663086,0,233213,-16,-128,False,51.125,52.531,50.375
33.706806659698486,0.06456422805786133,0,233213,-16,-128,False,51.125,52.531,50.375
33.76774001121521,0.06093335151672363,0,233219,-16,-128,False,51.125,52.531,50.375
33.84770107269287,0.07996106147766113,0,233222,-16,-128,False,51.125,52.531,50.375
33.91737461090088,0.06967353820800781,0,233222,-16,-128,False,51.125,52.531,50.375
33.97853207588196,0.0611574649810791,0,233226,-16,-128,False,51.125,52.531,50.375
34.043782234191895,0.06525015830993652,0,233231,-16,-128,False,51.125,52.531,50.375
34.11300301551819,0.06922078132629395,0,233231,-16,-128,False,51.125,52.531,50.375
34.17707395553589,0.0640709400177002,0,233236,-16,-128,False,51.125,52.531,50.375
34.246362924575806,0.06928896903991699,0,233240,-16,-128,False,51.125,52.531,50.375
34.341609477996826,0.09524655342102051,0,233245,-16,-128,False,51.125,52.531,50.375
34.406548738479614,0.06493926048278809,0,233245,-16,-128,False,51.125,52.531,50.375
34.46539115905762,0.05884242057800293,0,233250,-16,-129,False,51.125,52.531,50.375
34.522534132003784,0.05714297294616699,0,233255,-16,-129,False,51.125,52.531,50.375
34.59129786491394,0.06876373291015625,0,233255,-16,-129,False,51.125,52.531,50.375
34.65652775764465,0.06522989273071289,0,233259,-16,-129,False,51.125,52.531,50.375
34.72585725784302,0.06932950019836426,0,233263,-16,-129,False,51.125,52.531,50.375
34.82363510131836,0.0977778434753418,0,233268,-16,-129,False,51.125,52.531,50.375
34.89148497581482,0.06784987449645996,0,233268,-16,-129,False,51.125,52.531,50.375
34.9488525390625,0.057367563247680664,0,233273,-16,-129,False,51.125,52.531,50.375
35.00853109359741,0.05967855453491211,0,233278,-16,-129,False,51.125,52.531,50.375
35.08698058128357,0.07844948768615723,0,233278,-16,-129,False,51.125,52.531,50.375
35.14596247673035,0.058981895446777344,0,233283,-16,-129,False,51.125,52.531,50.375
35.216941118240356,0.07097864151000977,0,233288,-16,-129,False,51.125,52.531,50.375
35.28750252723694,0.07056140899658203,0,233288,-16,-129,False,51.125,52.531,50.375
35.34622526168823,0.058722734451293945,0,233293,-16,-130,False,51.062,52.312,50.437
35.41061210632324,0.06438684463500977,0,233298,-16,-130,False,51.062,52.312,50.437
35.48339891433716,0.07278680801391602,0,233298,-16,-130,False,51.062,52.312,50.437
35.55695295333862,0.07355403900146484,0,233303,-16,-130,False,51.062,52.312,50.437
35.61500406265259,0.058051109313964844,0,233309,-16,-130,False,51.062,52.312,50.437
35.680197954177856,0.06519389152526855,0,233309,-16,-130,False,51.062,52.312,50.437
35.762948513031006,0.08275055885314941,0,233316,-16,-130,False,51.062,52.312,50.437
35.8240966796875,0.06114816665649414,0,233322,-16,-131,False,51.062,52.312,50.437
35.888070583343506,0.06397390365600586,0,233322,-16,-131,False,51.062,52.312,50.437
35.96689963340759,0.07882905006408691,0,233328,-16,-131,False,51.062,52.312,50.437
36.02760314941406,0.06070351600646973,0,233335,-16,-131,False,51.062,52.312,50.437
36.09607172012329,0.06846857070922852,0,233342,-16,-131,False,51.062,52.312,50.437
36.17984461784363,0.08377289772033691,0,233342,-16,-131,False,51.062,52.312,50.437
36.251564264297485,0.07171964645385742,0,233349,-16,-131,False,51.062,52.312,50.437
36.31461715698242,0.06305289268493652,0,233356,-16,-131,False,51.062,52.312,50.437
36.37398314476013,0.05936598777770996,0,233356,-16,-131,False,51.062,52.312,50.437
36.440659046173096,0.06667590141296387,0,233362,-16,-131,False,51.062,52.312,50.437
36.50345182418823,0.06279277801513672,0,233370,-16,-131,False,51.062,52.312,50.437
36.570125102996826,0.06667327880859375,0,233370,-16,-131,False,51.062,52.312,50.437
36.63897514343262,0.06885004043579102,0,233376,-16,-131,False,51.062,52.312,50.437
36.7271523475647,0.08817720413208008,0,233383,-16,-131,False,51.062,52.312,50.437
36.795490741729736,0.06833839416503906,0,233383,-16,-131,False,51.062,52.312,50.437
36.85434103012085,0.05885028839111328,0,233390,-16,-131,False,51.062,52.312,50.437
36.92202639579773,0.06768536567687988,0,233397,-16,-131,False,51.062,52.312,50.437
36.986820459365845,0.06479406356811523,0,233397,-16,-131,False,51.062,52.312,50.437
37.047683238983154,0.06086277961730957,0,233405,-16,-131,False,51.062,52.312,50.437
37.11447525024414,0.06679201126098633,0,233411,-16,-131,False,51.062,52.312,50.437
37.198710203170776,0.08423495292663574,0,233411,-16,-131,False,51.062,52.312,50.437
37.258890867233276,0.0601806640625,0,233418,-16,-131,False,51.062,52.312,50.437
37.32103109359741,0.06214022636413574,0,233426,-16,-131,False,51.062,52.312,50.437
37.419334411621094,0.09830331802368164,0,233432,-16,-132,False,51.062,52.437,50.375
37.48948836326599,0.07015395164489746,0,233432,-16,-132,False,51.062,52.437,50.375
37.54799294471741,0.058504581451416016,0,233439,-16,-132,False,51.062,52.437,50.375
37.62449765205383,0.07650470733642578,0,233446,-16,-132,False,51.062,52.437,50.375
37.69379186630249,0.06929421424865723,0,233446,-16,-132,False,51.062,52.437,50.375
37.757402181625366,0.06361031532287598,0,233453,-16,-132,False,51.062,52.437,50.375
37.81616973876953,0.05876755714416504,0,233461,-16,-132,False,51.062,52.437,50.375
37.88606405258179,0.06989431381225586,0,233461,-16,-132,False,51.062,52.437,50.375
37.946118116378784,0.06005406379699707,0,233467,-16,-133,False,51.062,52.437,50.375
38.00382161140442,0.057703495025634766,0,233474,-16,-133,False,51.062,52.437,50.375
38.07987856864929,0.07605695724487305,0,233474,-16,-133,False,51.062,52.437,50.375
38.15447950363159,0.0746009349822998,0,233482,-16,-133,False,51.062,52.437,50.375
38.21508455276489,0.06060504913330078,0,233489,-16,-133,False,51.062,52.437,50.375
38.28086066246033,0.06577610969543457,0,233496,-16,-133,False,51.062,52.437,50.375
38.369282245635986,0.08842158317565918,0,233496,-16,-133,False,51.062,52.437,50.375
38.44018077850342,0.07089853286743164,0,233503,-16,-133,False,51.062,52.437,50.375
38.501158714294434,0.060977935791015625,0,233511,-16,-133,False,51.062,52.437,50.375
38.562891483306885,0.06173276901245117,0,233511,-16,-133,False,51.062,52.437,50.375
38.635180950164795,0.07228946685791016,0,233518,-16,-133,False,51.062,52.437,50.375
38.695106506347656,0.05992555618286133,0,233526,-16,-132,False,51.062,52.437,50.375
38.75920557975769,0.06409907341003418,0,233526,-16,-132,False,51.062,52.437,50.375
38.85302782058716,0.09382224082946777,0,233536,-16,-127,False,51.062,52.437,50.375
38.922688722610474,0.06966090202331543,0,233544,-16,-126,False,51.062,52.437,50.375
38.983243465423584,0.06055474281311035,0,233544,-16,-126,False,51.062,52.437,50.375
39.04143834114075,0.058194875717163086,0,233551,-16,-126,False,51.062,52.437,50.375
39.105587005615234,0.0641486644744873,0,233558,-16,-126,False,51.062,52.437,50.375
39.16559600830078,0.060009002685546875,0,233558,-16,-126,False,51.062,52.437,50.375
39.2341148853302,0.06851887702941895,0,233566,-16,-126,False,51.062,52.437,50.375
39.31312537193298,0.0790104866027832,0,233573,-16,-126,False,51.062,52.437,50.375
39.385669231414795,0.07254385948181152,0,233581,-16,-126,False,51.062,52.437,50.375
39.450679302215576,0.06501007080078125,0,233581,-16,-126,False,50.781,52.375,50.343
39.516623973846436,0.06594467163085938,0,233589,-16,-126,False,50.781,52.375,50.343
39.589171409606934,0.07254743576049805,0,233596,-16,-126,False,50.781,52.375,50.343
39.65234422683716,0.06317281723022461,0,233596,-16,-126,False,50.781,52.375,50.343
39.711505651474,0.05916142463684082,0,233604,-16,-126,False,50.781,52.375,50.343
39.798579931259155,0.08707427978515625,0,233611,-16,-126,False,50.781,52.375,50.343
39.86852407455444,0.06994414329528809,0,233611,-16,-126,False,50.781,52.375,50.343
39.93018817901611,0.06166410446166992,0,233620,-16,-126,False,50.781,52.375,50.343
39.98827600479126,0.058087825775146484,0,233627,-16,-126,False,50.781,52.375,50.343
40.067654609680176,0.07937860488891602,0,233627,-16,-126,False,50.781,52.375,50.343
40.12923789024353,0.06158328056335449,0,233635,-16,-126,False,50.781,52.375,50.343
40.1910285949707,0.06179070472717285,0,233643,-16,-125,False,50.781,52.375,50.343
40.25888681411743,0.06785821914672852,0,233651,-16,-126,False,50.781,52.375,50.343
40.34482717514038,0.08594036102294922,0,233651,-16,-126,False,50.781,52.375,50.343
40.40708041191101,0.06225323677062988,0,233659,-16,-125,False,50.781,52.375,50.343
40.465059995651245,0.057979583740234375,0,233667,-16,-125,False,50.781,52.375,50.343
40.545161962509155,0.08010196685791016,0,233667,-16,-125,False,50.781,52.375,50.343
40.61100792884827,0.06584596633911133,0,233674,-16,-125,False,50.781,52.375,50.343
40.67027401924133,0.059266090393066406,0,233683,-16,-125,False,50.781,52.375,50.343
40.74003291130066,0.06975889205932617,0,233683,-16,-125,False,50.781,52.375,50.343
40.81947684288025,0.07944393157958984,0,233691,-16,-125,False,50.781,52.375,50.343
40.880797147750854,0.06132030487060547,0,233699,-16,-125,False,50.781,52.375,50.343
40.943920850753784,0.06312370300292969,0,233699,-16,-125,False,50.781,52.375,50.343
41.02759027481079,0.08366942405700684,0,233707,-16,-125,False,50.781,52.375,50.343
41.09222626686096,0.0646359920501709,0,233715,-16,-125,False,50.781,52.375,50.343
41.15068817138672,0.058461904525756836,0,233715,-16,-125,False,50.781,52.375,50.343
41.215699195861816,0.06501102447509766,0,233724,-16,-125,False,50.781,52.375,50.343
41.29862904548645,0.08292984962463379,0,233732,-16,-125,False,50.781,52.375,50.343
41.35958456993103,0.06095552444458008,0,233732,-16,-125,False,50.781,52.375,50.343
41.4221134185791,0.06252884864807129,0,233740,-16,-125,False,50.781,52.375,50.343
41.50804781913757,0.08593440055847168,0,233749,-16,-125,False,50.937,52.281,50.437
41.584789514541626,0.07674169540405273,0,233757,-16,-125,False,50.937,52.281,50.437
41.64730620384216,0.06251668930053711,0,233757,-16,-125,False,50.937,52.281,50.437
41.70536923408508,0.05806303024291992,0,233766,-16,-125,False,50.937,52.281,50.437
41.77308201789856,0.06771278381347656,0,233775,-16,-125,False,50.937,52.281,50.437
41.8313148021698,0.058232784271240234,0,233775,-16,-125,False,50.937,52.281,50.437
41.89832353591919,0.06700873374938965,0,233782,-16,-125,False,50.937,52.281,50.437
41.98324203491211,0.08491849899291992,0,233789,-16,-125,False,50.937,52.281,50.437
42.04491448402405,0.06167244911193848,0,233789,-16,-125,False,50.937,52.281,50.437
42.10508322715759,0.06016874313354492,0,233793,-16,-125,False,50.937,52.281,50.437
42.17068076133728,0.0655975341796875,0,233798,-16,-125,False,50.937,52.281,50.437
42.253687381744385,0.08300662040710449,0,233802,-16,-125,False,50.937,52.281,50.437
42.31974697113037,0.06605958938598633,0,233802,-16,-125,False,50.937,52.281,50.437
42.37824010848999,0.05849313735961914,0,233805,-16,-125,False,50.937,52.281,50.437
42.45917558670044,0.08093547821044922,0,233806,-16,-125,False,50.937,52.281,50.437
42.52012062072754,0.06094503402709961,0,233806,-16,-125,False,50.937,52.281,50.437
42.58187413215637,0.06175351142883301,0,233807,-16,-125,False,50.937,52.281,50.437
42.65105676651001,0.0691826343536377,0,233807,-16,-125,False,50.937,52.281,50.437
42.73561382293701,0.08455705642700195,0,233807,-16,-125,False,50.937,52.281,50.437
42.7971305847168,0.061516761779785156,0,233806,-16,-125,False,50.937,52.281,50.437
42.854960203170776,0.05782961845397949,0,233804,-16,-125,False,50.937,52.281,50.437
42.93905854225159,0.08409833908081055,0,233804,-16,-125,False,50.937,52.281,50.437
43.00734519958496,0.06828665733337402,0,233803,-16,-124,False,50.937,52.281,50.437
43.06603145599365,0.058686256408691406,0,233801,-16,-125,False,50.937,52.281,50.437
43.13084125518799,0.06480979919433594,0,233801,-16,-125,False,50.937,52.281,50.437
43.20944166183472,0.07860040664672852,0,233800,-16,-125,False,50.937,52.281,50.437
43.26992321014404,0.06048154830932617,0,233798,-16,-125,False,50.937,52.281,50.437
43.33293056488037,0.06300735473632812,0,233797,-16,-125,False,50.937,52.281,50.437
43.41586637496948,0.08293581008911133,0,233797,-16,-125,False,50.937,52.281,50.437
43.47963523864746,0.06376886367797852,0,233795,-16,-124,False,50.937,52.281,50.437
43.540120363235474,0.060485124588012695,0,233795,-16,-124,False,51.125,52.593,50.375
43.606045961380005,0.06592559814453125,0,233793,-16,-124,False,51.125,52.593,50.375
43.68661975860596,0.08057379722595215,0,233791,-16,-125,False,51.125,52.593,50.375
43.747066497802734,0.060446739196777344,0,233790,-16,-125,False,51.125,52.593,50.375
43.81266117095947,0.06559467315673828,0,233790,-16,-125,False,51.125,52.593,50.375
43.89955806732178,0.08689689636230469,0,233788,-16,-125,False,51.125,52.593,50.375
43.96354627609253,0.06398820877075195,0,233786,-16,-125,False,51.125,52.593,50.375
44.0246422290802,0.0610959529876709,0,233786,-16,-125,False,51.125,52.593,50.375
44.087655544281006,0.06301331520080566,0,233784,-16,-125,False,51.125,52.593,50.375
44.16894006729126,0.0812845230102539,0,233782,-16,-125,False,51.125,52.593,50.375
44.229727029800415,0.06078696250915527,0,233782,-16,-125,False,51.125,52.593,50.375
44.29243731498718,0.06271028518676758,0,233780,-16,-124,False,51.125,52.593,50.375
44.38159418106079,0.0891568660736084,0,233778,-16,-125,False,51.125,52.593,50.375
44.44692921638489,0.06533503532409668,0,233776,-16,-125,False,51.125,52.593,50.375
44.50578546524048,0.05885624885559082,0,233776,-16,-125,False,51.125,52.593,50.375
44.56379318237305,0.05800771713256836,0,233774,-16,-124,False,51.125,52.593,50.375
44.64141535758972,0.0776221752166748,0,233774,-16,-124,False,51.125,52.593,50.375
44.69328236579895,0.051867008209228516,0,233772,-16,-125,False,51.125,52.593,50.375
44.76830840110779,0.07502603530883789,0,233770,-16,-125,False,51.125,52.593,50.375
44.84213161468506,0.07382321357727051,0,233767,-16,-125,False,51.125,52.593,50.375
44.91986680030823,0.07773518562316895,0,233767,-16,-125,False,51.125,52.593,50.375
44.985209703445435,0.06534290313720703,0,233765,-16,-125,False,51.125,52.593,50.375
45.04374122619629,0.05853152275085449,0,233763,-16,-125,False,51.125,52.593,50.375
45.12395262718201,0.08021140098571777,0,233763,-16,-125,False,51.125,52.593,50.375
45.1843695640564,0.06041693687438965,0,233761,-16,-125,False,51.125,52.593,50.375
45.253373861312866,0.06900429725646973,0,233759,-16,-125,False,51.125,52.593,50.375
45.3311984539032,0.07782459259033203,0,233756,-16,-125,False,51.125,52.593,50.375
45.404359579086304,0.07316112518310547,0,233756,-16,-125,False,51.125,52.593,50.375
45.47144055366516,0.06708097457885742,0,233754,-16,-125,False,51.125,52.593,50.375
45.5297429561615,0.05830240249633789,0,233752,-16,-124,False,51.125,52.593,50.375
45.597981214523315,0.0682382583618164,0,233752,-16,-124,False,51.062,52.312,50.406
45.670008182525635,0.07202696800231934,0,233749,-16,-124,False,51.062,52.312,50.406
45.72834849357605,0.05834031105041504,0,233749,-16,-125,False,51.062,52.312,50.406
45.79174447059631,0.06339597702026367,0,233749,-16,-125,False,51.062,52.312,50.406
45.87660527229309,0.08486080169677734,0,233756,-16,-124,False,51.062,52.312,50.406
45.937440395355225,0.06083512306213379,0,233768,-16,-124,False,51.062,52.312,50.406
46.000497579574585,0.06305718421936035,0,233768,-16,-124,False,51.062,52.312,50.406
46.07715034484863,0.07665276527404785,0,233782,-16,-124,False,51.062,52.312,50.406
46.1431941986084,0.06604385375976562,0,233795,-16,-124,False,51.062,52.312,50.406
46.20690155029297,0.06370735168457031,0,233795,-16,-124,False,51.062,52.312,50.406
46.27214074134827,0.06523919105529785,0,233811,-16,-124,False,51.062,52.312,50.406
46.343305349349976,0.07116460800170898,0,233832,-16,-124,False,51.062,52.312,50.406
46.40608882904053,0.06278347969055176,0,233832,-16,-124,False,51.062,52.312,50.406
46.47665500640869,0.07056617736816406,0,233854,-16,-124,False,51.062,52.312,50.406
46.55914616584778,0.08249115943908691,0,233877,-16,-124,False,51.062,52.312,50.406
46.62200403213501,0.06285786628723145,0,233877,-16,-124,False,51.062,52.312,50.406
46.680689334869385,0.058685302734375,0,233900,-16,-124,False,51.062,52.312,50.406
46.75444841384888,0.07375907897949219,0,233928,-16,-124,False,51.062,52.312,50.406
46.83255696296692,0.07810854911804199,0,233954,-16,-124,False,51.062,52.312,50.406
46.896721839904785,0.06416487693786621,0,233954,-16,-124,False,51.062,52.312,50.406
46.954596281051636,0.057874441146850586,0,233980,-16,-124,False,51.062,52.312,50.406
47.04625082015991,0.09165453910827637,0,234008,-16,-125,False,51.062,52.312,50.406
47.11555194854736,0.06930112838745117,0,234008,-16,-125,False,51.062,52.312,50.406
47.17727184295654,0.06171989440917969,0,234039,-16,-125,False,51.062,52.312,50.406
47.23615789413452,0.058886051177978516,0,234070,-16,-126,False,51.062,52.312,50.406
47.31596231460571,0.0798044204711914,0,234104,-16,-126,False,51.062,52.312,50.406
47.37739968299866,0.061437368392944336,0,234104,-16,-126,False,51.062,52.312,50.406
47.4346878528595,0.057288169860839844,0,234139,-16,-126,False,51.062,52.312,50.406
47.50208234786987,0.06739449501037598,0,234175,-16,-127,False,51.062,52.312,50.406
47.57415723800659,0.07207489013671875,0,234175,-16,-127,False,51.062,52.312,50.406
47.64418435096741,0.07002711296081543,0,234215,-16,-127,False,50.781,52.656,50.5
47.709951639175415,0.06576728820800781,0,234257,-16,-127,False,50.781,52.656,50.5
47.78786897659302,0.07791733741760254,0,234257,-16,-127,False,50.781,52.656,50.5
47.84521555900574,0.05734658241271973,0,234301,-16,-127,False,50.781,52.656,50.5
47.90993523597717,0.06471967697143555,0,234346,-16,-127,False,50.781,52.656,50.5
47.992451190948486,0.08251595497131348,0,234346,-16,-127,False,50.781,52.656,50.5
48.05361008644104,0.06115889549255371,0,234394,-16,-127,False,50.781,52.656,50.5
48.1166455745697,0.06303548812866211,0,234443,-16,-127,False,50.781,52.656,50.5
48.1973352432251,0.08068966865539551,0,234443,-16,-127,False,50.781,52.656,50.5
48.25782537460327,0.06049013137817383,0,234492,-16,-129,False,50.781,52.656,50.5
48.321935176849365,0.06410980224609375,0,234543,-16,-129,False,50.781,52.656,50.5
48.39041519165039,0.06848001480102539,0,234598,-16,-129,False,50.781,52.656,50.5
48.4762659072876,0.08585071563720703,0,234598,-16,-129,False,50.781,52.656,50.5
48.541561126708984,0.06529521942138672,0,234658,-16,-129,False,50.781,52.656,50.5
48.6005973815918,0.0590362548828125,0,234722,-16,-129,False,50.781,52.656,50.5
48.67972731590271,0.07912993431091309,0,234722,-16,-129,False,50.781,52.656,50.5
48.746073722839355,0.06634640693664551,0,234791,-16,-130,False,50.781,52.656,50.5
48.806426763534546,0.06035304069519043,0,234861,-16,-130,False,50.781,52.656,50.5
48.86709523200989,0.0606684684753418,0,234861,-16,-130,False,50.781,52.656,50.5
48.94232439994812,0.07522916793823242,0,234934,-16,-130,False,50.781,52.656,50.5
49.00661277770996,0.06428837776184082,0,235014,-16,-130,False,50.781,52.656,50.5
49.07544994354248,0.06883716583251953,0,235014,-16,-130,False,50.781,52.656,50.5
49.14972901344299,0.0742790699005127,0,235098,-16,-130,False,50.781,52.656,50.5
49.22912383079529,0.07939481735229492,0,235175,-16,-130,False,50.781,52.656,50.5
49.29428815841675,0.06516432762145996,0,235175,-16,-130,False,50.781,52.656,50.5
49.353968381881714,0.05968022346496582,0,235246,-16,-130,False,50.781,52.656,50.5
49.42941641807556,0.07544803619384766,0,235309,-16,-131,False,50.781,52.656,50.5
49.49193215370178,0.0625157356262207,0,235309,-16,-131,False,50.781,52.656,50.5
49.550652503967285,0.05872035026550293,0,235370,-16,-131,False,50.781,52.656,50.5
49.6190550327301,0.06840252876281738,0,235442,-16,-131,False,50.781,52.656,50.5
49.70042109489441,0.08136606216430664,0,235526,-16,-132,False,51.093,52.437,50.437
49.77257561683655,0.07215452194213867,0,235526,-16,-132,False,51.093,52.437,50.437
49.832077980041504,0.059502363204956055,0,235607,-16,-132,False,51.093,52.437,50.437
49.913198471069336,0.08112049102783203,0,235694,-16,-132,False,51.093,52.437,50.437
49.97822904586792,0.06503057479858398,0,235694,-16,-132,False,51.093,52.437,50.437
50.038684368133545,0.060455322265625,0,235790,-16,-131,False,51.093,52.437,50.437
50.099111557006836,0.060427188873291016,0,235884,-16,-130,False,51.093,52.437,50.437
50.18915295600891,0.0900413990020752,0,235969,-16,-129,False,51.093,52.437,50.437
50.261422634124756,0.07226967811584473,0,235969,-16,-129,False,51.093,52.437,50.437
50.323296308517456,0.061873674392700195,0,236052,-16,-128,False,51.093,52.437,50.437
50.40428590774536,0.08098959922790527,0,236129,-16,-127,False,51.093,52.437,50.437
50.47248458862305,0.06819868087768555,0,236129,-16,-127,False,51.093,52.437,50.437
50.53177237510681,0.05928778648376465,0,236207,-16,-127,False,51.093,52.437,50.437
50.59318470954895,0.06141233444213867,0,236287,-16,-129,False,51.093,52.437,50.437
50.66703128814697,0.07384657859802246,0,236287,-16,-129,False,51.093,52.437,50.437
50.72907304763794,0.0620417594909668,0,236368,-16,-127,False,51.093,52.437,50.437
50.79136538505554,0.06229233741760254,0,236445,-16,-126,False,51.093,52.437,50.437
50.85736536979675,0.06599998474121094,0,236445,-16,-126,False,51.093,52.437,50.437
50.930631160736084,0.07326579093933105,0,236524,-16,-126,False,51.093,52.437,50.437
50.996392488479614,0.06576132774353027,0,236589,-16,-125,False,51.093,52.437,50.437
51.05949521064758,0.06310272216796875,0,236653,-16,-128,False,51.093,52.437,50.437
51.14510250091553,0.08560729026794434,0,236653,-16,-128,False,51.093,52.437,50.437
51.209906816482544,0.0648043155670166,0,236720,-16,-129,False,51.093,52.437,50.437
51.279296875,0.06939005851745605,0,236788,-16,-130,False,51.093,52.437,50.437
51.35318922996521,0.07389235496520996,0,236788,-16,-130,False,51.093,52.437,50.437
51.42798829078674,0.0747990608215332,0,236862,-16,-131,False,51.093,52.437,50.437
51.49487018585205,0.06688189506530762,0,236933,-16,-131,False,51.093,52.437,50.437
51.561121702194214,0.06625151634216309,0,236933,-16,-131,False,51.093,52.437,50.437
51.63038754463196,0.06926584243774414,0,236998,-16,-131,False,51.093,52.437,50.437
51.69804072380066,0.06765317916870117,0,237062,-16,-131,False,51.093,52.437,50.437
51.76550245285034,0.06746172904968262,0,237124,-16,-131,False,51.25,52.406,50.437
51.86326003074646,0.09775757789611816,0,237124,-16,-131,False,51.25,52.406,50.437
51.932793855667114,0.0695338249206543,0,237191,-16,-131,False,51.25,52.406,50.437
51.998469829559326,0.06567597389221191,0,237268,-16,-132,False,51.25,52.406,50.437
52.07142090797424,0.07295107841491699,0,237342,-16,-131,False,51.25,52.406,50.437
52.15006113052368,0.07864022254943848,0,237342,-16,-131,False,51.25,52.406,50.437
52.217097759246826,0.06703662872314453,0,237412,-16,-131,False,51.25,52.406,50.437
52.28381395339966,0.06671619415283203,0,237477,-16,-131,False,51.25,52.406,50.437
52.3559045791626,0.07209062576293945,0,237477,-16,-131,False,51.25,52.406,50.437
52.42056965827942,0.06466507911682129,0,237545,-16,-131,False,51.25,52.406,50.437
52.48627543449402,0.06570577621459961,0,237611,-16,-131,False,51.25,52.406,50.437
52.55852246284485,0.07224702835083008,0,237681,-16,-132,False,51.25,52.406,50.437
52.640506982803345,0.0819845199584961,0,237681,-16,-132,False,51.25,52.406,50.437
52.7064151763916,0.06590819358825684,0,237752,-16,-132,False,51.25,52.406,50.437
52.772905111312866,0.06648993492126465,0,237824,-16,-132,False,51.25,52.406,50.437
52.8456711769104,0.07276606559753418,0,237824,-16,-132,False,51.25,52.406,50.437
52.91032385826111,0.06465268135070801,0,237897,-16,-132,False,51.25,52.406,50.437
52.97676730155945,0.06644344329833984,0,237965,-16,-132,False,51.25,52.406,50.437
53.06858205795288,0.09181475639343262,0,238037,-16,-131,False,51.25,52.406,50.437
53.13797664642334,0.06939458847045898,0,238037,-16,-131,False,51.25,52.406,50.437
53.20236682891846,0.06439018249511719,0,238116,-16,-131,False,51.25,52.406,50.437
53.28353977203369,0.08117294311523438,0,238195,-16,-131,False,51.25,52.406,50.437
53.35799765586853,0.07445788383483887,0,238270,-16,-131,False,51.25,52.406,50.437
53.42389273643494,0.06589508056640625,0,238270,-16,-131,False,51.25,52.406,50.437
53.488128900527954,0.06423616409301758,0,238341,-16,-131,False,51.25,52.406,50.437
53.57088780403137,0.08275890350341797,0,238410,-16,-131,False,51.25,52.406,50.437
53.63627004623413,0.06538224220275879,0,238410,-16,-131,False,51.25,52.406,50.437
53.70026612281799,0.0639960765838623,0,238482,-16,-131,False,51.25,52.406,50.437
53.77598524093628,0.07571911811828613,0,238554,-16,-131,False,51.25,52.406,50.531
53.848551511764526,0.07256627082824707,0,238554,-16,-131,False,51.25,52.406,50.531
53.91157937049866,0.06302785873413086,0,238621,-16,-131,False,51.25,52.406,50.531
53.988696813583374,0.0771174430847168,0,238687,-16,-131,False,51.25,52.406,50.531
54.06723499298096,0.07853817939758301,0,238760,-16,-132,False,51.25,52.406,50.531
54.13157081604004,0.06433582305908203,0,238760,-16,-132,False,51.25,52.406,50.531
54.19393229484558,0.06236147880554199,0,238835,-16,-132,False,51.25,52.406,50.531
54.27807593345642,0.08414363861083984,0,238906,-16,-131,False,51.25,52.406,50.531
54.34252858161926,0.0644526481628418,0,238906,-16,-131,False,51.25,52.406,50.531
54.40646576881409,0.06393718719482422,0,238972,-16,-129,False,51.25,52.406,50.531
54.481690406799316,0.07522463798522949,0,239035,-16,-126,False,51.25,52.406,50.531
54.55937147140503,0.07768106460571289,0,239102,-16,-126,False,51.25,52.406,50.531
54.62434506416321,0.06497359275817871,0,239102,-16,-126,False,51.25,52.406,50.531
54.68857431411743,0.06422924995422363,0,239173,-16,-124,False,51.25,52.406,50.531
54.77444386482239,0.08586955070495605,0,239242,-16,-121,False,51.25,52.406,50.531
54.8408043384552,0.0663604736328125,0,239242,-16,-121,False,51.25,52.406,50.531
54.90577244758606,0.06496810913085938,0,239308,-16,-120,False,51.25,52.406,50.531
54.97751975059509,0.0717473030090332,0,239374,-16,-120,False,51.25,52.406,50.531
55.055014848709106,0.07749509811401367,0,239441,-16,-120,False,51.25,52.406,50.531
55.12125277519226,0.0662379264831543,0,239441,-16,-120,False,51.25,52.406,50.531
55.186787128448486,0.06553435325622559,0,239502,-16,-120,False,51.25,52.406,50.531
55.26493692398071,0.07814979553222656,0,239561,-16,-120,False,51.25,52.406,50.531
55.33488917350769,0.06995224952697754,0,239561,-16,-120,False,51.25,52.406,50.531
55.400475025177,0.06558585166931152,0,239618,-16,-120,False,51.25,52.406,50.531
55.46543526649475,0.06496024131774902,0,239674,-16,-120,False,51.25,52.406,50.531
55.53978157043457,0.07434630393981934,0,239733,-16,-126,False,51.25,52.406,50.531
55.608946084976196,0.06916451454162598,0,239733,-16,-126,False,51.25,52.406,50.531
55.675808906555176,0.06686282157897949,0,239789,-16,-131,False,51.25,52.406,50.531
55.758283376693726,0.0824744701385498,0,239841,-16,-140,False,51.25,52.406,50.531
55.8250527381897,0.06676936149597168,0,239841,-16,-140,False,51.218,52.375,50.468
55.89860916137695,0.07355642318725586,0,239903,-16,-140,False,51.218,52.375,50.468
55.98592686653137,0.08731770515441895,0,239968,-16,-139,False,51.218,52.375,50.468
56.055407762527466,0.06948089599609375,0,240033,-16,-138,False,51.218,52.375,50.468
56.12054109573364,0.06513333320617676,0,240033,-16,-138,False,51.218,52.375,50.468
56.204506635665894,0.08396553993225098,0,240094,-16,-138,False,51.218,52.375,50.468
56.2884624004364,0.08395576477050781,0,240156,-16,-138,False,51.218,52.375,50.468
56.35724592208862,0.06878352165222168,0,240219,-16,-138,False,51.218,52.375,50.468
56.42790651321411,0.07066059112548828,0,240284,-16,-138,False,51.218,52.375,50.468
56.510276317596436,0.08236980438232422,0,240284,-16,-138,False,51.218,52.375,50.468
56.57376956939697,0.06349325180053711,0,240347,-16,-137,False,51.218,52.375,50.468
56.63780641555786,0.06403684616088867,0,240414,-16,-137,False,51.218,52.375,50.468
56.718475103378296,0.08066868782043457,0,240414,-16,-137,False,51.218,52.375,50.468
56.78427600860596,0.06580090522766113,0,240484,-16,-131,False,51.218,52.375,50.468
56.847028970718384,0.06275296211242676,0,240552,-16,-122,False,51.218,52.375,50.468
56.9087975025177,0.061768531799316406,0,240552,-16,-122,False,51.218,52.375,50.468
56.98418951034546,0.07539200782775879,0,240610,-16,-122,False,51.218,52.375,50.468
57.04586577415466,0.0616762638092041,0,240676,-16,-122,False,51.218,52.375,50.468
57.108253479003906,0.062387704849243164,0,240676,-16,-122,False,51.218,52.375,50.468
57.192283630371094,0.0840301513671875,0,240737,-16,-122,False,51.218,52.375,50.468
57.273303508758545,0.08101987838745117,0,240800,-16,-122,False,51.218,52.375,50.468
57.339205741882324,0.0659022331237793,0,240863,-16,-121,False,51.218,52.375,50.468
57.401567459106445,0.062361717224121094,0,240863,-16,-121,False,51.218,52.375,50.468
57.480196714401245,0.0786292552947998,0,240926,-16,-122,False,51.218,52.375,50.468
57.54348921775818,0.0632925033569336,0,240993,-16,-122,False,51.218,52.375,50.468
57.61235690116882,0.06886768341064453,0,240993,-16,-122,False,51.218,52.375,50.468
57.690277099609375,0.07792019844055176,0,241060,-16,-122,False,51.218,52.375,50.468
57.77148127555847,0.08120417594909668,0,241124,-16,-122,False,51.218,52.375,50.468
57.83868169784546,0.0672004222869873,0,241187,-16,-122,False,51.062,52.437,50.468
57.93478536605835,0.09610366821289062,0,241249,-16,-122,False,51.062,52.437,50.468
58.01897668838501,0.08419132232666016,0,241306,-16,-122,False,51.062,52.437,50.468
58.09602379798889,0.07704710960388184,0,241306,-16,-122,False,51.062,52.437,50.468
58.17747259140015,0.08144879341125488,0,241361,-16,-122,False,51.062,52.437,50.468
58.273911476135254,0.09643888473510742,0,241415,-16,-123,False,51.062,52.437,50.468
58.347368478775024,0.07345700263977051,0,241469,-16,-123,False,51.062,52.437,50.468
58.42419075965881,0.07682228088378906,0,241519,-16,-123,False,51.062,52.437,50.468
58.525367736816406,0.10117697715759277,0,241569,-16,-123,False,51.062,52.437,50.468
58.60104584693909,0.07567811012268066,0,241569,-16,-123,False,51.062,52.437,50.468
58.66651725769043,0.06547141075134277,0,241620,-16,-123,False,51.062,52.437,50.468
58.74242091178894,0.07590365409851074,0,241669,-16,-123,False,51.062,52.437,50.468
58.80900955200195,0.0665886402130127,0,241669,-16,-123,False,51.062,52.437,50.468
58.87420701980591,0.06519746780395508,0,241718,-16,-125,False,51.062,52.437,50.468
58.94624304771423,0.0720360279083252,0,241767,-16,-126,False,51.062,52.437,50.468
59.01111555099487,0.06487250328063965,0,241767,-16,-126,False,51.062,52.437,50.468
59.07836031913757,0.0672447681427002,0,241819,-16,-135,False,51.062,52.437,50.468
59.14033055305481,0.06197023391723633,0,241873,-16,-143,False,51.062,52.437,50.468
59.21592593193054,0.07559537887573242,0,241928,-16,-144,False,51.062,52.437,50.468
59.27816939353943,0.06224346160888672,0,241928,-16,-144,False,51.062,52.437,50.468
59.340518951416016,0.062349557876586914,0,241987,-16,-144,False,51.062,52.437,50.468
59.420241355895996,0.07972240447998047,0,242047,-16,-144,False,51.062,52.437,50.468
59.49800157546997,0.07776021957397461,0,242047,-16,-144,False,51.062,52.437,50.468
59.56562566757202,0.06762409210205078,0,242104,-16,-145,False,51.062,52.437,50.468
59.62777590751648,0.06215023994445801,0,242160,-16,-146,False,51.062,52.437,50.468
59.70979309082031,0.08201718330383301,0,242218,-16,-146,False,51.062,52.437,50.468
59.77457928657532,0.06478619575500488,0,242218,-16,-146,False,51.062,52.437,50.468
59.83642530441284,0.061846017837524414,0,242280,-16,-146,False,51.156,52.406,50.562
59.915135860443115,0.07871055603027344,0,242343,-16,-146,False,51.156,52.406,50.562
59.99498963356018,0.07985377311706543,0,242343,-16,-146,False,51.156,52.406,50.562
60.063658475875854,0.06866884231567383,0,242405,-16,-145,False,51.156,52.406,50.562
60.12642526626587,0.06276679039001465,0,242468,-16,-145,False,51.156,52.406,50.562
60.196001291275024,0.06957602500915527,0,242468,-16,-145,False,51.156,52.406,50.562
60.25783014297485,0.0618288516998291,0,242528,-16,-145,False,51.156,52.406,50.562
60.32422757148743,0.06639742851257324,0,242588,-16,-145,False,51.156,52.406,50.562
60.39731168746948,0.07308411598205566,0,242649,-16,-146,False,51.156,52.406,50.562
60.476353883743286,0.07904219627380371,0,242649,-16,-146,False,51.156,52.406,50.562
60.54097104072571,0.06461715698242188,0,242710,-16,-146,False,51.156,52.406,50.562
60.60346961021423,0.06249856948852539,0,242770,-16,-145,False,51.156,52.406,50.562
60.67504096031189,0.07157135009765625,0,242770,-16,-145,False,51.156,52.406,50.562
60.73692774772644,0.06188678741455078,0,242833,-16,-145,False,51.156,52.406,50.562
60.7988224029541,0.06189465522766113,0,242899,-16,-144,False,51.156,52.406,50.562
60.861918926239014,0.06309652328491211,0,242899,-16,-144,False,51.156,52.406,50.562
60.927446365356445,0.06552743911743164,0,242965,-16,-144,False,51.156,52.406,50.562
60.99033999443054,0.06289362907409668,0,242965,-16,-144,False,51.156,52.406,50.562
61.05177044868469,0.06143045425415039,0,243027,-16,-144,False,51.156,52.406,50.562
61.13332915306091,0.0815587043762207,0,243084,-16,-145,False,51.156,52.406,50.562
61.2097373008728,0.07640814781188965,0,243143,-16,-145,False,51.156,52.406,50.562
61.27595257759094,0.06621527671813965,0,243143,-16,-145,False,51.156,52.406,50.562
61.33859872817993,0.06264615058898926,0,243203,-16,-145,False,51.156,52.406,50.562
61.410741567611694,0.0721428394317627,0,243263,-16,-145,False,51.156,52.406,50.562
61.477301597595215,0.06656002998352051,0,243263,-16,-145,False,51.156,52.406,50.562
61.53960156440735,0.06229996681213379,0,243316,-16,-145,False,51.156,52.406,50.562
61.60078024864197,0.06117868423461914,0,243370,-16,-145,False,51.156,52.406,50.562
61.66551923751831,0.06473898887634277,0,243370,-16,-145,False,51.156,52.406,50.562
61.72664952278137,0.06113028526306152,0,243423,-16,-145,False,51.156,52.406,50.562
61.78791260719299,0.061263084411621094,0,243481,-16,-145,False,51.156,52.406,50.562
61.87242388725281,0.08451128005981445,0,243539,-16,-145,False,51.093,52.312,50.531
61.960817098617554,0.0883932113647461,0,243539,-16,-145,False,51.093,52.312,50.531
62.03009104728699,0.0692739486694336,0,243595,-16,-145,False,51.093,52.312,50.531
62.09285259246826,0.06276154518127441,0,243647,-16,-145,False,51.093,52.312,50.531
62.172282218933105,0.07942962646484375,0,243647,-16,-145,False,51.093,52.312,50.531
62.23647165298462,0.06418943405151367,0,243704,-16,-143,False,51.093,52.312,50.531
62.298234701156616,0.06176304817199707,0,243762,-16,-142,False,51.093,52.312,50.531
62.38055610656738,0.0823214054107666,0,243814,-16,-142,False,51.093,52.312,50.531
62.44889497756958,0.06833887100219727,0,243814,-16,-142,False,51.093,52.312,50.531
62.511693239212036,0.06279826164245605,0,243863,-16,-142,False,51.093,52.312,50.531
62.57333970069885,0.061646461486816406,0,243913,-16,-142,False,51.093,52.312,50.531
62.65016460418701,0.07682490348815918,0,243913,-16,-142,False,51.093,52.312,50.531
62.71289348602295,0.0627288818359375,0,243966,-16,-142,False,51.093,52.312,50.531
62.77494025230408,0.06204676628112793,0,244020,-16,-142,False,51.093,52.312,50.531
62.86353135108948,0.08859109878540039,0,244020,-16,-142,False,51.093,52.312,50.531
62.937485456466675,0.07395410537719727,0,244076,-16,-142,False,51.093,52.312,50.531
63.001014947891235,0.06352949142456055,0,244119,-16,-142,False,51.093,52.312,50.531
63.08195090293884,0.08093595504760742,0,244173,-16,-142,False,51.093,52.312,50.531
63.16514730453491,0.08319640159606934,0,244173,-16,-142,False,51.093,52.312,50.531
63.22449517250061,0.05934786796569824,0,244216,-16,-141,False,51.093,52.312,50.531
63.287012577056885,0.06251740455627441,0,244263,-16,-141,False,51.093,52.312,50.531
63.36569046974182,0.07867789268493652,0,244263,-16,-141,False,51.093,52.312,50.531
63.429137229919434,0.0634467601776123,0,244317,-16,-142,False,51.093,52.312,50.531
63.49024558067322,0.06110835075378418,0,244368,-16,-141,False,51.093,52.312,50.531
63.56385374069214,0.0736081600189209,0,244368,-16,-141,False,51.093,52.312,50.531
63.63051509857178,0.06666135787963867,0,244415,-16,-141,False,51.093,52.312,50.531
63.69709372520447,0.06657862663269043,0,244466,-16,-141,False,51.093,52.312,50.531
63.76590895652771,0.06881523132324219,0,244513,-16,-141,False,51.093,52.312,50.531
63.83811831474304,0.07220935821533203,0,244513,-16,-141,False,51.093,52.312,50.531
63.90310740470886,0.06498908996582031,0,244562,-16,-141,False,51.718,52.437,50.531
63.974881410598755,0.07177400588989258,0,244615,-16,-141,False,51.718,52.437,50.531
64.04887366294861,0.07399225234985352,0,244615,-16,-141,False,51.718,52.437,50.531
64.11268973350525,0.06381607055664062,0,244668,-16,-141,False,51.718,52.437,50.531
64.17580056190491,0.0631108283996582,0,244718,-16,-142,False,51.718,52.437,50.531
64.25815391540527,0.08235335350036621,0,244718,-16,-142,False,51.718,52.437,50.531
64.3229455947876,0.06479167938232422,0,244764,-16,-142,False,51.718,52.437,50.531
64.38463091850281,0.06168532371520996,0,244809,-16,-142,False,51.718,52.437,50.531
64.4592809677124,0.07465004920959473,0,244809,-16,-142,False,51.718,52.437,50.531
64.5264618396759,0.06718087196350098,0,244863,-16,-142,False,51.718,52.437,50.531
64.58820819854736,0.06174635887145996,0,244917,-16,-142,False,51.718,52.437,50.531
64.66060090065002,0.07239270210266113,0,244973,-16,-142,False,51.718,52.437,50.531
64.73026037216187,0.06965947151184082,0,244973,-16,-142,False,51.718,52.437,50.531
64.79217076301575,0.061910390853881836,0,245029,-16,-142,False,51.718,52.437,50.531
64.85911440849304,0.06694364547729492,0,245086,-16,-142,False,51.718,52.437,50.531
64.94668054580688,0.08756613731384277,0,245086,-16,-142,False,51.718,52.437,50.531
65.01449608802795,0.06781554222106934,0,245146,-16,-142,False,51.718,52.437,50.531
65.07712626457214,0.06263017654418945,0,245209,-16,-141,False,51.718,52.437,50.531
65.15799856185913,0.0808722972869873,0,245209,-16,-141,False,51.718,52.437,50.531
65.22291541099548,0.06491684913635254,0,245271,-16,-139,False,51.718,52.437,50.531
65.28514814376831,0.06223273277282715,0,245327,-16,-139,False,51.718,52.437,50.531
65.35866236686707,0.07351422309875488,0,245327,-16,-139,False,51.718,52.437,50.531
65.42049551010132,0.06183314323425293,0,245384,-16,-139,False,51.718,52.437,50.531
65.48250818252563,0.062012672424316406,0,245434,-16,-140,False,51.718,52.437,50.531
65.54575276374817,0.06324458122253418,0,245484,-16,-140,False,51.718,52.437,50.531
65.62522673606873,0.07947397232055664,0,245484,-16,-140,False,51.718,52.437,50.531
65.6933946609497,0.06816792488098145,0,245545,-16,-140,False,51.718,52.437,50.531
65.75622510910034,0.06283044815063477,0,245600,-16,-140,False,51.718,52.437,50.531
65.84177875518799,0.08555364608764648,0,245600,-16,-140,False,51.718,52.437,50.531
65.90713238716125,0.0653536319732666,0,245652,-16,-140,False,51.312,52.437,50.437
65.98108172416687,0.07394933700561523,0,245703,-16,-141,False,51.312,52.437,50.437
66.05255055427551,0.07146883010864258,0,245753,-16,-140,False,51.312,52.437,50.437
66.12785339355469,0.0753028392791748,0,245753,-16,-140,False,51.312,52.437,50.437
66.19341802597046,0.06556463241577148,0,245809,-16,-140,False,51.312,52.437,50.437
66.25659704208374,0.06317901611328125,0,245868,-16,-140,False,51.312,52.437,50.437
66.34800672531128,0.09140968322753906,0,245868,-16,-140,False,51.312,52.437,50.437
66.41525912284851,0.06725239753723145,0,245924,-16,-140,False,51.312,52.437,50.437
66.4802622795105,0.0650031566619873,0,245980,-16,-141,False,51.312,52.437,50.437
66.55214858055115,0.07188630104064941,0,246033,-16,-141,False,51.312,52.437,50.437
66.63232350349426,0.08017492294311523,0,246033,-16,-141,False,51.312,52.437,50.437
66.6923348903656,0.06001138687133789,0,246087,-16,-141,False,51.312,52.437,50.437
66.7539222240448,0.06158733367919922,0,246147,-16,-140,False,51.312,52.437,50.437
66.82641530036926,0.07249307632446289,0,246147,-16,-140,False,51.312,52.437,50.437
66.89148759841919,0.06507229804992676,0,246203,-16,-140,False,51.312,52.437,50.437
66.95319199562073,0.061704397201538086,0,246255,-16,-140,False,51.312,52.437,50.437
67.01576828956604,0.0625762939453125,0,246255,-16,-140,False,51.312,52.437,50.437
67.10058617591858,0.08481788635253906,0,246304,-16,-140,False,51.312,52.437,50.437
67.16732621192932,0.06674003601074219,0,246354,-16,-140,False,51.312,52.437,50.437
67.23173522949219,0.06440901756286621,0,246404,-16,-140,False,51.312,52.437,50.437
67.31766366958618,0.08592844009399414,0,246404,-16,-140,False,51.312,52.437,50.437
67.38262033462524,0.0649566650390625,0,246453,-16,-140,False,51.312,52.437,50.437
67.44526815414429,0.06264781951904297,0,246500,-16,-140,False,51.312,52.437,50.437
67.518146276474,0.07287812232971191,0,246500,-16,-140,False,51.312,52.437,50.437
67.5851776599884,0.0670313835144043,0,246549,-16,-140,False,51.312,52.437,50.437
67.64637565612793,0.06119799613952637,0,246596,-16,-140,False,51.312,52.437,50.437
67.7085280418396,0.06215238571166992,0,246596,-16,-140,False,51.312,52.437,50.437
67.78305149078369,0.0745234489440918,0,246645,-16,-140,False,51.312,52.437,50.437
67.84448003768921,0.06142854690551758,0,246694,-16,-140,False,51.312,52.437,50.437
67.9079897403717,0.06350970268249512,0,246744,-16,-140,False,51.281,52.718,50.468
68.00408124923706,0.09609150886535645,0,246744,-16,-140,False,51.281,52.718,50.468
68.07380294799805,0.06972169876098633,0,246795,-16,-140,False,51.281,52.718,50.468
68.13550233840942,0.06169939041137695,0,246845,-16,-140,False,51.281,52.718,50.468
68.2080430984497,0.0725407600402832,0,246845,-16,-140,False,51.281,52.718,50.468
68.2839982509613,0.07595515251159668,0,246901,-16,-140,False,51.281,52.718,50.468
68.35272097587585,0.06872272491455078,0,246958,-16,-140,False,51.281,52.718,50.468
68.41567063331604,0.06294965744018555,0,246958,-16,-140,False,51.281,52.718,50.468
68.49738335609436,0.08171272277832031,0,247013,-16,-140,False,51.281,52.718,50.468
68.56203055381775,0.06464719772338867,0,247067,-16,-140,False,51.281,52.718,50.468
68.62569808959961,0.06366753578186035,0,247122,-16,-140,False,51.281,52.718,50.468
68.70235896110535,0.0766608715057373,0,247122,-16,-140,False,51.281,52.718,50.468
68.78153252601624,0.07917356491088867,0,247179,-16,-140,False,51.281,52.718,50.468
68.8554368019104,0.07390427589416504,0,247238,-16,-140,False,51.281,52.718,50.468
68.92189598083496,0.06645917892456055,0,247238,-16,-140,False,51.281,52.718,50.468
68.98916125297546,0.06726527214050293,0,247293,-16,-140,False,51.281,52.718,50.468
69.05247688293457,0.06331562995910645,0,247351,-16,-140,False,51.281,52.718,50.468
69.11842155456543,0.06594467163085938,0,247351,-16,-140,False,51.281,52.718,50.468
69.18997597694397,0.07155442237854004,0,247411,-16,-140,False,51.281,52.718,50.468
69.26609706878662,0.07612109184265137,0,247473,-16,-140,False,51.281,52.718,50.468
69.33002209663391,0.06392502784729004,0,247532,-16,-140,False,51.281,52.718,50.468
69.39379811286926,0.06377601623535156,0,247532,-16,-140,False,51.281,52.718,50.468
69.48611760139465,0.09231948852539062,0,247587,-16,-140,False,51.281,52.718,50.468
69.55678939819336,0.07067179679870605,0,247641,-16,-140,False,51.281,52.718,50.468
69.62024021148682,0.06345081329345703,0,247641,-16,-140,False,51.281,52.718,50.468
69.68471717834473,0.06447696685791016,0,247699,-16,-140,False,51.281,52.718,50.468
69.76087594032288,0.07615876197814941,0,247758,-16,-140,False,51.281,52.718,50.468
69.82480072975159,0.06392478942871094,0,247758,-16,-140,False,51.281,52.718,50.468
69.88792157173157,0.06312084197998047,0,247814,-16,-140,False,51.281,52.718,50.468
69.96284866333008,0.07492709159851074,0,247868,-16,-140,False,51.468,52.562,50.5
70.03271508216858,0.06986641883850098,0,247920,-16,-140,False,51.468,52.562,50.5
70.09580540657043,0.06309032440185547,0,247920,-16,-140,False,51.468,52.562,50.5
70.15979099273682,0.06398558616638184,0,247977,-16,-140,False,51.468,52.562,50.5
70.24168920516968,0.08189821243286133,0,248033,-16,-140,False,51.468,52.562,50.5
70.3100106716156,0.06832146644592285,0,248033,-16,-140,False,51.468,52.562,50.5
70.37468457221985,0.06467390060424805,0,248096,-16,-141,False,51.468,52.562,50.5
70.45185565948486,0.07717108726501465,0,248157,-16,-141,False,51.468,52.562,50.5
70.51931357383728,0.06745791435241699,0,248217,-16,-141,False,51.468,52.562,50.5
70.58337879180908,0.06406521797180176,0,248217,-16,-141,False,51.468,52.562,50.5
70.66605854034424,0.08267974853515625,0,248280,-16,-141,False,51.468,52.562,50.5
70.75060367584229,0.08454513549804688,0,248341,-16,-141,False,51.468,52.562,50.5
70.8204894065857,0.0698857307434082,0,248403,-16,-141,False,51.468,52.562,50.5
70.8857090473175,0.06521964073181152,0,248403,-16,-141,False,51.468,52.562,50.5
70.96601438522339,0.08030533790588379,0,248471,-16,-141,False,51.468,52.562,50.5
71.03049540519714,0.06448101997375488,0,248541,-16,-141,False,51.468,52.562,50.5
71.09270596504211,0.0622105598449707,0,248541,-16,-141,False,51.468,52.562,50.5
71.16800594329834,0.07529997825622559,0,248607,-16,-141,False,51.468,52.562,50.5
71.24953722953796,0.08153128623962402,0,248673,-16,-141,False,51.468,52.562,50.5
71.3078498840332,0.05831265449523926,0,248673,-16,-141,False,51.468,52.562,50.5
71.37009859085083,0.06224870681762695,0,248743,-16,-141,False,51.468,52.562,50.5
71.4423098564148,0.07221126556396484,0,248815,-16,-141,False,51.468,52.562,50.5
71.50670599937439,0.06439614295959473,0,248815,-16,-141,False,51.468,52.562,50.5
71.56951332092285,0.06280732154846191,0,248887,-16,-141,False,51.468,52.562,50.5
71.63421654701233,0.06470322608947754,0,248961,-16,-141,False,51.468,52.562,50.5
71.70907306671143,0.07485651969909668,0,248961,-16,-141,False,51.468,52.562,50.5
71.77180624008179,0.06273317337036133,0,249036,-16,-141,False,51.468,52.562,50.5
71.83403015136719,0.06222391128540039,0,249113,-16,-140,False,51.468,52.562,50.5
71.91509628295898,0.08106613159179688,0,249189,-16,-140,False,51.468,52.562,50.5
71.99949407577515,0.08439779281616211,0,249265,-16,-139,False,51.281,52.75,50.531
72.07704949378967,0.07755541801452637,0,249265,-16,-139,False,51.281,52.75,50.531
72.15662050247192,0.07957100868225098,0,249336,-16,-139,False,51.281,52.75,50.531
72.24912166595459,0.09250116348266602,0,249404,-16,-139,False,51.281,52.75,50.531
72.32275438308716,0.07363271713256836,0,249476,-16,-139,False,51.281,52.75,50.531
72.3891191482544,0.06636476516723633,0,249476,-16,-139,False,51.281,52.75,50.531
72.45498585700989,0.06586670875549316,0,249546,-16,-139,False,51.281,52.75,50.531
72.51950979232788,0.06452393531799316,0,249616,-16,-140,False,51.281,52.75,50.531
72.58268237113953,0.06317257881164551,0,249616,-16,-140,False,51.281,52.75,50.531
72.65601110458374,0.07332873344421387,0,249680,-16,-140,False,51.281,52.75,50.531
72.74133348464966,0.08532238006591797,0,249742,-16,-140,False,51.281,52.75,50.531
72.80695414543152,0.06562066078186035,0,249806,-16,-140,False,51.281,52.75,50.531
72.86902475357056,0.062070608139038086,0,249806,-16,-140,False,51.281,52.75,50.531
72.95680785179138,0.0877830982208252,0,249873,-16,-140,False,51.281,52.75,50.531
73.02199864387512,0.06519079208374023,0,249937,-16,-140,False,51.281,52.75,50.531
73.08701014518738,0.06501150131225586,0,249937,-16,-140,False,51.281,52.75,50.531
73.16419649124146,0.07718634605407715,0,250010,-16,-140,False,51.281,52.75,50.531
73.24920892715454,0.08501243591308594,0,250078,-16,-140,False,51.281,52.75,50.531
73.31794500350952,0.06873607635498047,0,250141,-16,-140,False,51.281,52.75,50.531
73.38623428344727,0.06828927993774414,0,250141,-16,-140,False,51.281,52.75,50.531
73.45092964172363,0.06469535827636719,0,250197,-16,-140,False,51.281,52.75,50.531
73.51279878616333,0.061869144439697266,0,250258,-16,-140,False,51.281,52.75,50.531
73.57466435432434,0.06186556816101074,0,250258,-16,-140,False,51.281,52.75,50.531
73.63590097427368,0.06123661994934082,0,250324,-16,-140,False,51.281,52.75,50.531
73.70513653755188,0.06923556327819824,0,250391,-16,-140,False,51.281,52.75,50.531
73.76667404174805,0.06153750419616699,0,250391,-16,-140,False,51.281,52.75,50.531
73.82784748077393,0.061173439025878906,0,250452,-16,-140,False,51.281,52.75,50.531
73.90165495872498,0.0738074779510498,0,250512,-16,-140,False,51.281,52.75,50.531
73.98643016815186,0.08477520942687988,0,250512,-16,-140,False,51.281,52.75,50.531
74.05247068405151,0.0660405158996582,0,250572,-16,-140,False,51.093,52.437,50.531
74.14331412315369,0.09084343910217285,0,250629,-16,-140,False,51.093,52.437,50.531
74.23370885848999,0.09039473533630371,0,250683,-16,-140,False,51.093,52.437,50.531
74.30682134628296,0.07311248779296875,0,250737,-16,-140,False,51.093,52.437,50.531
74.3933002948761,0.08647894859313965,0,250790,-16,-140,False,51.093,52.437,50.531
74.47936248779297,0.08606219291687012,0,250790,-16,-140,False,51.093,52.437,50.531
74.54720139503479,0.06783890724182129,0,250842,-16,-140,False,51.093,52.437,50.531
74.60945701599121,0.0622556209564209,0,250893,-16,-140,False,51.093,52.437,50.531
74.68484878540039,0.07539176940917969,0,250893,-16,-140,False,51.093,52.437,50.531
74.74610114097595,0.06125235557556152,0,250944,-16,-140,False,51.093,52.437,50.531
74.8075180053711,0.0614168643951416,0,250997,-16,-140,False,51.093,52.437,50.531
74.86993503570557,0.062417030334472656,0,251051,-16,-140,False,51.093,52.437,50.531
74.94962167739868,0.07968664169311523,0,251051,-16,-140,False,51.093,52.437,50.531
75.0119047164917,0.06228303909301758,0,251106,-16,-140,False,51.093,52.437,50.531
75.07331156730652,0.061406850814819336,0,251160,-16,-140,False,51.093,52.437,50.531
75.16049194335938,0.08718037605285645,0,251160,-16,-140,False,51.093,52.437,50.531
75.22801971435547,0.06752777099609375,0,251211,-16,-140,False,51.093,52.437,50.531
75.29068374633789,0.06266403198242188,0,251266,-16,-140,False,51.093,52.437,50.531
75.35484194755554,0.06415820121765137,0,251266,-16,-140,False,51.093,52.437,50.531
75.42355608940125,0.06871414184570312,0,251321,-16,-140,False,51.093,52.437,50.531
75.48729109764099,0.0637350082397461,0,251375,-16,-140,False,51.093,52.437,50.531
75.54793214797974,0.06064105033874512,0,251375,-16,-140,False,51.093,52.437,50.531
75.60883641242981,0.06090426445007324,0,251430,-16,-140,False,51.093,52.437,50.531
75.67734003067017,0.06850361824035645,0,251430,-16,-140,False,51.093,52.437,50.531
75.738285779953,0.060945749282836914,0,251481,-16,-140,False,51.093,52.437,50.531
75.79920315742493,0.06091737747192383,0,251530,-16,-140,False,51.093,52.437,50.531
75.86199116706848,0.06278800964355469,0,251579,-16,-140,False,51.093,52.437,50.531
75.94351196289062,0.08152079582214355,0,251579,-16,-140,False,51.093,52.437,50.531
76.00581932067871,0.06230735778808594,0,251630,-16,-140,False,51.093,52.437,50.531
76.06763958930969,0.061820268630981445,0,251683,-16,-140,False,51.375,52.687,50.656
76.15614199638367,0.08850240707397461,0,251683,-16,-140,False,51.375,52.687,50.656
76.22578001022339,0.06963801383972168,0,251737,-16,-140,False,51.375,52.687,50.656
76.28736734390259,0.06158733367919922,0,251790,-16,-140,False,51.375,52.687,50.656
76.34963870048523,0.0622713565826416,0,251790,-16,-140,False,51.375,52.687,50.656
76.41667938232422,0.06704068183898926,0,251840,-16,-140,False,51.375,52.687,50.656
76.47824788093567,0.061568498611450195,0,251887,-16,-140,False,51.375,52.687,50.656
76.54022264480591,0.06197476387023926,0,251887,-16,-140,False,51.375,52.687,50.656
76.62614679336548,0.08592414855957031,0,251935,-16,-140,False,51.375,52.687,50.656
76.71242785453796,0.08628106117248535,0,251984,-16,-140,False,51.375,52.687,50.656
76.78017783164978,0.0677499771118164,0,252035,-16,-140,False,51.375,52.687,50.656
76.8429102897644,0.06273245811462402,0,252035,-16,-140,False,51.375,52.687,50.656
76.91353297233582,0.07062268257141113,0,252086,-16,-140,False,51.375,52.687,50.656
76.97734546661377,0.0638124942779541,0,252136,-16,-140,False,51.375,52.687,50.656
77.03889846801758,0.061553001403808594,0,252136,-16,-140,False,51.375,52.687,50.656
77.09901261329651,0.060114145278930664,0,252185,-16,-140,False,51.375,52.687,50.656
77.18321633338928,0.08420372009277344,0,252238,-16,-140,False,51.375,52.687,50.656
77.24804282188416,0.06482648849487305,0,252238,-16,-140,False,51.375,52.687,50.656
77.30883288383484,0.060790061950683594,0,252290,-16,-140,False,51.375,52.687,50.656
77.38803100585938,0.07919812202453613,0,252341,-16,-140,False,51.375,52.687,50.656
77.46685743331909,0.0788264274597168,0,252389,-16,-140,False,51.375,52.687,50.656
77.53523755073547,0.06838011741638184,0,252389,-16,-140,False,51.375,52.687,50.656
77.597975730896,0.06273818016052246,0,252437,-16,-140,False,51.375,52.687,50.656
77.68188261985779,0.08390688896179199,0,252482,-16,-140,False,51.375,52.687,50.656
77.74777722358704,0.06589460372924805,0,252482,-16,-140,False,51.375,52.687,50.656
77.80885767936707,0.0610804557800293,0,252525,-16,-140,False,51.375,52.687,50.656
77.88712096214294,0.0782632827758789,0,252570,-16,-140,False,51.375,52.687,50.656
77.96793174743652,0.0808107852935791,0,252617,-16,-140,False,51.375,52.687,50.656
78.03572702407837,0.0677952766418457,0,252617,-16,-140,False,51.375,52.687,50.656
78.09690952301025,0.061182498931884766,0,252667,-16,-140,False,51.125,52.5,50.5
78.1819908618927,0.08508133888244629,0,252716,-16,-140,False,51.125,52.5,50.5
78.25171446800232,0.06972360610961914,0,252716,-16,-140,False,51.125,52.5,50.5
78.31320190429688,0.061487436294555664,0,252759,-16,-140,False,51.125,52.5,50.5
78.39001607894897,0.07681417465209961,0,252807,-16,-140,False,51.125,52.5,50.5
78.47129940986633,0.0812833309173584,0,252855,-16,-140,False,51.125,52.5,50.5
78.54504203796387,0.07374262809753418,0,252855,-16,-140,False,51.125,52.5,50.5
78.60756754875183,0.06252551078796387,0,252907,-16,-140,False,51.125,52.5,50.5
78.69806909561157,0.09050154685974121,0,252963,-16,-140,False,51.125,52.5,50.5
78.76359152793884,0.06552243232727051,0,253018,-16,-140,False,51.125,52.5,50.5
78.82756233215332,0.06397080421447754,0,253018,-16,-140,False,51.125,52.5,50.5
78.90257859230042,0.07501626014709473,0,253073,-16,-140,False,51.125,52.5,50.5
78.9844856262207,0.08190703392028809,0,253128,-16,-140,False,51.125,52.5,50.5
79.05149292945862,0.06700730323791504,0,253128,-16,-140,False,51.125,52.5,50.5
79.11497974395752,0.06348681449890137,0,253183,-16,-140,False,51.125,52.5,50.5
79.18956518173218,0.0745854377746582,0,253236,-16,-140,False,51.125,52.5,50.5
79.25524044036865,0.06567525863647461,0,253236,-16,-140,False,51.125,52.5,50.5
79.31846523284912,0.06322479248046875,0,253287,-16,-140,False,51.125,52.5,50.5
79.3788709640503,0.060405731201171875,0,253339,-16,-140,False,51.125,52.5,50.5
79.46196055412292,0.08308959007263184,0,253394,-16,-140,False,51.125,52.5,50.5
79.53315305709839,0.07119250297546387,0,253394,-16,-140,False,51.125,52.5,50.5
79.59355092048645,0.06039786338806152,0,253447,-16,-140,False,51.125,52.5,50.5
79.66348838806152,0.06993746757507324,0,253498,-16,-140,False,51.125,52.5,50.5
79.73934864997864,0.07586026191711426,0,253498,-16,-140,False,51.125,52.5,50.5
79.80004382133484,0.06069517135620117,0,253545,-16,-140,False,51.125,52.5,50.5
79.86044502258301,0.060401201248168945,0,253590,-16,-140,False,51.125,52.5,50.5
79.93261241912842,0.07216739654541016,0,253590,-16,-140,False,51.125,52.5,50.5
79.99554705619812,0.06293463706970215,0,253641,-16,-140,False,51.125,52.5,50.5
80.05587148666382,0.06032443046569824,0,253695,-16,-140,False,51.125,52.5,50.5
80.11728429794312,0.061412811279296875,0,253743,-16,-140,False,51.406,52.437,50.562
80.20942783355713,0.09214353561401367,0,253743,-16,-140,False,51.406,52.437,50.562
80.27410435676575,0.06467652320861816,0,253790,-16,-140,False,51.406,52.437,50.562
80.33566975593567,0.061565399169921875,0,253837,-16,-140,False,51.406,52.437,50.562
80.40968608856201,0.07401633262634277,0,253837,-16,-140,False,51.406,52.437,50.562
80.49012637138367,0.08044028282165527,0,253884,-16,-140,False,51.406,52.437,50.562
80.55231642723083,0.06219005584716797,0,253931,-16,-140,False,51.406,52.437,50.562
80.61646676063538,0.06415033340454102,0,253931,-16,-140,False,51.406,52.437,50.562
80.6876323223114,0.07116556167602539,0,253980,-16,-140,False,51.406,52.437,50.562
80.7484540939331,0.0608217716217041,0,254026,-16,-140,False,51.406,52.437,50.562
80.8112895488739,0.0628354549407959,0,254026,-16,-140,False,51.406,52.437,50.562
80.87182450294495,0.06053495407104492,0,254070,-16,-140,False,51.406,52.437,50.562
80.95485520362854,0.08303070068359375,0,254114,-16,-140,False,51.406,52.437,50.562
81.0288097858429,0.07395458221435547,0,254114,-16,-140,False,51.406,52.437,50.562
81.09476256370544,0.06595277786254883,0,254158,-16,-140,False,51.406,52.437,50.562
81.16242575645447,0.06766319274902344,0,254201,-16,-140,False,51.406,52.437,50.562
81.23582935333252,0.07340359687805176,0,254245,-16,-140,False,51.406,52.437,50.562
81.29990792274475,0.06407856941223145,0,254245,-16,-140,False,51.406,52.437,50.562
81.36108207702637,0.06117415428161621,0,254292,-16,-140,False,51.406,52.437,50.562
81.43542861938477,0.07434654235839844,0,254338,-16,-140,False,51.406,52.437,50.562
81.50252676010132,0.06709814071655273,0,254338,-16,-140,False,51.406,52.437,50.562
81.56346940994263,0.060942649841308594,0,254380,-16,-140,False,51.406,52.437,50.562
81.6264295578003,0.06296014785766602,0,254421,-16,-140,False,51.406,52.437,50.562
81.70331144332886,0.07688188552856445,0,254421,-16,-140,False,51.406,52.437,50.562
81.76462626457214,0.06131482124328613,0,254465,-16,-140,False,51.406,52.437,50.562
81.82540273666382,0.060776472091674805,0,254510,-16,-140,False,51.406,52.437,50.562
81.91113662719727,0.08573389053344727,0,254510,-16,-140,False,51.406,52.437,50.562
81.98976469039917,0.0786280632019043,0,254555,-16,-140,False,51.406,52.437,50.562
82.05884861946106,0.06908392906188965,0,254599,-16,-140,False,51.406,52.437,50.562
82.12076044082642,0.061911821365356445,0,254642,-16,-140,False,51.187,52.531,50.531
82.19207310676575,0.07131266593933105,0,254642,-16,-140,False,51.187,52.531,50.531
82.25288653373718,0.06081342697143555,0,254686,-16,-140,False,51.187,52.531,50.531
82.31399488449097,0.06110835075378418,0,254727,-16,-140,False,51.187,52.531,50.531
82.39665031433105,0.08265542984008789,0,254727,-16,-140,False,51.187,52.531,50.531
82.4799337387085,0.0832834243774414,0,254767,-16,-140,False,51.187,52.531,50.531
82.54697680473328,0.06704306602478027,0,254807,-16,-140,False,51.187,52.531,50.531
82.60885977745056,0.061882972717285156,0,254846,-16,-140,False,51.187,52.531,50.531
82.69667410850525,0.0878143310546875,0,254846,-16,-140,False,51.187,52.531,50.531
82.76231741905212,0.065643310546875,0,254884,-16,-140,False,51.187,52.531,50.531
82.82370018959045,0.06138277053833008,0,254925,-16,-140,False,51.187,52.531,50.531
82.90234303474426,0.0786428451538086,0,254971,-16,-140,False,51.187,52.531,50.531
82.98285555839539,0.08051252365112305,0,254971,-16,-140,False,51.187,52.531,50.531
83.04634928703308,0.06349372863769531,0,255013,-16,-140,False,51.187,52.531,50.531
83.10793948173523,0.06159019470214844,0,255052,-16,-140,False,51.187,52.531,50.531
83.188809633255,0.08087015151977539,0,255052,-16,-140,False,51.187,52.531,50.531
83.25216579437256,0.06335616111755371,0,255094,-16,-140,False,51.187,52.531,50.531
83.31333017349243,0.06116437911987305,0,255094,-16,-140,False,51.187,52.531,50.531
83.37496781349182,0.06163763999938965,0,255139,-16,-140,False,51.187,52.531,50.531
83.45218133926392,0.07721352577209473,0,255186,-16,-140,False,51.187,52.531,50.531
83.51414370536804,0.06196236610412598,0,255235,-16,-140,False,51.187,52.531,50.531
83.58121585845947,0.06707215309143066,0,255235,-16,-140,False,51.187,52.531,50.531
83.65626120567322,0.07504534721374512,0,255283,-16,-140,False,51.187,52.531,50.531
83.73299169540405,0.07673048973083496,0,255330,-16,-140,False,51.187,52.531,50.531
83.79702186584473,0.06403017044067383,0,255330,-16,-140,False,51.187,52.531,50.531
83.85894346237183,0.06192159652709961,0,255380,-16,-140,False,51.187,52.531,50.531
83.92979526519775,0.07085180282592773,0,255428,-16,-140,False,51.187,52.531,50.531
83.99255776405334,0.06276249885559082,0,255428,-16,-140,False,51.187,52.531,50.531
84.05563712120056,0.0630793571472168,0,255475,-16,-140,False,51.187,52.531,50.531
84.11726379394531,0.06162667274475098,0,255525,-16,-140,False,51.187,52.531,50.531
84.2050518989563,0.08778810501098633,0,255571,-16,-140,False,51.437,52.593,50.656
84.27701592445374,0.07196402549743652,0,255571,-16,-140,False,51.437,52.593,50.656
84.33866620063782,0.06165027618408203,0,255615,-16,-140,False,51.437,52.593,50.656
84.42052030563354,0.08185410499572754,0,255663,-16,-140,False,51.437,52.593,50.656
84.49287748336792,0.072357177734375,0,255663,-16,-140,False,51.437,52.593,50.656
84.55635499954224,0.0634775161743164,0,255712,-16,-140,False,51.437,52.593,50.656
84.63776469230652,0.08140969276428223,0,255764,-16,-140,False,51.437,52.593,50.656
84.71723532676697,0.07947063446044922,0,255815,-16,-140,False,51.437,52.593,50.656
84.78007864952087,0.06284332275390625,0,255815,-16,-140,False,51.437,52.593,50.656
84.84566974639893,0.06559109687805176,0,255859,-16,-140,False,51.437,52.593,50.656
84.91848492622375,0.0728151798248291,0,255900,-16,-140,False,51.437,52.593,50.656
84.98654913902283,0.06806421279907227,0,255900,-16,-140,False,51.437,52.593,50.656
85.0506763458252,0.06412720680236816,0,255941,-16,-140,False,51.437,52.593,50.656
85.11314749717712,0.06247115135192871,0,255982,-16,-140,False,51.437,52.593,50.656
85.1912248134613,0.07807731628417969,0,255982,-16,-140,False,51.437,52.593,50.656
85.25623345375061,0.06500864028930664,0,256027,-16,-140,False,51.437,52.593,50.656
85.3174512386322,0.0612177848815918,0,256071,-16,-140,False,51.437,52.593,50.656
85.39295792579651,0.07550668716430664,0,256117,-16,-140,False,51.437,52.593,50.656
85.47361707687378,0.08065915107727051,0,256117,-16,-140,False,51.437,52.593,50.656
85.53772902488708,0.06411194801330566,0,256160,-16,-140,False,51.437,52.593,50.656
85.59930872917175,0.06157970428466797,0,256201,-16,-140,False,51.437,52.593,50.656
85.67393088340759,0.07462215423583984,0,256201,-16,-140,False,51.437,52.593,50.656
85.73994898796082,0.06601810455322266,0,256241,-16,-140,False,51.437,52.593,50.656
85.8014326095581,0.06148362159729004,0,256280,-16,-140,False,51.437,52.593,50.656
85.86331272125244,0.06188011169433594,0,256280,-16,-140,False,51.437,52.593,50.656
85.946444272995,0.08313155174255371,0,256321,-16,-140,False,51.437,52.593,50.656
86.008469581604,0.06202530860900879,0,256364,-16,-140,False,51.437,52.593,50.656
86.07046103477478,0.06199145317077637,0,256364,-16,-140,False,51.437,52.593,50.656
86.15254592895508,0.08208489418029785,0,256406,-16,-140,False,51.437,52.593,50.656
86.23551058769226,0.08296465873718262,0,256446,-16,-140,False,51.218,52.687,50.718
86.30699133872986,0.07148075103759766,0,256485,-16,-140,False,51.218,52.687,50.718
86.37003636360168,0.06304502487182617,0,256485,-16,-140,False,51.218,52.687,50.718
86.4436845779419,0.07364821434020996,0,256524,-16,-140,False,51.218,52.687,50.718
86.50463104248047,0.06094646453857422,0,256560,-16,-140,False,51.218,52.687,50.718
86.56689953804016,0.06226849555969238,0,256560,-16,-140,False,51.218,52.687,50.718
86.62801837921143,0.06111884117126465,0,256594,-16,-140,False,51.218,52.687,50.718
86.69186615943909,0.06384778022766113,0,256629,-16,-140,False,51.218,52.687,50.718
86.75449633598328,0.06263017654418945,0,256629,-16,-140,False,51.218,52.687,50.718
86.81780886650085,0.06331253051757812,0,256669,-16,-140,False,51.218,52.687,50.718
86.89812517166138,0.08031630516052246,0,256712,-16,-140,False,51.218,52.687,50.718
86.98430347442627,0.08617830276489258,0,256755,-16,-140,False,51.218,52.687,50.718
87.05217003822327,0.06786656379699707,0,256755,-16,-140,False,51.218,52.687,50.718
87.11558532714844,0.0634152889251709,0,256797,-16,-140,False,51.218,52.687,50.718
87.20499014854431,0.08940482139587402,0,256839,-16,-140,False,51.218,52.687,50.718
87.27262353897095,0.06763339042663574,0,256878,-16,-140,False,51.218,52.687,50.718
87.34562134742737,0.0729978084564209,0,256878,-16,-140,False,51.218,52.687,50.718
87.42209100723267,0.07646965980529785,0,256921,-16,-140,False,51.218,52.687,50.718
87.48644971847534,0.06435871124267578,0,256963,-16,-140,False,51.218,52.687,50.718
87.54857969284058,0.062129974365234375,0,256963,-16,-140,False,51.218,52.687,50.718
87.6107006072998,0.062120914459228516,0,257006,-16,-140,False,51.218,52.687,50.718
87.70097184181213,0.0902712345123291,0,257053,-16,-140,False,51.218,52.687,50.718
87.76668405532837,0.06571221351623535,0,257053,-16,-140,False,51.218,52.687,50.718
87.83158135414124,0.06489729881286621,0,257105,-16,-140,False,51.218,52.687,50.718
87.90670371055603,0.07512235641479492,0,257157,-16,-140,False,51.218,52.687,50.718
87.96820783615112,0.06150412559509277,0,257157,-16,-140,False,51.218,52.687,50.718
88.03076529502869,0.06255745887756348,0,257208,-16,-140,False,51.218,52.687,50.718
88.10546541213989,0.07470011711120605,0,257259,-16,-140,False,51.218,52.687,50.718
88.169273853302,0.06380844116210938,0,257259,-16,-140,False,51.218,52.687,50.718
88.23096203804016,0.06168818473815918,0,257312,-16,-140,False,51.218,52.687,50.718
88.29376769065857,0.0628056526184082,0,257367,-16,-140,False,51.281,53.031,50.656
88.38216662406921,0.08839893341064453,0,257422,-16,-140,False,51.281,53.031,50.656
88.44443345069885,0.06226682662963867,0,257422,-16,-140,False,51.281,53.031,50.656
88.50668096542358,0.062247514724731445,0,257476,-16,-140,False,51.281,53.031,50.656
88.59128713607788,0.08460617065429688,0,257528,-16,-140,False,51.281,53.031,50.656
88.65790963172913,0.06662249565124512,0,257528,-16,-140,False,51.281,53.031,50.656
88.7220938205719,0.06418418884277344,0,257581,-16,-140,False,51.281,53.031,50.656
88.79571080207825,0.07361698150634766,0,257636,-16,-140,False,51.281,53.031,50.656
88.85771489143372,0.06200408935546875,0,257636,-16,-140,False,51.281,53.031,50.656
88.91964983940125,0.0619349479675293,0,257699,-16,-140,False,51.281,53.031,50.656
88.98184108734131,0.06219124794006348,0,257763,-16,-140,False,51.281,53.031,50.656
89.06500339508057,0.08316230773925781,0,257824,-16,-140,False,51.281,53.031,50.656
89.13159346580505,0.0665900707244873,0,257824,-16,-140,False,51.281,53.031,50.656
89.19595289230347,0.06435942649841309,0,257870,-16,-140,False,51.281,53.031,50.656
89.27856421470642,0.0826113224029541,0,257910,-16,-140,False,51.281,53.031,50.656
89.34436964988708,0.06580543518066406,0,257910,-16,-140,False,51.281,53.031,50.656
89.40881872177124,0.06444907188415527,0,257947,-16,-140,False,51.281,53.031,50.656
89.49556922912598,0.08675050735473633,0,257981,-16,-140,False,51.281,53.031,50.656
89.56557822227478,0.07000899314880371,0,258017,-16,-140,False,51.281,53.031,50.656
89.62830877304077,0.06273055076599121,0,258017,-16,-140,False,51.281,53.031,50.656
89.68968868255615,0.06137990951538086,0,258048,-16,-140,False,51.281,53.031,50.656
89.7601990699768,0.0705103874206543,0,258075,-16,-140,False,51.281,53.031,50.656
89.82409882545471,0.06389975547790527,0,258075,-16,-140,False,51.281,53.031,50.656
89.88514375686646,0.061044931411743164,0,258100,-16,-140,False,51.281,53.031,50.656
89.94602155685425,0.06087779998779297,0,258100,-16,-140,False,51.281,53.031,50.656
90.01345181465149,0.06743025779724121,0,258127,-16,-140,False,51.281,53.031,50.656
90.0753448009491,0.06189298629760742,0,258152,-16,-140,False,51.281,53.031,50.656
90.1390392780304,0.06369447708129883,0,258152,-16,-140,False,51.281,53.031,50.656
90.21991610527039,0.08087682723999023,0,258176,-16,-140,False,51.281,53.031,50.656
90.30081272125244,0.08089661598205566,0,258200,-16,-140,False,51.187,52.656,50.812
90.37298464775085,0.07217192649841309,0,258223,-16,-140,False,51.187,52.656,50.812
90.43865060806274,0.06566596031188965,0,258223,-16,-140,False,51.187,52.656,50.812
90.50928473472595,0.07063412666320801,0,258248,-16,-139,False,51.187,52.656,50.812
90.57254838943481,0.0632636547088623,0,258270,-16,-139,False,51.187,52.656,50.812
90.63503670692444,0.06248831748962402,0,258270,-16,-139,False,51.187,52.656,50.812
90.69588494300842,0.060848236083984375,0,258293,-16,-139,False,51.187,52.656,50.812
90.75956845283508,0.06368350982666016,0,258315,-16,-139,False,51.187,52.656,50.812
90.82067680358887,0.06110835075378418,0,258315,-16,-139,False,51.187,52.656,50.812
90.8888521194458,0.0681753158569336,0,258338,-16,-138,False,51.187,52.656,50.812
90.9639663696289,0.07511425018310547,0,258362,-16,-137,False,51.187,52.656,50.812
91.03644442558289,0.07247805595397949,0,258362,-16,-137,False,51.187,52.656,50.812
91.0978684425354,0.06142401695251465,0,258384,-16,-137,False,51.187,52.656,50.812
91.16435027122498,0.0664818286895752,0,258404,-16,-137,False,51.187,52.656,50.812
91.24438905715942,0.08003878593444824,0,258404,-16,-137,False,51.187,52.656,50.812
91.30728054046631,0.06289148330688477,0,258422,-16,-137,False,51.187,52.656,50.812
91.3688313961029,0.06155085563659668,0,258440,-16,-137,False,51.187,52.656,50.812
91.43567228317261,0.06684088706970215,0,258457,-16,-137,False,51.187,52.656,50.812
91.51388049125671,0.07820820808410645,0,258457,-16,-137,False,51.187,52.656,50.812
91.57794570922852,0.06406521797180176,0,258472,-16,-137,False,51.187,52.656,50.812
91.64167952537537,0.06373381614685059,0,258489,-16,-136,False,51.187,52.656,50.812
91.74054193496704,0.0988624095916748,0,258505,-16,-136,False,51.187,52.656,50.812
91.81173181533813,0.07118988037109375,0,258505,-16,-136,False,51.187,52.656,50.812
91.8755087852478,0.06377696990966797,0,258520,-16,-136,False,51.187,52.656,50.812
91.93783688545227,0.06232810020446777,0,258520,-16,-136,False,51.187,52.656,50.812
92.00340676307678,0.06556987762451172,0,258535,-16,-136,False,51.187,52.656,50.812
92.06606078147888,0.06265401840209961,0,258549,-16,-136,False,51.187,52.656,50.812
92.12808156013489,0.06202077865600586,0,258560,-16,-136,False,51.187,52.656,50.812
92.20942401885986,0.08134245872497559,0,258560,-16,-136,False,51.187,52.656,50.812
92.29177021980286,0.08234620094299316,0,258571,-16,-136,False,51.187,52.656,50.812
92.36035442352295,0.06858420372009277,0,258581,-16,-136,False,51.468,52.531,50.656
92.43087601661682,0.07052159309387207,0,258581,-16,-136,False,51.468,52.531,50.656
92.4985773563385,0.06770133972167969,0,258590,-16,-136,False,51.468,52.531,50.656
92.56267857551575,0.0641012191772461,0,258600,-16,-136,False,51.468,52.531,50.656
92.62470626831055,0.062027692794799805,0,258608,-16,-136,False,51.468,52.531,50.656
92.70332908630371,0.07862281799316406,0,258608,-16,-136,False,51.468,52.531,50.656
92.78560972213745,0.08228063583374023,0,258615,-16,-136,False,51.468,52.531,50.656
92.8514678478241,0.06585812568664551,0,258623,-16,-136,False,51.468,52.531,50.656
92.91432523727417,0.06285738945007324,0,258629,-16,-136,False,51.468,52.531,50.656
93.00487279891968,0.09054756164550781,0,258629,-16,-136,False,51.468,52.531,50.656
93.069739818573,0.06486701965332031,0,258635,-16,-136,False,51.468,52.531,50.656
93.13563966751099,0.06589984893798828,0,258640,-16,-136,False,51.468,52.531,50.656
93.20312523841858,0.06748557090759277,0,258640,-16,-136,False,51.468,52.531,50.656
93.28597021102905,0.08284497261047363,0,258645,-16,-136,False,51.468,52.531,50.656
93.35340976715088,0.06743955612182617,0,258650,-15,-136,False,51.468,52.531,50.656
93.41550374031067,0.06209397315979004,0,258653,-15,-136,False,51.468,52.531,50.656
93.49948024749756,0.08397650718688965,0,258653,-15,-136,False,51.468,52.531,50.656
93.56240582466125,0.06292557716369629,0,258657,-15,-136,False,51.468,52.531,50.656
93.62445664405823,0.062050819396972656,0,258661,-15,-136,False,51.468,52.531,50.656
93.70363330841064,0.07917666435241699,0,258661,-15,-136,False,51.468,52.531,50.656
93.78929829597473,0.08566498756408691,0,258665,-15,-136,False,51.468,52.531,50.656
93.85908937454224,0.06979107856750488,0,258669,-15,-136,False,51.468,52.531,50.656
93.92586994171143,0.06678056716918945,0,258672,-15,-136,False,51.468,52.531,50.656
94.00259470939636,0.07672476768493652,0,258672,-15,-136,False,51.468,52.531,50.656
94.06519794464111,0.06260323524475098,0,258675,-15,-136,False,51.468,52.531,50.656
94.12906956672668,0.06387162208557129,0,258678,-15,-136,False,51.468,52.531,50.656
94.20699071884155,0.07792115211486816,0,258682,-15,-136,False,51.468,52.531,50.656
94.29049158096313,0.08350086212158203,0,258682,-15,-136,False,51.468,52.531,50.656
94.35630631446838,0.06581473350524902,0,258684,-15,-136,False,51.468,52.531,50.656
94.41971111297607,0.06340479850769043,0,258687,-15,-136,False,51.406,52.687,50.593
94.50083208084106,0.08112096786499023,0,258687,-15,-136,False,51.406,52.687,50.593
94.56784749031067,0.06701540946960449,0,258690,-15,-136,False,51.406,52.687,50.593
94.63258171081543,0.06473422050476074,0,258692,-15,-136,False,51.406,52.687,50.593
94.69491600990295,0.062334299087524414,0,258692,-15,-136,False,51.406,52.687,50.593
94.77367568016052,0.07875967025756836,0,258694,-15,-136,False,51.406,52.687,50.593
94.83822393417358,0.06454825401306152,0,258696,-15,-136,False,51.406,52.687,50.593
94.90310454368591,0.0648806095123291,0,258696,-15,-136,False,51.406,52.687,50.593
94.97538208961487,0.07227754592895508,0,258698,-15,-136,False,51.406,52.687,50.593
95.05836892127991,0.08298683166503906,0,258699,-15,-136,False,51.406,52.687,50.593
95.12919807434082,0.07082915306091309,0,258700,-15,-136,False,51.406,52.687,50.593
95.19208312034607,0.06288504600524902,0,258700,-15,-136,False,51.406,52.687,50.593
95.27111768722534,0.07903456687927246,0,258701,-15,-136,False,51.406,52.687,50.593
95.33364987373352,0.06253218650817871,0,258702,-15,-136,False,51.406,52.687,50.593
95.39664602279663,0.06299614906311035,0,258702,-15,-136,False,51.406,52.687,50.593
95.47518610954285,0.07854008674621582,0,258702,-15,-136,False,51.406,52.687,50.593
95.55916428565979,0.08397817611694336,0,258702,-15,-136,False,51.406,52.687,50.593
95.63031840324402,0.07115411758422852,0,258702,-15,-136,False,51.406,52.687,50.593
95.70047354698181,0.07015514373779297,0,258702,-15,-136,False,51.406,52.687,50.593
95.7723331451416,0.07185959815979004,0,258702,-15,-136,False,51.406,52.687,50.593
95.8353385925293,0.06300544738769531,0,258702,-15,-136,False,51.406,52.687,50.593
95.89830589294434,0.06296730041503906,0,258702,-15,-136,False,51.406,52.687,50.593
95.97654628753662,0.07824039459228516,0,258702,-15,-136,False,51.406,52.687,50.593
96.05317807197571,0.07663178443908691,0,258701,-15,-136,False,51.406,52.687,50.593
96.12255215644836,0.06937408447265625,0,258701,-15,-136,False,51.406,52.687,50.593
96.18464970588684,0.06209754943847656,0,258701,-15,-136,False,51.406,52.687,50.593
96.26106762886047,0.07641792297363281,0,258701,-15,-136,False,51.406,52.687,50.593
96.3278923034668,0.06682467460632324,0,258701,-15,-136,False,51.406,52.687,50.593
96.39442706108093,0.06653475761413574,0,258701,-15,-136,False,51.406,52.687,50.593
96.4565839767456,0.06215691566467285,0,258701,-15,-136,False,51.437,52.687,50.75
96.53620052337646,0.07961654663085938,0,258701,-15,-136,False,51.437,52.687,50.75
96.59834504127502,0.06214451789855957,0,258701,-15,-136,False,51.437,52.687,50.75
96.66037011146545,0.06202507019042969,0,258701,-15,-136,False,51.437,52.687,50.75
96.74124455451965,0.08087444305419922,0,258700,-15,-136,False,51.437,52.687,50.75
96.82248497009277,0.08124041557312012,0,258700,-15,-136,False,51.437,52.687,50.75
96.88890767097473,0.06642270088195801,0,258700,-15,-136,False,51.437,52.687,50.75
96.9509654045105,0.0620577335357666,0,258700,-15,-136,False,51.437,52.687,50.75
97.04073309898376,0.0897676944732666,0,258700,-15,-136,False,51.437,52.687,50.75
97.10792803764343,0.06719493865966797,0,258700,-15,-136,False,51.437,52.687,50.75
97.17002415657043,0.06209611892700195,0,258700,-15,-136,False,51.437,52.687,50.75
97.24426460266113,0.07424044609069824,0,258700,-15,-136,False,51.437,52.687,50.75
97.3206717967987,0.07640719413757324,0,258700,-15,-136,False,51.437,52.687,50.75
97.3849675655365,0.06429576873779297,0,258700,-15,-136,False,51.437,52.687,50.75
97.44934678077698,0.06437921524047852,0,258700,-15,-136,False,51.437,52.687,50.75
97.52956318855286,0.0802164077758789,0,258700,-15,-136,False,51.437,52.687,50.75
97.59965491294861,0.07009172439575195,0,258700,-15,-136,False,51.437,52.687,50.75
97.66195750236511,0.062302589416503906,0,258700,-15,-136,False,51.437,52.687,50.75
97.72394919395447,0.06199169158935547,0,258700,-15,-136,False,51.437,52.687,50.75
97.80624771118164,0.08229851722717285,0,258700,-15,-136,False,51.437,52.687,50.75
97.87207674980164,0.06582903861999512,0,258700,-15,-136,False,51.437,52.687,50.75
97.93396925926208,0.06189250946044922,0,258700,-15,-136,False,51.437,52.687,50.75
98.00963282585144,0.07566356658935547,0,258700,-15,-136,False,51.437,52.687,50.75
98.09764099121094,0.08800816535949707,0,258700,-15,-136,False,51.437,52.687,50.75
98.1630449295044,0.06540393829345703,0,258700,-15,-136,False,51.437,52.687,50.75
98.22499966621399,0.06195473670959473,0,258700,-15,-136,False,51.437,52.687,50.75
98.3193895816803,0.0943899154663086,0,258700,-15,-136,False,51.437,52.687,50.75
98.39093136787415,0.07154178619384766,0,258700,-15,-136,False,51.437,52.687,50.75
98.45366358757019,0.06273221969604492,0,258700,-15,-136,False,51.437,52.687,50.75
98.52060174942017,0.06693816184997559,0,258700,-15,-136,False,51.5,52.562,50.687
98.60430860519409,0.08370685577392578,0,258700,-15,-136,False,51.5,52.562,50.687
98.67098903656006,0.0666804313659668,0,258700,-15,-136,False,51.5,52.562,50.687
98.73287296295166,0.06188392639160156,0,258700,-15,-136,False,51.5,52.562,50.687
98.81818151473999,0.08530855178833008,0,258700,-15,-136,False,51.5,52.562,50.687
98.8844382762909,0.06625676155090332,0,258700,-15,-136,False,51.5,52.562,50.687
98.95239186286926,0.06795358657836914,0,258700,-15,-136,False,51.5,52.562,50.687
99.05236005783081,0.09996819496154785,0,258700,-15,-136,False,51.5,52.562,50.687
99.12352132797241,0.07116127014160156,0,258700,-15,-136,False,51.5,52.562,50.687
99.18742966651917,0.06390833854675293,0,258700,-15,-136,False,51.5,52.562,50.687
99.26930618286133,0.08187651634216309,0,258700,-15,-136,False,51.5,52.562,50.687
99.36032605171204,0.09101986885070801,0,258700,-15,-136,False,51.5,52.562,50.687
99.43046259880066,0.07013654708862305,0,258700,-15,-136,False,51.5,52.562,50.687
99.49398970603943,0.06352710723876953,0,258700,-15,-136,False,51.5,52.562,50.687
99.57641172409058,0.08242201805114746,0,258700,-15,-136,False,51.5,52.562,50.687
99.63947916030884,0.06306743621826172,0,258700,-15,-136,False,51.5,52.562,50.687
99.70321083068848,0.06373167037963867,0,258700,-15,-136,False,51.5,52.562,50.687
99.77867555618286,0.07546472549438477,0,258700,-15,-136,False,51.5,52.562,50.687
99.87011051177979,0.09143495559692383,0,258700,-15,-136,False,51.5,52.562,50.687
99.9403989315033,0.07028841972351074,0,258700,-15,-136,False,51.5,52.562,50.687
100.00358057022095,0.06318163871765137,0,258700,-15,-136,False,51.5,52.562,50.687
100.08511471748352,0.08153414726257324,0,258700,-15,-136,False,51.5,52.562,50.687
100.15225028991699,0.06713557243347168,0,258700,-15,-136,False,51.5,52.562,50.687
100.21428346633911,0.06203317642211914,0,258700,-15,-136,False,51.5,52.562,50.687
100.29485273361206,0.08056926727294922,0,258700,-15,-136,False,51.5,52.562,50.687
100.37707567214966,0.08222293853759766,0,258700,-15,-136,False,51.5,52.562,50.687
100.45019555091858,0.0731198787689209,0,258700,-15,-136,False,51.5,52.562,50.687
100.51340198516846,0.06320643424987793,0,258700,-15,-136,False,51.5,52.562,50.687
100.59031701087952,0.07691502571105957,0,258700,-15,-136,False,51.25,52.656,50.781
100.66505694389343,0.07473993301391602,0,258700,-15,-136,False,51.25,52.656,50.781
100.72775959968567,0.06270265579223633,0,258700,-15,-136,False,51.25,52.656,50.781
100.79466438293457,0.06690478324890137,0,258700,-15,-136,False,51.25,52.656,50.781
100.8764398097992,0.08177542686462402,0,258700,-15,-136,False,51.25,52.656,50.781
100.94210028648376,0.06566047668457031,0,258700,-15,-136,False,51.25,52.656,50.781
101.00415062904358,0.06205034255981445,0,258700,-15,-136,False,51.25,52.656,50.781
101.08294749259949,0.0787968635559082,0,258700,-15,-136,False,51.25,52.656,50.781
101.15816831588745,0.07522082328796387,0,258700,-15,-136,False,51.25,52.656,50.781
101.22071743011475,0.06254911422729492,0,258700,-15,-136,False,51.25,52.656,50.781
101.28242707252502,0.06170964241027832,0,258700,-15,-136,False,51.25,52.656,50.781
101.36050653457642,0.0780794620513916,0,258700,-15,-136,False,51.25,52.656,50.781
101.42580676078796,0.06530022621154785,0,258700,-15,-136,False,51.25,52.656,50.781
101.48746943473816,0.06166267395019531,0,258700,-15,-136,False,51.25,52.656,50.781
101.57211565971375,0.08464622497558594,0,258700,-15,-136,False,51.25,52.656,50.781
101.65907835960388,0.08696269989013672,0,258700,-15,-136,False,51.25,52.656,50.781
101.73140215873718,0.07232379913330078,0,258700,-15,-136,False,51.25,52.656,50.781
101.79467558860779,0.06327342987060547,0,258700,-15,-136,False,51.25,52.656,50.781
101.87432765960693,0.07965207099914551,0,258700,-15,-136,False,51.25,52.656,50.781
101.94248819351196,0.0681605339050293,0,258700,-15,-136,False,51.25,52.656,50.781
102.00409483909607,0.061606645584106445,0,258700,-15,-136,False,51.25,52.656,50.781
102.0779983997345,0.07390356063842773,0,258700,-15,-136,False,51.25,52.656,50.781
102.16064953804016,0.08265113830566406,0,258700,-15,-136,False,51.25,52.656,50.781
102.22726035118103,0.06661081314086914,0,258700,-15,-136,False,51.25,52.656,50.781
102.2894332408905,0.062172889709472656,0,258700,-15,-136,False,51.25,52.656,50.781
102.3638858795166,0.07445263862609863,0,258700,-15,-136,False,51.25,52.656,50.781
102.43128252029419,0.06739664077758789,0,258700,-15,-136,False,51.25,52.656,50.781
102.49290180206299,0.06161928176879883,0,258700,-15,-136,False,51.25,52.656,50.781
102.55473828315735,0.06183648109436035,0,258700,-15,-136,False,51.25,52.656,50.781
102.63891267776489,0.08417439460754395,0,258700,-15,-136,False,51.343,52.531,50.687
102.71216940879822,0.0732567310333252,0,258700,-15,-136,False,51.343,52.531,50.687
102.77426671981812,0.06209731101989746,0,258700,-15,-136,False,51.343,52.531,50.687
102.85194396972656,0.07767724990844727,0,258700,-15,-136,False,51.343,52.531,50.687
102.93283128738403,0.0808873176574707,0,258700,-15,-136,False,51.343,52.531,50.687
102.99833297729492,0.06550168991088867,0,258700,-15,-136,False,51.343,52.531,50.687
103.06029605865479,0.06196308135986328,0,258700,-15,-136,False,51.343,52.531,50.687
103.15506291389465,0.09476685523986816,0,258700,-15,-136,False,51.343,52.531,50.687
103.22613191604614,0.07106900215148926,0,258700,-15,-136,False,51.343,52.531,50.687
103.28890490531921,0.06277298927307129,0,258700,-15,-136,False,51.343,52.531,50.687
103.36856365203857,0.07965874671936035,0,258700,-15,-136,False,51.343,52.531,50.687
103.44753289222717,0.07896924018859863,0,258700,-15,-136,False,51.343,52.531,50.687
103.51557183265686,0.0680389404296875,0,258700,-15,-136,False,51.343,52.531,50.687
103.57704257965088,0.061470746994018555,0,258700,-15,-136,False,51.343,52.531,50.687
103.65400862693787,0.0769660472869873,0,258700,-15,-136,False,51.343,52.531,50.687
103.72176003456116,0.06775140762329102,0,258700,-15,-136,False,51.343,52.531,50.687
103.78370022773743,0.06194019317626953,0,258700,-15,-136,False,51.343,52.531,50.687
103.84549021720886,0.06178998947143555,0,258700,-15,-136,False,51.343,52.531,50.687
103.92512536048889,0.0796351432800293,0,258700,-15,-136,False,51.343,52.531,50.687
103.98898911476135,0.06386375427246094,0,258700,-15,-136,False,51.343,52.531,50.687
104.05040049552917,0.061411380767822266,0,258700,-15,-136,False,51.343,52.531,50.687
104.11198472976685,0.0615842342376709,0,258700,-15,-136,False,51.343,52.531,50.687
104.17653584480286,0.06455111503601074,0,258700,-15,-136,False,51.343,52.531,50.687
104.23865699768066,0.06212115287780762,0,258700,-15,-136,False,51.343,52.531,50.687
104.30333805084229,0.0646810531616211,0,258700,-15,-136,False,51.343,52.531,50.687
104.38132214546204,0.07798409461975098,0,258701,-15,-136,False,51.343,52.531,50.687
104.46180939674377,0.08048725128173828,0,258701,-15,-136,False,51.343,52.531,50.687
104.52745342254639,0.0656440258026123,0,258701,-15,-136,False,51.343,52.531,50.687
104.58939409255981,0.061940670013427734,0,258701,-15,-136,False,51.343,52.531,50.687
104.67126297950745,0.08186888694763184,0,258702,-15,-136,False,51.406,53.0,50.718
104.74327754974365,0.07201457023620605,0,258702,-15,-137,False,51.406,53.0,50.718
104.80640482902527,0.06312727928161621,0,258702,-15,-137,False,51.406,53.0,50.718
104.86859893798828,0.062194108963012695,0,258702,-15,-136,False,51.406,53.0,50.718
104.94456362724304,0.07596468925476074,0,258702,-15,-137,False,51.406,53.0,50.718
105.00612378120422,0.06156015396118164,0,258702,-15,-137,False,51.406,53.0,50.718
105.06829333305359,0.062169551849365234,0,258702,-15,-136,False,51.406,53.0,50.718
105.12982749938965,0.06153416633605957,0,258702,-15,-136,False,51.406,53.0,50.718
105.20368075370789,0.0738532543182373,0,258702,-15,-136,False,51.406,53.0,50.718
105.26779174804688,0.06411099433898926,0,258703,-15,-136,False,51.406,53.0,50.718
105.32972693443298,0.0619351863861084,0,258703,-15,-137,False,51.406,53.0,50.718
105.39343166351318,0.0637047290802002,0,258703,-15,-137,False,51.406,53.0,50.718
105.46122169494629,0.06779003143310547,0,258703,-15,-137,False,51.406,53.0,50.718
105.52522873878479,0.06400704383850098,0,258703,-15,-136,False,51.406,53.0,50.718
105.5916314125061,0.06640267372131348,0,258703,-15,-136,False,51.406,53.0,50.718
105.6681125164032,0.07648110389709473,0,258703,-15,-136,False,51.406,53.0,50.718
105.74546551704407,0.07735300064086914,0,258703,-15,-137,False,51.406,53.0,50.718
105.81043934822083,0.06497383117675781,0,258703,-15,-137,False,51.406,53.0,50.718
105.8729362487793,0.06249690055847168,0,258703,-15,-137,False,51.406,53.0,50.718
105.95465660095215,0.08172035217285156,0,258703,-15,-137,False,51.406,53.0,50.718
106.02045941352844,0.06580281257629395,0,258704,-15,-137,False,51.406,53.0,50.718
106.08778548240662,0.06732606887817383,0,258704,-15,-137,False,51.406,53.0,50.718
106.14953184127808,0.06174635887145996,0,258704,-15,-137,False,51.406,53.0,50.718
106.22588682174683,0.07635498046875,0,258704,-15,-137,False,51.406,53.0,50.718
106.28777122497559,0.061884403228759766,0,258704,-15,-137,False,51.406,53.0,50.718
106.34956908226013,0.0617978572845459,0,258704,-15,-137,False,51.406,53.0,50.718
106.43019413948059,0.08062505722045898,0,258704,-15,-137,False,51.406,53.0,50.718
106.50611281394958,0.07591867446899414,0,258704,-15,-137,False,51.406,53.0,50.718
106.57437515258789,0.06826233863830566,0,258704,-15,-137,False,51.406,53.0,50.718
106.63625073432922,0.06187558174133301,0,258704,-15,-137,False,51.406,53.0,50.718
106.71010565757751,0.07385492324829102,0,258704,-15,-137,False,51.437,52.687,50.75
106.78143000602722,0.07132434844970703,0,258704,-15,-137,False,51.437,52.687,50.75
106.84331154823303,0.06188154220581055,0,258704,-15,-137,False,51.437,52.687,50.75
106.90552687644958,0.062215328216552734,0,258704,-15,-137,False,51.437,52.687,50.75
106.97905373573303,0.07352685928344727,0,258704,-15,-137,False,51.437,52.687,50.75
107.0407395362854,0.061685800552368164,0,258704,-15,-137,False,51.437,52.687,50.75
107.10243558883667,0.06169605255126953,0,258704,-15,-137,False,51.437,52.687,50.75
107.1662905216217,0.06385493278503418,0,258705,-15,-137,False,51.437,52.687,50.75
107.24032044410706,0.07402992248535156,0,258709,-15,-136,False,51.437,52.687,50.75
107.30215978622437,0.06183934211730957,0,258709,-15,-136,False,51.437,52.687,50.75
107.36607480049133,0.06391501426696777,0,258714,-15,-136,False,51.437,52.687,50.75
107.44522380828857,0.07914900779724121,0,258721,-15,-136,False,51.437,52.687,50.75
107.53055691719055,0.08533310890197754,0,258728,-15,-136,False,51.437,52.687,50.75
107.59786796569824,0.06731104850769043,0,258728,-15,-136,False,51.437,52.687,50.75
107.66379904747009,0.06593108177185059,0,258736,-15,-136,False,51.437,52.687,50.75
107.74305319786072,0.079254150390625,0,258747,-15,-136,False,51.437,52.687,50.75
107.80553483963013,0.06248164176940918,0,258758,-15,-136,False,51.437,52.687,50.75
107.87010097503662,0.06456613540649414,0,258758,-15,-136,False,51.437,52.687,50.75
107.94921088218689,0.07910990715026855,0,258769,-15,-136,False,51.437,52.687,50.75
108.0444598197937,0.09524893760681152,0,258782,-15,-136,False,51.437,52.687,50.75
108.1150963306427,0.07063651084899902,0,258795,-15,-136,False,51.437,52.687,50.75
108.17810297012329,0.06300663948059082,0,258795,-15,-136,False,51.437,52.687,50.75
108.25052833557129,0.07242536544799805,0,258811,-15,-136,False,51.437,52.687,50.75
108.31234550476074,0.061817169189453125,0,258827,-15,-136,False,51.437,52.687,50.75
108.3824450969696,0.0700995922088623,0,258827,-15,-136,False,51.437,52.687,50.75
108.45748043060303,0.07503533363342285,0,258843,-15,-136,False,51.437,52.687,50.75
108.5326828956604,0.07520246505737305,0,258862,-15,-136,False,51.437,52.687,50.75
108.59418201446533,0.06149911880493164,0,258862,-15,-136,False,51.437,52.687,50.75
108.65636324882507,0.06218123435974121,0,258881,-15,-136,False,51.437,52.687,50.75
108.73560190200806,0.0792386531829834,0,258902,-15,-136,False,51.687,52.656,50.843
108.80601477622986,0.07041287422180176,0,258925,-15,-135,False,51.687,52.656,50.843
108.86820077896118,0.06218600273132324,0,258925,-15,-135,False,51.687,52.656,50.843
108.94471788406372,0.07651710510253906,0,258948,-15,-135,False,51.687,52.656,50.843
109.00963759422302,0.06491971015930176,0,258974,-15,-135,False,51.687,52.656,50.843
109.07183623313904,0.062198638916015625,0,258974,-15,-135,False,51.687,52.656,50.843
109.13430523872375,0.0624690055847168,0,259000,-15,-135,False,51.687,52.656,50.843
109.23032712936401,0.09602189064025879,0,259028,-15,-135,False,51.687,52.656,50.843
109.29898571968079,0.06865859031677246,0,259058,-15,-135,False,51.687,52.656,50.843
109.36294531822205,0.06395959854125977,0,259058,-15,-135,False,51.687,52.656,50.843
109.44385766983032,0.08091235160827637,0,259088,-15,-134,False,51.687,52.656,50.843
109.50845432281494,0.06459665298461914,0,259122,-15,-135,False,51.687,52.656,50.843
109.5734531879425,0.06499886512756348,0,259122,-15,-135,False,51.687,52.656,50.843
109.64588522911072,0.07243204116821289,0,259159,-15,-135,False,51.687,52.656,50.843
109.71290016174316,0.06701493263244629,0,259196,-15,-135,False,51.687,52.656,50.843
109.77707767486572,0.0641775131225586,0,259196,-15,-135,False,51.687,52.656,50.843
109.85122299194336,0.07414531707763672,0,259236,-15,-135,False,51.687,52.656,50.843
109.922926902771,0.07170391082763672,0,259278,-15,-135,False,51.687,52.656,50.843
109.98659443855286,0.06366753578186035,0,259322,-15,-136,False,51.687,52.656,50.843
110.05655074119568,0.06995630264282227,0,259322,-15,-136,False,51.687,52.656,50.843
110.14365124702454,0.08710050582885742,0,259370,-15,-138,False,51.687,52.656,50.843
110.21458721160889,0.07093596458435059,0,259421,-15,-139,False,51.687,52.656,50.843
110.277583360672,0.06299614906311035,0,259473,-15,-139,False,51.687,52.656,50.843
110.35284638404846,0.07526302337646484,0,259473,-15,-139,False,51.687,52.656,50.843
110.41617822647095,0.06333184242248535,0,259527,-15,-140,False,51.687,52.656,50.843
110.47947764396667,0.06329941749572754,0,259582,-15,-140,False,51.687,52.656,50.843
110.55327701568604,0.07379937171936035,0,259582,-15,-140,False,51.687,52.656,50.843
110.62349581718445,0.07021880149841309,0,259634,-15,-140,False,51.687,52.656,50.843
110.68755912780762,0.06406331062316895,0,259686,-15,-139,False,51.687,52.656,50.843
110.75157237052917,0.06401324272155762,0,259686,-15,-139,False,51.406,53.031,50.812
110.8402304649353,0.08865809440612793,0,259738,-15,-140,False,51.406,53.031,50.812
110.90545916557312,0.06522870063781738,0,259790,-15,-141,False,51.406,53.031,50.812
110.97017526626587,0.06471610069274902,0,259845,-15,-143,False,51.406,53.031,50.812
111.04065895080566,0.07048368453979492,0,259845,-15,-143,False,51.406,53.031,50.812
111.1045172214508,0.0638582706451416,0,259899,-15,-145,False,51.406,53.031,50.812
111.16787195205688,0.0633547306060791,0,259899,-15,-145,False,51.406,53.031,50.812
111.23284220695496,0.06497025489807129,0,259953,-15,-147,False,51.406,53.031,50.812
111.30651426315308,0.07367205619812012,0,260004,-15,-149,False,51.406,53.031,50.812
111.36986804008484,0.0633537769317627,0,260004,-15,-149,False,51.406,53.031,50.812
111.4340512752533,0.06418323516845703,0,260053,-15,-154,False,51.406,53.031,50.812
111.51687216758728,0.08282089233398438,0,260108,-15,-157,False,51.406,53.031,50.812
111.58473944664001,0.06786727905273438,0,260164,-15,-158,False,51.406,53.031,50.812
111.64886617660522,0.06412672996520996,0,260164,-15,-158,False,51.406,53.031,50.812
111.72375392913818,0.07488775253295898,0,260217,-15,-159,False,51.406,53.031,50.812
111.79281330108643,0.06905937194824219,0,260271,-15,-160,False,51.406,53.031,50.812
111.8599636554718,0.06715035438537598,0,260271,-15,-160,False,51.406,53.031,50.812
111.92879176139832,0.06882810592651367,0,260323,-15,-160,False,51.406,53.031,50.812
112.00796389579773,0.07917213439941406,0,260377,-15,-161,False,51.406,53.031,50.812
112.07382345199585,0.06585955619812012,0,260434,-15,-161,False,51.406,53.031,50.812
112.14009714126587,0.06627368927001953,0,260434,-15,-161,False,51.406,53.031,50.812
112.22389125823975,0.08379411697387695,0,260488,-15,-161,False,51.406,53.031,50.812
112.29082441329956,0.06693315505981445,0,260541,-15,-161,False,51.406,53.031,50.812
112.35701036453247,0.06618595123291016,0,260598,-15,-162,False,51.406,53.031,50.812
112.43649792671204,0.07948756217956543,0,260598,-15,-162,False,51.406,53.031,50.812
112.52615284919739,0.08965492248535156,0,260656,-15,-161,False,51.406,53.031,50.812
112.59437417984009,0.0682213306427002,0,260716,-15,-161,False,51.406,53.031,50.812
112.66003465652466,0.06566047668457031,0,260777,-15,-160,False,51.406,53.031,50.812
112.74189901351929,0.0818643569946289,0,260777,-15,-160,False,51.406,53.031,50.812
112.80752372741699,0.06562471389770508,0,260840,-15,-159,False,51.625,52.875,50.843
112.88032937049866,0.07280564308166504,0,260908,-15,-158,False,51.625,52.875,50.843
112.99032187461853,0.10999250411987305,0,260972,-15,-157,False,51.625,52.875,50.843
113.06740093231201,0.07707905769348145,0,261038,-15,-156,False,51.625,52.875,50.843
113.13509202003479,0.06769108772277832,0,261038,-15,-156,False,51.625,52.875,50.843
113.20555400848389,0.07046198844909668,0,261105,-15,-155,False,51.625,52.875,50.843
113.27824449539185,0.07269048690795898,0,261182,-15,-153,False,51.625,52.875,50.843
113.34329032897949,0.06504583358764648,0,261182,-15,-153,False,51.625,52.875,50.843
113.40748310089111,0.0641927719116211,0,261269,-15,-149,False,51.625,52.875,50.843
113.49296927452087,0.08548617362976074,0,261348,-15,-148,False,51.625,52.875,50.843
113.55885910987854,0.06588983535766602,0,261422,-15,-145,False,51.625,52.875,50.843
113.62372040748596,0.06486129760742188,0,261422,-15,-145,False,51.625,52.875,50.843
113.70304727554321,0.07932686805725098,0,261492,-15,-141,False,51.625,52.875,50.843
113.76753425598145,0.06448698043823242,0,261563,-15,-136,False,51.625,52.875,50.843
113.8306155204773,0.06308126449584961,0,261563,-15,-136,False,51.625,52.875,50.843
113.89400339126587,0.06338787078857422,0,261635,-15,-134,False,51.625,52.875,50.843
113.9732313156128,0.07922792434692383,0,261708,-15,-134,False,51.625,52.875,50.843
114.03971338272095,0.0664820671081543,0,261708,-15,-134,False,51.625,52.875,50.843
114.10256361961365,0.0628502368927002,0,261778,-15,-133,False,51.625,52.875,50.843
114.17687249183655,0.07430887222290039,0,261850,-15,-133,False,51.625,52.875,50.843
114.26559734344482,0.08872485160827637,0,261915,-15,-133,False,51.625,52.875,50.843
114.33792495727539,0.0723276138305664,0,261915,-15,-133,False,51.625,52.875,50.843
114.40216422080994,0.0642392635345459,0,261976,-15,-133,False,51.625,52.875,50.843
114.49121046066284,0.08904623985290527,0,262036,-15,-133,False,51.625,52.875,50.843
114.55859303474426,0.0673825740814209,0,262096,-15,-137,False,51.625,52.875,50.843
114.62209010124207,0.06349706649780273,0,262096,-15,-137,False,51.625,52.875,50.843
114.6954243183136,0.0733342170715332,0,262152,-15,-143,False,51.625,52.875,50.843
114.78339266777039,0.08796834945678711,0,262220,-15,-143,False,51.625,52.875,50.843
114.85231494903564,0.06892228126525879,0,262282,-15,-142,False,51.406,53.031,50.781
114.91955232620239,0.06723737716674805,0,262282,-15,-142,False,51.406,53.031,50.781
114.99800634384155,0.07845401763916016,0,262351,-15,-142,False,51.406,53.031,50.781
115.06594371795654,0.06793737411499023,0,262414,-15,-143,False,51.406,53.031,50.781
115.13135480880737,0.06541109085083008,0,262414,-15,-143,False,51.406,53.031,50.781
115.19859647750854,0.06724166870117188,0,262477,-15,-142,False,51.406,53.031,50.781
115.28840851783752,0.08981204032897949,0,262540,-15,-142,False,51.406,53.031,50.781
115.35850262641907,0.07009410858154297,0,262600,-15,-143,False,51.406,53.031,50.781
115.42239761352539,0.06389498710632324,0,262654,-15,-142,False,51.406,53.031,50.781
115.50441312789917,0.0820155143737793,0,262654,-15,-142,False,51.406,53.031,50.781
115.57488083839417,0.07046771049499512,0,262718,-15,-144,False,51.406,53.031,50.781
115.64520311355591,0.07032227516174316,0,262777,-15,-145,False,51.406,53.031,50.781
115.7093436717987,0.06414055824279785,0,262777,-15,-145,False,51.406,53.031,50.781
115.7881133556366,0.07876968383789062,0,262833,-15,-146,False,51.406,53.031,50.781
115.85495138168335,0.06683802604675293,0,262891,-15,-147,False,51.406,53.031,50.781
115.91913795471191,0.06418657302856445,0,262949,-15,-147,False,51.406,53.031,50.781
116.00086283683777,0.08172488212585449,0,262949,-15,-147,False,51.406,53.031,50.781
116.06615805625916,0.06529521942138672,0,263004,-15,-147,False,51.406,53.031,50.781
116.13251256942749,0.06635451316833496,0,263004,-15,-147,False,51.406,53.031,50.781
116.1957037448883,0.06319117546081543,0,263059,-15,-149,False,51.406,53.031,50.781
116.27956962585449,0.08386588096618652,0,263115,-15,-150,False,51.406,53.031,50.781
116.34645128250122,0.06688165664672852,0,263170,-15,-151,False,51.406,53.031,50.781
116.40865278244019,0.062201499938964844,0,263170,-15,-151,False,51.406,53.031,50.781
116.48703026771545,0.07837748527526855,0,263225,-15,-153,False,51.406,53.031,50.781
116.5737202167511,0.08668994903564453,0,263279,-15,-155,False,51.406,53.031,50.781
116.64689755439758,0.07317733764648438,0,263333,-15,-157,False,51.406,53.031,50.781
116.71184039115906,0.06494283676147461,0,263333,-15,-157,False,51.406,53.031,50.781
116.7886974811554,0.07685708999633789,0,263392,-15,-156,False,51.406,53.031,50.781
116.8514461517334,0.06274867057800293,0,263446,-15,-156,False,51.687,52.875,50.937
116.92776584625244,0.07631969451904297,0,263446,-15,-156,False,51.687,52.875,50.937
116.99530100822449,0.0675351619720459,0,263502,-15,-156,False,51.687,52.875,50.937
117.06288504600525,0.06758403778076172,0,263557,-15,-156,False,51.687,52.875,50.937
117.12450313568115,0.06161808967590332,0,263612,-15,-156,False,51.687,52.875,50.937
117.19447350502014,0.06997036933898926,0,263667,-15,-156,False,51.687,52.875,50.937
117.2991714477539,0.10469794273376465,0,263667,-15,-156,False,51.687,52.875,50.937
117.36994171142578,0.070770263671875,0,263724,-15,-155,False,51.687,52.875,50.937
117.43811368942261,0.06817197799682617,0,263781,-15,-154,False,51.687,52.875,50.937
117.49954771995544,0.061434030532836914,0,263781,-15,-154,False,51.687,52.875,50.937
117.56680822372437,0.0672605037689209,0,263839,-15,-153,False,51.687,52.875,50.937
117.63326811790466,0.06645989418029785,0,263896,-15,-151,False,51.687,52.875,50.937
117.69484496116638,0.06157684326171875,0,263896,-15,-151,False,51.687,52.875,50.937
117.77667427062988,0.08182930946350098,0,263952,-15,-150,False,51.687,52.875,50.937
117.85914945602417,0.08247518539428711,0,264008,-15,-149,False,51.687,52.875,50.937
117.93212103843689,0.07297158241271973,0,264063,-15,-148,False,51.687,52.875,50.937
117.99435210227966,0.06223106384277344,0,264118,-15,-148,False,51.687,52.875,50.937
118.08229470252991,0.08794260025024414,0,264118,-15,-148,False,51.687,52.875,50.937
118.14548802375793,0.06319332122802734,0,264176,-15,-146,False,51.687,52.875,50.937
118.20588421821594,0.06039619445800781,0,264238,-15,-144,False,51.687,52.875,50.937
118.28765034675598,0.08176612854003906,0,264238,-15,-144,False,51.687,52.875,50.937
118.36782908439636,0.08017873764038086,0,264299,-15,-141,False,51.687,52.875,50.937
118.43303227424622,0.06520318984985352,0,264356,-15,-140,False,51.687,52.875,50.937
118.4955883026123,0.06255602836608887,0,264416,-15,-139,False,51.687,52.875,50.937
118.5835440158844,0.08795571327209473,0,264416,-15,-139,False,51.687,52.875,50.937
118.64998149871826,0.0664374828338623,0,264476,-15,-139,False,51.687,52.875,50.937
118.71350622177124,0.06352472305297852,0,264476,-15,-139,False,51.687,52.875,50.937
118.77294564247131,0.05943942070007324,0,264533,-15,-139,False,51.687,52.875,50.937
118.86302638053894,0.09008073806762695,0,264590,-15,-139,False,51.312,52.843,50.781
118.93336820602417,0.07034182548522949,0,264650,-15,-139,False,51.312,52.843,50.781
118.99567437171936,0.06230616569519043,0,264650,-15,-139,False,51.312,52.843,50.781
119.0704083442688,0.07473397254943848,0,264712,-15,-138,False,51.312,52.843,50.781
119.15416407585144,0.0837557315826416,0,264772,-15,-137,False,51.312,52.843,50.781
119.21993279457092,0.06576871871948242,0,264831,-15,-136,False,51.312,52.843,50.781
119.28440451622009,0.06447172164916992,0,264831,-15,-136,False,51.312,52.843,50.781
119.35551476478577,0.07111024856567383,0,264893,-15,-131,False,51.312,52.843,50.781
119.41530060768127,0.05978584289550781,0,264957,-15,-129,False,51.312,52.843,50.781
119.47433137893677,0.059030771255493164,0,264957,-15,-129,False,51.312,52.843,50.781
119.53695821762085,0.06262683868408203,0,265021,-15,-129,False,51.312,52.843,50.781
119.60607528686523,0.06911706924438477,0,265021,-15,-129,False,51.312,52.843,50.781
119.66560316085815,0.05952787399291992,0,265084,-15,-128,False,51.312,52.843,50.781
119.72431325912476,0.05871009826660156,0,265146,-15,-128,False,51.312,52.843,50.781
119.81009840965271,0.0857851505279541,0,265210,-15,-127,False,51.312,52.843,50.781
119.87547779083252,0.06537938117980957,0,265210,-15,-127,False,51.312,52.843,50.781
119.9344093799591,0.058931589126586914,0,265273,-15,-127,False,51.312,52.843,50.781
119.99535894393921,0.06094956398010254,0,265338,-15,-126,False,51.312,52.843,50.781
120.07520484924316,0.07984590530395508,0,265338,-15,-126,False,51.312,52.843,50.781
120.13462829589844,0.05942344665527344,0,265402,-15,-126,False,51.312,52.843,50.781
120.1963996887207,0.061771392822265625,0,265464,-15,-126,False,51.312,52.843,50.781
120.28458023071289,0.0881805419921875,0,265523,-15,-127,False,51.312,52.843,50.781
120.37687945365906,0.09229922294616699,0,265523,-15,-127,False,51.312,52.843,50.781
120.44615602493286,0.06927657127380371,0,265585,-15,-127,False,51.312,52.843,50.781
120.50830173492432,0.06214570999145508,0,265649,-15,-127,False,51.312,52.843,50.781
120.59676933288574,0.08846759796142578,0,265709,-15,-127,False,51.312,52.843,50.781
120.66555714607239,0.06878781318664551,0,265709,-15,-127,False,51.312,52.843,50.781
120.72600030899048,0.06044316291809082,0,265767,-15,-128,False,51.312,52.843,50.781
120.78687882423401,0.06087851524353027,0,265827,-15,-131,False,51.312,52.843,50.781
120.88547992706299,0.09860110282897949,0,265827,-15,-131,False,51.593,52.625,50.812
120.96162939071655,0.07614946365356445,0,265890,-15,-134,False,51.593,52.625,50.812
121.02429533004761,0.06266593933105469,0,265952,-15,-136,False,51.593,52.625,50.812
121.11119294166565,0.08689761161804199,0,266014,-15,-140,False,51.593,52.625,50.812
121.19101476669312,0.07982182502746582,0,266014,-15,-140,False,51.593,52.625,50.812
121.26200294494629,0.07098817825317383,0,266077,-15,-142,False,51.593,52.625,50.812
121.34501957893372,0.08301663398742676,0,266140,-15,-144,False,51.593,52.625,50.812
121.4160430431366,0.07102346420288086,0,266202,-15,-146,False,51.593,52.625,50.812
121.47800993919373,0.061966896057128906,0,266202,-15,-146,False,51.593,52.625,50.812
121.53711938858032,0.05910944938659668,0,266264,-15,-147,False,51.593,52.625,50.812
121.61370658874512,0.07658720016479492,0,266329,-15,-147,False,51.593,52.625,50.812
121.67550611495972,0.06179952621459961,0,266329,-15,-147,False,51.593,52.625,50.812
121.73401188850403,0.05850577354431152,0,266391,-15,-146,False,51.593,52.625,50.812
121.79294681549072,0.058934926986694336,0,266391,-15,-146,False,51.593,52.625,50.812
121.88295364379883,0.09000682830810547,0,266512,-15,-147,False,51.593,52.625,50.812
121.95756268501282,0.07460904121398926,0,266512,-15,-147,False,51.593,52.625,50.812
122.02079916000366,0.06323647499084473,0,266573,-15,-148,False,51.593,52.625,50.812
122.08199858665466,0.06119942665100098,0,266636,-15,-148,False,51.593,52.625,50.812
122.15445923805237,0.07246065139770508,0,266636,-15,-148,False,51.593,52.625,50.812
122.21387314796448,0.059413909912109375,0,266696,-15,-147,False,51.593,52.625,50.812
122.2754054069519,0.06153225898742676,0,266696,-15,-147,False,51.593,52.625,50.812
122.33423805236816,0.058832645416259766,0,266755,-15,-147,False,51.593,52.625,50.812
122.40621709823608,0.07197904586791992,0,266817,-15,-148,False,51.593,52.625,50.812
122.46714997291565,0.06093287467956543,0,266817,-15,-148,False,51.593,52.625,50.812
122.5258858203888,0.05873584747314453,0,266881,-15,-147,False,51.593,52.625,50.812
122.58922457695007,0.0633387565612793,0,266948,-15,-147,False,51.593,52.625,50.812
122.68336772918701,0.09414315223693848,0,267014,-15,-147,False,51.593,52.625,50.812
122.74845576286316,0.06508803367614746,0,267014,-15,-147,False,51.593,52.625,50.812
122.80840468406677,0.05994892120361328,0,267074,-15,-147,False,51.593,52.625,50.812
122.88700580596924,0.07860112190246582,0,267136,-15,-148,False,51.593,52.625,50.812
122.97376608848572,0.08676028251647949,0,267196,-15,-148,False,51.218,52.906,50.875
123.05137968063354,0.07761359214782715,0,267196,-15,-148,False,51.218,52.906,50.875
123.11408805847168,0.06270837783813477,0,267259,-15,-148,False,51.218,52.906,50.875
123.19462323188782,0.0805351734161377,0,267319,-15,-148,False,51.218,52.906,50.875
123.25847291946411,0.06384968757629395,0,267319,-15,-148,False,51.218,52.906,50.875
123.31733870506287,0.05886578559875488,0,267377,-15,-147,False,51.218,52.906,50.875
123.37649607658386,0.059157371520996094,0,267435,-15,-147,False,51.218,52.906,50.875
123.45812726020813,0.08163118362426758,0,267435,-15,-147,False,51.218,52.906,50.875
123.5211455821991,0.0630183219909668,0,267494,-15,-148,False,51.218,52.906,50.875
123.58065366744995,0.05950808525085449,0,267550,-15,-148,False,51.218,52.906,50.875
123.64121961593628,0.060565948486328125,0,267550,-15,-148,False,51.218,52.906,50.875
123.715158700943,0.07393908500671387,0,267611,-15,-148,False,51.218,52.906,50.875
123.77443552017212,0.05927681922912598,0,267671,-15,-148,False,51.218,52.906,50.875
123.83621382713318,0.06177830696105957,0,267671,-15,-148,False,51.218,52.906,50.875
123.8953537940979,0.05913996696472168,0,267731,-15,-148,False,51.218,52.906,50.875
123.97203421592712,0.07668042182922363,0,267793,-15,-148,False,51.218,52.906,50.875
124.0366599559784,0.06462574005126953,0,267793,-15,-148,False,51.218,52.906,50.875
124.09597158432007,0.059311628341674805,0,267854,-15,-148,False,51.218,52.906,50.875
124.16155505180359,0.06558346748352051,0,267915,-15,-148,False,51.218,52.906,50.875
124.25037360191345,0.08881855010986328,0,267915,-15,-148,False,51.218,52.906,50.875
124.31435799598694,0.06398439407348633,0,267980,-15,-148,False,51.218,52.906,50.875
124.37463188171387,0.06027388572692871,0,268042,-15,-147,False,51.218,52.906,50.875
124.46526741981506,0.09063553810119629,0,268103,-15,-147,False,51.218,52.906,50.875
124.53713917732239,0.07187175750732422,0,268103,-15,-147,False,51.218,52.906,50.875
124.59826469421387,0.06112551689147949,0,268163,-15,-147,False,51.218,52.906,50.875
124.65822505950928,0.059960365295410156,0,268225,-15,-147,False,51.218,52.906,50.875
124.75275874137878,0.09453368186950684,0,268288,-15,-147,False,51.218,52.906,50.875
124.82518124580383,0.07242250442504883,0,268288,-15,-147,False,51.218,52.906,50.875
124.88792443275452,0.0627431869506836,0,268349,-15,-147,False,51.218,52.906,50.875
124.94739055633545,0.05946612358093262,0,268408,-15,-148,False,51.218,52.906,50.875
125.02605605125427,0.07866549491882324,0,268408,-15,-148,False,51.468,53.156,50.906
125.09325242042542,0.06719636917114258,0,268465,-15,-148,False,51.468,53.156,50.906
125.15538239479065,0.062129974365234375,0,268525,-15,-148,False,51.468,53.156,50.906
125.23474073410034,0.07935833930969238,0,268584,-15,-149,False,51.468,53.156,50.906
125.32723593711853,0.09249520301818848,0,268584,-15,-149,False,51.468,53.156,50.906
125.40046453475952,0.07322859764099121,0,268644,-15,-150,False,51.468,53.156,50.906
125.46438193321228,0.06391739845275879,0,268699,-15,-151,False,51.468,53.156,50.906
125.55140948295593,0.08702754974365234,0,268756,-15,-152,False,51.468,53.156,50.906
125.62467122077942,0.07326173782348633,0,268756,-15,-152,False,51.468,53.156,50.906
125.68652820587158,0.061856985092163086,0,268813,-15,-154,False,51.468,53.156,50.906
125.75398802757263,0.0674598217010498,0,268874,-15,-154,False,51.468,53.156,50.906
125.84119772911072,0.08720970153808594,0,268874,-15,-154,False,51.468,53.156,50.906
125.89924025535583,0.05804252624511719,0,268931,-15,-154,False,51.468,53.156,50.906
125.95825815200806,0.05901789665222168,0,268990,-15,-155,False,51.468,53.156,50.906
126.0391206741333,0.08086252212524414,0,268990,-15,-155,False,51.468,53.156,50.906
126.11058974266052,0.07146906852722168,0,269051,-15,-157,False,51.468,53.156,50.906
126.17123341560364,0.060643672943115234,0,269110,-15,-157,False,51.468,53.156,50.906
126.23142004013062,0.06018662452697754,0,269169,-15,-159,False,51.468,53.156,50.906
126.33457493782043,0.10315489768981934,0,269169,-15,-159,False,51.468,53.156,50.906
126.40826725959778,0.07369232177734375,0,269231,-15,-160,False,51.468,53.156,50.906
126.47451639175415,0.06624913215637207,0,269293,-15,-160,False,51.468,53.156,50.906
126.53947615623474,0.06495976448059082,0,269357,-15,-160,False,51.468,53.156,50.906
126.62058711051941,0.08111095428466797,0,269357,-15,-160,False,51.468,53.156,50.906
126.68827414512634,0.0676870346069336,0,269419,-15,-160,False,51.468,53.156,50.906
126.74830627441406,0.06003212928771973,0,269485,-15,-160,False,51.468,53.156,50.906
126.83311533927917,0.0848090648651123,0,269485,-15,-160,False,51.468,53.156,50.906
126.90507626533508,0.0719609260559082,0,269552,-15,-161,False,51.468,53.156,50.906
126.96837425231934,0.06329798698425293,0,269617,-15,-161,False,51.468,53.156,50.906
127.03207731246948,0.06370306015014648,0,269680,-15,-161,False,51.468,52.812,50.843
127.12213158607483,0.09005427360534668,0,269680,-15,-161,False,51.468,52.812,50.843
127.18521332740784,0.06308174133300781,0,269741,-15,-161,False,51.468,52.812,50.843
127.2440927028656,0.05887937545776367,0,269805,-15,-161,False,51.468,52.812,50.843
127.32520151138306,0.08110880851745605,0,269874,-15,-162,False,51.468,52.812,50.843
127.40575551986694,0.08055400848388672,0,269874,-15,-162,False,51.468,52.812,50.843
127.47690629959106,0.0711507797241211,0,269944,-15,-162,False,51.468,52.812,50.843
127.53843927383423,0.06153297424316406,0,270015,-15,-161,False,51.468,52.812,50.843
127.62520432472229,0.08676505088806152,0,270015,-15,-161,False,51.468,52.812,50.843
127.69554781913757,0.0703434944152832,0,270086,-15,-160,False,51.468,52.812,50.843
127.75645065307617,0.06090283393859863,0,270154,-15,-159,False,51.468,52.812,50.843
127.81794381141663,0.0614931583404541,0,270220,-15,-158,False,51.468,52.812,50.843
127.89969968795776,0.0817558765411377,0,270220,-15,-158,False,51.468,52.812,50.843
127.96581292152405,0.06611323356628418,0,270284,-15,-156,False,51.468,52.812,50.843
128.0265552997589,0.06074237823486328,0,270347,-15,-153,False,51.468,52.812,50.843
128.1154637336731,0.08890843391418457,0,270347,-15,-153,False,51.468,52.812,50.843
128.1853563785553,0.06989264488220215,0,270411,-15,-150,False,51.468,52.812,50.843
128.2455689907074,0.06021261215209961,0,270470,-15,-150,False,51.468,52.812,50.843
128.30464553833008,0.059076547622680664,0,270470,-15,-150,False,51.468,52.812,50.843
128.38618183135986,0.08153629302978516,0,270529,-15,-150,False,51.468,52.812,50.843
128.44824051856995,0.06205868721008301,0,270588,-15,-150,False,51.468,52.812,50.843
128.50995779037476,0.06171727180480957,0,270588,-15,-150,False,51.468,52.812,50.843
128.58262825012207,0.07267045974731445,0,270647,-15,-150,False,51.468,52.812,50.843
128.64604687690735,0.06341862678527832,0,270707,-15,-150,False,51.468,52.812,50.843
128.70630645751953,0.06025958061218262,0,270707,-15,-150,False,51.468,52.812,50.843
128.76611280441284,0.05980634689331055,0,270762,-15,-150,False,51.468,52.812,50.843
128.8401792049408,0.0740664005279541,0,270814,-15,-151,False,51.468,52.812,50.843
128.89868354797363,0.058504343032836914,0,270814,-15,-151,False,51.468,52.812,50.843
128.95711612701416,0.058432579040527344,0,270868,-15,-152,False,51.468,52.812,50.843
129.01594281196594,0.05882668495178223,0,270922,-15,-152,False,51.468,52.812,50.843
129.09507012367249,0.07912731170654297,0,270922,-15,-152,False,51.625,52.968,50.937
129.1679539680481,0.07288384437561035,0,270979,-15,-154,False,51.625,52.968,50.937
129.22819566726685,0.06024169921875,0,271039,-15,-154,False,51.625,52.968,50.937
129.3006842136383,0.07248854637145996,0,271039,-15,-154,False,51.625,52.968,50.937
129.37017250061035,0.0694882869720459,0,271092,-15,-156,False,51.625,52.968,50.937
129.43125581741333,0.061083316802978516,0,271146,-15,-164,False,51.625,52.968,50.937
129.4902765750885,0.0590207576751709,0,271203,-15,-167,False,51.625,52.968,50.937
129.58487462997437,0.09459805488586426,0,271203,-15,-167,False,51.625,52.968,50.937
129.64815187454224,0.0632772445678711,0,271259,-15,-166,False,51.625,52.968,50.937
129.70738458633423,0.05923271179199219,0,271318,-15,-167,False,51.625,52.968,50.937
129.78613257408142,0.07874798774719238,0,271318,-15,-167,False,51.625,52.968,50.937
129.8725118637085,0.0863792896270752,0,271379,-15,-167,False,51.625,52.968,50.937
129.94027590751648,0.0677640438079834,0,271444,-15,-167,False,51.625,52.968,50.937
130.00092792510986,0.06065201759338379,0,271514,-15,-166,False,51.625,52.968,50.937
130.08072233200073,0.07979440689086914,0,271514,-15,-166,False,51.625,52.968,50.937
130.1432762145996,0.06255388259887695,0,271583,-15,-166,False,51.625,52.968,50.937
130.20212650299072,0.05885028839111328,0,271583,-15,-166,False,51.625,52.968,50.937
130.26194310188293,0.059816598892211914,0,271648,-15,-165,False,51.625,52.968,50.937
130.33516359329224,0.07322049140930176,0,271715,-15,-160,False,51.625,52.968,50.937
130.39712119102478,0.061957597732543945,0,271715,-15,-160,False,51.625,52.968,50.937
130.4567425251007,0.059621334075927734,0,271781,-15,-158,False,51.625,52.968,50.937
130.5260899066925,0.06934738159179688,0,271848,-15,-158,False,51.625,52.968,50.937
130.609557390213,0.08346748352050781,0,271916,-15,-157,False,51.625,52.968,50.937
130.6780607700348,0.06850337982177734,0,271916,-15,-157,False,51.625,52.968,50.937
130.74394512176514,0.06588435173034668,0,271983,-15,-158,False,51.625,52.968,50.937
130.821063041687,0.077117919921875,0,272050,-15,-158,False,51.625,52.968,50.937
130.88965320587158,0.06859016418457031,0,272050,-15,-158,False,51.625,52.968,50.937
130.94930481910706,0.05965161323547363,0,272115,-15,-159,False,51.625,52.968,50.937
131.00810623168945,0.05880141258239746,0,272180,-15,-158,False,51.625,52.968,50.937
131.1119465827942,0.10384035110473633,0,272241,-15,-159,False,51.5,52.875,50.843
131.19435453414917,0.08240795135498047,0,272241,-15,-159,False,51.5,52.875,50.843
131.25849270820618,0.06413817405700684,0,272299,-15,-159,False,51.5,52.875,50.843
131.34785866737366,0.08936595916748047,0,272353,-15,-160,False,51.5,52.875,50.843
131.41708493232727,0.06922626495361328,0,272408,-15,-160,False,51.5,52.875,50.843
131.48050451278687,0.06341958045959473,0,272408,-15,-160,False,51.5,52.875,50.843
131.54213786125183,0.06163334846496582,0,272464,-15,-159,False,51.5,52.875,50.843
131.6205129623413,0.07837510108947754,0,272518,-15,-158,False,51.5,52.875,50.843
131.68366622924805,0.06315326690673828,0,272518,-15,-158,False,51.5,52.875,50.843
131.7453737258911,0.061707496643066406,0,272570,-15,-157,False,51.5,52.875,50.843
131.8234622478485,0.07808852195739746,0,272618,-15,-157,False,51.5,52.875,50.843
131.89088249206543,0.06742024421691895,0,272618,-15,-157,False,51.5,52.875,50.843
131.95194292068481,0.061060428619384766,0,272665,-15,-156,False,51.5,52.875,50.843
132.02177500724792,0.06983208656311035,0,272709,-15,-155,False,51.5,52.875,50.843
132.1075165271759,0.08574151992797852,0,272752,-15,-155,False,51.5,52.875,50.843
132.17050671577454,0.06299018859863281,0,272752,-15,-155,False,51.5,52.875,50.843
132.22944736480713,0.05894064903259277,0,272793,-15,-154,False,51.5,52.875,50.843
132.2957136631012,0.06626629829406738,0,272834,-15,-154,False,51.5,52.875,50.843
132.36860728263855,0.07289361953735352,0,272834,-15,-154,False,51.5,52.875,50.843
132.42782640457153,0.0592191219329834,0,272877,-15,-153,False,51.5,52.875,50.843
132.4961974620819,0.06837105751037598,0,272921,-15,-153,False,51.5,52.875,50.843
132.58142614364624,0.08522868156433105,0,272921,-15,-153,False,51.5,52.875,50.843
132.6440246105194,0.06259846687316895,0,272966,-15,-153,False,51.5,52.875,50.843
132.70531249046326,0.061287879943847656,0,273010,-15,-152,False,51.5,52.875,50.843
132.80101871490479,0.09570622444152832,0,273053,-15,-151,False,51.5,52.875,50.843
132.87622809410095,0.07520937919616699,0,273053,-15,-151,False,51.5,52.875,50.843
132.93957209587097,0.06334400177001953,0,273097,-15,-151,False,51.5,52.875,50.843
132.99919939041138,0.05962729454040527,0,273136,-15,-150,False,51.5,52.875,50.843
133.0836319923401,0.08443260192871094,0,273136,-15,-150,False,51.5,52.875,50.843
133.14429473876953,0.06066274642944336,0,273175,-15,-150,False,51.437,52.812,50.968
133.21448254585266,0.07018780708312988,0,273212,-15,-150,False,51.437,52.812,50.968
133.29424333572388,0.07976078987121582,0,273248,-15,-150,False,51.437,52.812,50.968
133.38098645210266,0.08674311637878418,0,273282,-15,-150,False,51.437,52.812,50.968
133.45137429237366,0.0703878402709961,0,273282,-15,-150,False,51.437,52.812,50.968
133.51283884048462,0.061464548110961914,0,273316,-15,-150,False,51.437,52.812,50.968
133.5919156074524,0.07907676696777344,0,273351,-15,-150,False,51.437,52.812,50.968
133.6538474559784,0.06193184852600098,0,273351,-15,-150,False,51.437,52.812,50.968
133.71245622634888,0.0586087703704834,0,273385,-15,-150,False,51.437,52.812,50.968
133.77047777175903,0.05802154541015625,0,273419,-15,-150,False,51.437,52.812,50.968
133.86344146728516,0.09296369552612305,0,273419,-15,-150,False,51.437,52.812,50.968
133.92679524421692,0.0633537769317627,0,273453,-15,-150,False,51.437,52.812,50.968
133.98653721809387,0.059741973876953125,0,273488,-15,-150,False,51.437,52.812,50.968
134.04494071006775,0.05840349197387695,0,273488,-15,-150,False,51.437,52.812,50.968
134.12906050682068,0.08411979675292969,0,273522,-15,-150,False,51.437,52.812,50.968
134.19300961494446,0.0639491081237793,0,273553,-15,-150,False,51.437,52.812,50.968
134.25161242485046,0.05860280990600586,0,273553,-15,-150,False,51.437,52.812,50.968
134.31032061576843,0.05870819091796875,0,273582,-15,-150,False,51.437,52.812,50.968
134.38321018218994,0.07288956642150879,0,273612,-15,-150,False,51.437,52.812,50.968
134.44365978240967,0.06044960021972656,0,273612,-15,-150,False,51.437,52.812,50.968
134.50343465805054,0.05977487564086914,0,273642,-15,-150,False,51.437,52.812,50.968
134.56203174591064,0.05859708786010742,0,273671,-15,-150,False,51.437,52.812,50.968
134.65239667892456,0.09036493301391602,0,273671,-15,-150,False,51.437,52.812,50.968
134.71616673469543,0.06377005577087402,0,273699,-15,-150,False,51.437,52.812,50.968
134.77575945854187,0.05959272384643555,0,273725,-15,-150,False,51.437,52.812,50.968
134.8580961227417,0.0823366641998291,0,273754,-15,-150,False,51.437,52.812,50.968
134.95159673690796,0.09350061416625977,0,273754,-15,-150,False,51.437,52.812,50.968
135.01990389823914,0.06830716133117676,0,273780,-15,-150,False,51.437,52.812,50.968
135.08532309532166,0.06541919708251953,0,273807,-15,-150,False,51.437,52.812,50.968
135.15586829185486,0.07054519653320312,0,273807,-15,-150,False,51.812,52.937,50.843
135.22242736816406,0.0665590763092041,0,273834,-15,-150,False,51.812,52.937,50.843
135.2820885181427,0.059661149978637695,0,273862,-15,-150,False,51.812,52.937,50.843
135.34334802627563,0.06125950813293457,0,273862,-15,-150,False,51.812,52.937,50.843
135.41059041023254,0.06724238395690918,0,273891,-15,-150,False,51.812,52.937,50.843
135.4696605205536,0.05907011032104492,0,273919,-15,-150,False,51.812,52.937,50.843
135.52974343299866,0.06008291244506836,0,273919,-15,-150,False,51.812,52.937,50.843
135.6016969680786,0.07195353507995605,0,273943,-15,-150,False,51.812,52.937,50.843
135.664874792099,0.06317782402038574,0,273943,-15,-150,False,51.812,52.937,50.843
135.72402215003967,0.05914735794067383,0,273964,-15,-150,False,51.812,52.937,50.843
135.78256177902222,0.058539628982543945,0,273985,-15,-150,False,51.812,52.937,50.843
135.85986304283142,0.0773012638092041,0,273985,-15,-150,False,51.812,52.937,50.843
135.91835737228394,0.05849432945251465,0,274005,-15,-150,False,51.812,52.937,50.843
135.98106956481934,0.06271219253540039,0,274025,-15,-150,False,51.812,52.937,50.843
136.06189703941345,0.08082747459411621,0,274043,-15,-150,False,51.812,52.937,50.843
136.12434005737305,0.06244301795959473,0,274043,-15,-150,False,51.812,52.937,50.843
136.1859736442566,0.06163358688354492,0,274060,-15,-150,False,51.812,52.937,50.843
136.25435400009155,0.06838035583496094,0,274077,-15,-150,False,51.812,52.937,50.843
136.33801341056824,0.08365941047668457,0,274077,-15,-150,False,51.812,52.937,50.843
136.40008878707886,0.06207537651062012,0,274092,-15,-150,False,51.812,52.937,50.843
136.46084833145142,0.060759544372558594,0,274108,-15,-150,False,51.812,52.937,50.843
136.5365650653839,0.07571673393249512,0,274108,-15,-150,False,51.812,52.937,50.843
136.5969216823578,0.06035661697387695,0,274122,-15,-150,False,51.812,52.937,50.843
136.66410493850708,0.06718325614929199,0,274135,-15,-150,False,51.812,52.937,50.843
136.75553584098816,0.0914309024810791,0,274146,-15,-150,False,51.812,52.937,50.843
136.82126021385193,0.06572437286376953,0,274146,-15,-150,False,51.812,52.937,50.843
136.88105535507202,0.05979514122009277,0,274156,-15,-151,False,51.812,52.937,50.843
136.94170427322388,0.06064891815185547,0,274165,-15,-151,False,51.812,52.937,50.843
137.02023696899414,0.07853269577026367,0,274165,-15,-151,False,51.812,52.937,50.843
137.08065748214722,0.06042051315307617,0,274172,-15,-151,False,51.812,52.937,50.843
137.1425883769989,0.06193089485168457,0,274180,-15,-151,False,51.812,52.937,50.843
137.22711491584778,0.08452653884887695,0,274180,-15,-151,False,52.0,53.062,51.093
137.29900479316711,0.07188987731933594,0,274187,-15,-150,False,52.0,53.062,51.093
137.35826015472412,0.059255361557006836,0,274193,-15,-151,False,52.0,53.062,51.093
137.41740131378174,0.05914115905761719,0,274193,-15,-151,False,52.0,53.062,51.093
137.50668501853943,0.08928370475769043,0,274200,-15,-151,False,52.0,53.062,51.093
137.56780195236206,0.061116933822631836,0,274205,-15,-151,False,52.0,53.062,51.093
137.63183093070984,0.06402897834777832,0,274205,-15,-151,False,52.0,53.062,51.093
137.70365190505981,0.07182097434997559,0,274210,-15,-151,False,52.0,53.062,51.093
137.76485514640808,0.0612032413482666,0,274216,-15,-151,False,52.0,53.062,51.093
137.8298077583313,0.06495261192321777,0,274216,-15,-151,False,52.0,53.062,51.093
137.90407133102417,0.0742635726928711,0,274220,-15,-151,False,52.0,53.062,51.093
137.97455978393555,0.07048845291137695,0,274225,-15,-151,False,52.0,53.062,51.093
138.03435397148132,0.05979418754577637,0,274225,-15,-151,False,52.0,53.062,51.093
138.0988392829895,0.06448531150817871,0,274228,-15,-151,False,52.0,53.062,51.093
138.18099761009216,0.08215832710266113,0,274232,-15,-151,False,52.0,53.062,51.093
138.24069786071777,0.05970025062561035,0,274235,-15,-151,False,52.0,53.062,51.093
138.30925250053406,0.06855463981628418,0,274235,-15,-151,False,52.0,53.062,51.093
138.38511753082275,0.07586503028869629,0,274236,-15,-151,False,52.0,53.062,51.093
138.4460699558258,0.06095242500305176,0,274238,-15,-151,False,52.0,53.062,51.093
138.50909399986267,0.06302404403686523,0,274238,-15,-151,False,52.0,53.062,51.093
138.57702136039734,0.06792736053466797,0,274238,-15,-151,False,52.0,53.062,51.093
138.65903043746948,0.08200907707214355,0,274238,-15,-151,False,52.0,53.062,51.093
138.72199392318726,0.06296348571777344,0,274238,-15,-151,False,52.0,53.062,51.093
138.7822515964508,0.060257673263549805,0,274238,-15,-151,False,52.0,53.062,51.093
138.8597548007965,0.07750320434570312,0,274237,-15,-151,False,52.0,53.062,51.093
138.9216160774231,0.061861276626586914,0,274237,-15,-151,False,52.0,53.062,51.093
138.9872636795044,0.06564760208129883,0,274237,-15,-151,False,52.0,53.062,51.093
139.0560884475708,0.06882476806640625,0,274235,-15,-151,False,52.0,53.062,51.093
139.13990259170532,0.08381414413452148,0,274235,-15,-151,False,52.0,53.062,51.093
139.20347094535828,0.0635683536529541,0,274235,-15,-151,False,52.0,53.062,51.093
139.26269125938416,0.059220314025878906,0,274234,-15,-151,False,51.781,52.875,51.062
139.3755602836609,0.1128690242767334,0,274233,-15,-151,False,51.781,52.875,51.062
139.44681191444397,0.07125163078308105,0,274232,-15,-151,False,51.781,52.875,51.062
139.51144909858704,0.0646371841430664,0,274232,-15,-151,False,51.781,52.875,51.062
139.58069586753845,0.06924676895141602,0,274231,-15,-151,False,51.781,52.875,51.062
139.65625143051147,0.07555556297302246,0,274230,-15,-151,False,51.781,52.875,51.062
139.7230315208435,0.06678009033203125,0,274230,-15,-151,False,51.781,52.875,51.062
139.78245186805725,0.05942034721374512,0,274229,-15,-151,False,51.781,52.875,51.062
139.84600830078125,0.06355643272399902,0,274228,-15,-151,False,51.781,52.875,51.062
139.92858123779297,0.08257293701171875,0,274227,-15,-151,False,51.781,52.875,51.062
139.99018788337708,0.061606645584106445,0,274227,-15,-151,False,51.781,52.875,51.062
140.04927229881287,0.059084415435791016,0,274227,-15,-151,False,51.781,52.875,51.062
140.13446879386902,0.08519649505615234,0,274225,-15,-151,False,51.781,52.875,51.062
140.20099401474,0.06652522087097168,0,274225,-15,-151,False,51.781,52.875,51.062
140.26090478897095,0.05991077423095703,0,274225,-15,-151,False,51.781,52.875,51.062
140.31963849067688,0.05873370170593262,0,274224,-15,-151,False,51.781,52.875,51.062
140.42132306098938,0.1016845703125,0,274223,-15,-151,False,51.781,52.875,51.062
140.4993076324463,0.07798457145690918,0,274223,-15,-151,False,51.781,52.875,51.062
140.56339311599731,0.06408548355102539,0,274223,-15,-150,False,51.781,52.875,51.062
140.63955950737,0.07616639137268066,0,274222,-15,-150,False,51.781,52.875,51.062
140.7293200492859,0.08976054191589355,0,274221,-15,-150,False,51.781,52.875,51.062
140.80069756507874,0.07137751579284668,0,274221,-15,-150,False,51.781,52.875,51.062
140.86511707305908,0.06441950798034668,0,274221,-15,-150,False,51.781,52.875,51.062
140.93830370903015,0.07318663597106934,0,274220,-15,-150,False,51.781,52.875,51.062
141.00525379180908,0.06695008277893066,0,274220,-15,-150,False,51.781,52.875,51.062
141.06380105018616,0.058547258377075195,0,274220,-15,-150,False,51.781,52.875,51.062
141.13254022598267,0.06873917579650879,0,274220,-15,-150,False,51.781,52.875,51.062
141.21328806877136,0.08074784278869629,0,274220,-15,-150,False,51.781,52.875,51.062
141.28252458572388,0.06923651695251465,0,274220,-15,-150,False,51.5,53.0,50.937
141.36369371414185,0.08116912841796875,0,274219,-15,-150,False,51.5,53.0,50.937
141.43822598457336,0.07453227043151855,0,274219,-15,-150,False,51.5,53.0,50.937
141.50800442695618,0.0697784423828125,0,274219,-15,-150,False,51.5,53.0,50.937
141.56697130203247,0.058966875076293945,0,274219,-15,-150,False,51.5,53.0,50.937
141.63135766983032,0.06438636779785156,0,274219,-15,-150,False,51.5,53.0,50.937
141.70652890205383,0.07517123222351074,0,274219,-15,-150,False,51.5,53.0,50.937
141.7668378353119,0.06030893325805664,0,274219,-15,-151,False,51.5,53.0,50.937
141.825852394104,0.05901455879211426,0,274219,-15,-150,False,51.5,53.0,50.937
141.89672756195068,0.07087516784667969,0,274219,-15,-150,False,51.5,53.0,50.937
141.9554934501648,0.05876588821411133,0,274219,-15,-150,False,51.5,53.0,50.937
142.0150089263916,0.05951547622680664,0,274219,-15,-150,False,51.5,53.0,50.937
142.0821681022644,0.06715917587280273,0,274219,-15,-150,False,51.5,53.0,50.937
142.15164422988892,0.06947612762451172,0,274219,-15,-150,False,51.5,53.0,50.937
142.2121229171753,0.06047868728637695,0,274219,-15,-150,False,51.5,53.0,50.937
142.2758014202118,0.06367850303649902,0,274219,-15,-150,False,51.5,53.0,50.937
142.35341811180115,0.07761669158935547,0,274219,-15,-150,False,51.5,53.0,50.937
142.41354036331177,0.06012225151062012,0,274219,-15,-150,False,51.5,53.0,50.937
142.47481083869934,0.06127047538757324,0,274219,-15,-150,False,51.5,53.0,50.937
142.54086327552795,0.06605243682861328,0,274219,-15,-150,False,51.5,53.0,50.937
142.62351655960083,0.08265328407287598,0,274219,-15,-150,False,51.5,53.0,50.937
142.6874339580536,0.06391739845275879,0,274219,-15,-150,False,51.5,53.0,50.937
142.7465660572052,0.05913209915161133,0,274219,-15,-150,False,51.5,53.0,50.937
142.82469058036804,0.0781245231628418,0,274219,-15,-150,False,51.5,53.0,50.937
142.8870153427124,0.06232476234436035,0,274219,-15,-150,False,51.5,53.0,50.937
142.95046877861023,0.06345343589782715,0,274219,-15,-150,False,51.5,53.0,50.937
143.0184202194214,0.06795144081115723,0,274219,-15,-150,False,51.5,53.0,50.937
143.10269260406494,0.08427238464355469,0,274219,-15,-150,False,51.5,53.0,50.937
143.16634368896484,0.06365108489990234,0,274219,-15,-150,False,51.5,53.0,50.937
143.22532963752747,0.05898594856262207,0,274219,-15,-150,False,51.5,53.0,50.937
143.30867671966553,0.08334708213806152,0,274219,-15,-150,False,51.656,52.906,50.968
143.38231229782104,0.07363557815551758,0,274219,-15,-150,False,51.656,52.906,50.968
143.4429042339325,0.060591936111450195,0,274219,-15,-150,False,51.656,52.906,50.968
143.5104739665985,0.06756973266601562,0,274219,-15,-150,False,51.656,52.906,50.968
143.5801453590393,0.0696713924407959,0,274219,-15,-150,False,51.656,52.906,50.968
143.64017844200134,0.06003308296203613,0,274219,-15,-150,False,51.656,52.906,50.968
143.70097088813782,0.06079244613647461,0,274219,-15,-150,False,51.656,52.906,50.968
143.8064398765564,0.1054689884185791,0,274219,-15,-150,False,51.656,52.906,50.968
143.87630224227905,0.06986236572265625,0,274219,-15,-150,False,51.656,52.906,50.968
143.93817925453186,0.06187701225280762,0,274219,-15,-150,False,51.656,52.906,50.968
144.0162079334259,0.07802867889404297,0,274219,-15,-150,False,51.656,52.906,50.968
144.08844375610352,0.0722358226776123,0,274219,-15,-150,False,51.656,52.906,50.968
144.15151739120483,0.06307363510131836,0,274219,-15,-150,False,51.656,52.906,50.968
144.21064734458923,0.059129953384399414,0,274219,-15,-150,False,51.656,52.906,50.968
144.29295301437378,0.0823056697845459,0,274219,-15,-150,False,51.656,52.906,50.968
144.380117893219,0.08716487884521484,0,274219,-15,-150,False,51.656,52.906,50.968
144.44376945495605,0.06365156173706055,0,274219,-15,-151,False,51.656,52.906,50.968
144.5032389163971,0.05946946144104004,0,274219,-15,-150,False,51.656,52.906,50.968
144.58750247955322,0.08426356315612793,0,274219,-15,-150,False,51.656,52.906,50.968
144.65545225143433,0.06794977188110352,0,274219,-15,-150,False,51.656,52.906,50.968
144.7149784564972,0.05952620506286621,0,274219,-15,-150,False,51.656,52.906,50.968
144.77367568016052,0.05869722366333008,0,274219,-15,-150,False,51.656,52.906,50.968
144.85600972175598,0.08233404159545898,0,274219,-15,-150,False,51.656,52.906,50.968
144.91809916496277,0.06208944320678711,0,274219,-15,-150,False,51.656,52.906,50.968
144.97747135162354,0.0593721866607666,0,274219,-15,-150,False,51.656,52.906,50.968
145.05652976036072,0.07905840873718262,0,274219,-15,-150,False,51.656,52.906,50.968
145.12755274772644,0.07102298736572266,0,274219,-15,-150,False,51.656,52.906,50.968
145.18746256828308,0.059909820556640625,0,274219,-15,-150,False,51.656,52.906,50.968
145.2460117340088,0.05854916572570801,0,274219,-15,-150,False,51.656,52.906,50.968
145.32902884483337,0.08301711082458496,0,274219,-15,-150,False,51.937,53.093,51.0
145.4032096862793,0.07418084144592285,0,274219,-15,-150,False,51.937,53.093,51.0
145.46343898773193,0.06022930145263672,0,274219,-15,-150,False,51.937,53.093,51.0
145.52215552330017,0.058716535568237305,0,274219,-15,-150,False,51.937,53.093,51.0
145.60408902168274,0.08193349838256836,0,274219,-15,-150,False,51.937,53.093,51.0
145.66405749320984,0.05996847152709961,0,274219,-15,-150,False,51.937,53.093,51.0
145.72470498085022,0.06064748764038086,0,274219,-15,-150,False,51.937,53.093,51.0
145.78349566459656,0.05879068374633789,0,274219,-15,-150,False,51.937,53.093,51.0
145.88029599189758,0.09680032730102539,0,274219,-15,-150,False,51.937,53.093,51.0
145.9480583667755,0.06776237487792969,0,274219,-15,-150,False,51.937,53.093,51.0
146.0105495452881,0.06249117851257324,0,274219,-15,-150,False,51.937,53.093,51.0
146.0794427394867,0.0688931941986084,0,274219,-15,-150,False,51.937,53.093,51.0
146.15181970596313,0.07237696647644043,0,274219,-15,-150,False,51.937,53.093,51.0
146.21446681022644,0.06264710426330566,0,274219,-15,-150,False,51.937,53.093,51.0
146.27448630332947,0.060019493103027344,0,274219,-15,-150,False,51.937,53.093,51.0
146.36710476875305,0.09261846542358398,0,274219,-15,-150,False,51.937,53.093,51.0
146.43840670585632,0.07130193710327148,0,274219,-15,-150,False,51.937,53.093,51.0
146.49790334701538,0.05949664115905762,0,274219,-15,-150,False,51.937,53.093,51.0
146.55699968338013,0.059096336364746094,0,274219,-15,-150,False,51.937,53.093,51.0
146.65685033798218,0.09985065460205078,0,274219,-15,-150,False,51.937,53.093,51.0
146.7296266555786,0.07277631759643555,0,274219,-15,-151,False,51.937,53.093,51.0
146.79270434379578,0.06307768821716309,0,274219,-15,-151,False,51.937,53.093,51.0
146.870103597641,0.07739925384521484,0,274219,-15,-150,False,51.937,53.093,51.0
146.95892310142517,0.08881950378417969,0,274219,-15,-150,False,51.937,53.093,51.0
147.0306212902069,0.07169818878173828,0,274219,-15,-150,False,51.937,53.093,51.0
147.09913110733032,0.06850981712341309,0,274219,-15,-150,False,51.937,53.093,51.0
147.1833257675171,0.08419466018676758,0,274219,-15,-151,False,51.937,53.093,51.0
147.24977612495422,0.06645035743713379,0,274219,-15,-151,False,51.937,53.093,51.0
147.3129961490631,0.06322002410888672,0,274219,-15,-150,False,51.937,53.093,51.0
147.38292932510376,0.06993317604064941,0,274219,-15,-150,False,51.812,53.218,51.0
147.46964120864868,0.08671188354492188,0,274219,-15,-150,False,51.812,53.218,51.0
147.53402042388916,0.06437921524047852,0,274219,-15,-150,False,51.812,53.218,51.0
147.59766507148743,0.0636446475982666,0,274219,-15,-150,False,51.812,53.218,51.0
147.6913731098175,0.09370803833007812,0,274219,-15,-151,False,51.812,53.218,51.0
147.7577724456787,0.06639933586120605,0,274219,-15,-151,False,51.812,53.218,51.0
147.81878447532654,0.06101202964782715,0,274219,-15,-150,False,51.812,53.218,51.0
147.92227935791016,0.10349488258361816,0,274219,-15,-150,False,51.812,53.218,51.0
147.99474906921387,0.07246971130371094,0,274219,-15,-151,False,51.812,53.218,51.0
148.06011843681335,0.0653693675994873,0,274219,-15,-150,False,51.812,53.218,51.0
148.12134385108948,0.06122541427612305,0,274219,-15,-150,False,51.812,53.218,51.0
148.1961634159088,0.07481956481933594,0,274219,-15,-150,False,51.812,53.218,51.0
148.25738263130188,0.061219215393066406,0,274219,-15,-150,False,51.812,53.218,51.0
148.32134127616882,0.06395864486694336,0,274219,-15,-150,False,51.812,53.218,51.0
148.38171458244324,0.06037330627441406,0,274219,-15,-150,False,51.812,53.218,51.0
148.45497393608093,0.07325935363769531,0,274219,-15,-151,False,51.812,53.218,51.0
148.51965832710266,0.06468439102172852,0,274219,-15,-151,False,51.812,53.218,51.0
148.57915949821472,0.05950117111206055,0,274219,-15,-150,False,51.812,53.218,51.0
148.63767075538635,0.05851125717163086,0,274219,-15,-150,False,51.812,53.218,51.0
148.7311418056488,0.09347105026245117,0,274219,-15,-150,False,51.812,53.218,51.0
148.7974009513855,0.06625914573669434,0,274219,-15,-151,False,51.812,53.218,51.0
148.85648274421692,0.0590817928314209,0,274219,-15,-150,False,51.812,53.218,51.0
148.91521430015564,0.0587315559387207,0,274219,-15,-150,False,51.812,53.218,51.0
148.98926639556885,0.07405209541320801,0,274219,-15,-150,False,51.812,53.218,51.0
149.04862785339355,0.05936145782470703,0,274219,-15,-150,False,51.812,53.218,51.0
149.10788989067078,0.05926203727722168,0,274219,-15,-150,False,51.812,53.218,51.0
149.167400598526,0.05951070785522461,0,274219,-15,-150,False,51.812,53.218,51.0
149.25101566314697,0.08361506462097168,0,274219,-15,-150,False,51.812,53.218,51.0
149.3114356994629,0.06042003631591797,0,274219,-15,-150,False,51.812,53.218,51.0
149.3727548122406,0.06131911277770996,0,274219,-15,-150,False,51.812,53.093,50.968
149.45933556556702,0.08658075332641602,0,274219,-15,-150,False,51.812,53.093,50.968
149.54871463775635,0.08937907218933105,0,274219,-15,-150,False,51.812,53.093,50.968
149.61716198921204,0.06844735145568848,0,274219,-15,-150,False,51.812,53.093,50.968
149.68202543258667,0.06486344337463379,0,274219,-15,-150,False,51.812,53.093,50.968
149.7728455066681,0.0908200740814209,0,274219,-15,-150,False,51.812,53.093,50.968
149.83906936645508,0.0662238597869873,0,274219,-15,-150,False,51.812,53.093,50.968
149.89925575256348,0.06018638610839844,0,274219,-15,-150,False,51.812,53.093,50.968
149.95937418937683,0.06011843681335449,0,274219,-15,-150,False,51.812,53.093,50.968
150.03809070587158,0.07871651649475098,0,274219,-15,-150,False,51.812,53.093,50.968
150.10290145874023,0.06481075286865234,0,274219,-15,-150,False,51.812,53.093,50.968
150.16181921958923,0.05891776084899902,0,274219,-15,-150,False,51.812,53.093,50.968
150.22075366973877,0.05893445014953613,0,274219,-15,-150,False,51.812,53.093,50.968
150.30299305915833,0.08223938941955566,0,274219,-15,-150,False,51.812,53.093,50.968
150.3660969734192,0.06310391426086426,0,274219,-15,-150,False,51.812,53.093,50.968
150.42487740516663,0.05878043174743652,0,274219,-15,-150,False,51.812,53.093,50.968
150.4839563369751,0.05907893180847168,0,274219,-15,-150,False,51.812,53.093,50.968
150.5559618473053,0.0720055103302002,0,274219,-15,-150,False,51.812,53.093,50.968
150.61662220954895,0.060660362243652344,0,274219,-15,-150,False,51.812,53.093,50.968
150.6757640838623,0.05914187431335449,0,274219,-15,-150,False,51.812,53.093,50.968
150.74146151542664,0.06569743156433105,0,274219,-15,-151,False,51.812,53.093,50.968
150.81735062599182,0.07588911056518555,0,274219,-15,-151,False,51.812,53.093,50.968
150.8774471282959,0.06009650230407715,0,274219,-15,-150,False,51.812,53.093,50.968
150.94577050209045,0.06832337379455566,0,274219,-15,-150,False,51.812,53.093,50.968
151.02104830741882,0.07527780532836914,0,274219,-15,-150,False,51.812,53.093,50.968
151.0892050266266,0.06815671920776367,0,274219,-15,-151,False,51.812,53.093,50.968
151.15003180503845,0.060826778411865234,0,274219,-15,-150,False,51.812,53.093,50.968
151.21114778518677,0.06111598014831543,0,274219,-15,-150,False,51.812,53.093,50.968
151.29503750801086,0.08388972282409668,0,274219,-15,-150,False,51.812,53.093,50.968
151.38454270362854,0.08950519561767578,0,274219,-15,-150,False,51.437,52.843,51.0
151.46436595916748,0.07982325553894043,0,274219,-15,-150,False,51.437,52.843,51.0
151.52815675735474,0.06379079818725586,0,274219,-15,-151,False,51.437,52.843,51.0
151.6112380027771,0.08308124542236328,0,274219,-15,-151,False,51.437,52.843,51.0
151.67455196380615,0.06331396102905273,0,274219,-15,-150,False,51.437,52.843,51.0
151.73463129997253,0.060079336166381836,0,274219,-15,-150,False,51.437,52.843,51.0
151.79314064979553,0.05850934982299805,0,274219,-15,-150,False,51.437,52.843,51.0
151.8741111755371,0.08097052574157715,0,274219,-15,-150,False,51.437,52.843,51.0
151.94080185890198,0.06669068336486816,0,274219,-15,-150,False,51.437,52.843,51.0
152.00286626815796,0.062064409255981445,0,274219,-15,-150,False,51.437,52.843,51.0
152.0618462562561,0.05897998809814453,0,274219,-15,-151,False,51.437,52.843,51.0
152.1529061794281,0.09105992317199707,0,274219,-15,-150,False,51.437,52.843,51.0
152.21820616722107,0.06529998779296875,0,274219,-15,-150,False,51.437,52.843,51.0
152.27839612960815,0.06018996238708496,0,274219,-15,-150,False,51.437,52.843,51.0
152.33778500556946,0.05938887596130371,0,274219,-15,-150,False,51.437,52.843,51.0
152.43817591667175,0.10039091110229492,0,274219,-15,-150,False,51.437,52.843,51.0
152.50509762763977,0.06692171096801758,0,274219,-15,-150,False,51.437,52.843,51.0
152.56533980369568,0.0602421760559082,0,274219,-15,-150,False,51.437,52.843,51.0
152.64083552360535,0.07549571990966797,0,274219,-15,-150,False,51.437,52.843,51.0
152.72910141944885,0.08826589584350586,0,274219,-15,-150,False,51.437,52.843,51.0
152.80089926719666,0.07179784774780273,0,274219,-15,-150,False,51.437,52.843,51.0
152.86417174339294,0.06327247619628906,0,274219,-15,-150,False,51.437,52.843,51.0
152.96939969062805,0.10522794723510742,0,274219,-15,-150,False,51.437,52.843,51.0
153.04224276542664,0.07284307479858398,0,274219,-15,-150,False,51.437,52.843,51.0
153.10515928268433,0.06291651725769043,0,274219,-15,-151,False,51.437,52.843,51.0
153.19913625717163,0.09397697448730469,0,274219,-15,-151,False,51.437,52.843,51.0
153.27142977714539,0.07229351997375488,0,274219,-15,-150,False,51.437,52.843,51.0
153.3367359638214,0.06530618667602539,0,274219,-15,-150,False,51.437,52.843,51.0
153.39595365524292,0.05921769142150879,0,274219,-15,-150,False,51.718,52.937,51.0
153.4775846004486,0.08163094520568848,0,274219,-15,-150,False,51.718,52.937,51.0
153.53766512870789,0.060080528259277344,0,274219,-15,-150,False,51.718,52.937,51.0
153.6111958026886,0.07353067398071289,0,274219,-15,-150,False,51.718,52.937,51.0
153.68897676467896,0.07778096199035645,0,274219,-15,-150,False,51.718,52.937,51.0
153.76707100868225,0.0780942440032959,0,274219,-15,-150,False,51.718,52.937,51.0
153.83078479766846,0.06371378898620605,0,274219,-15,-150,False,51.718,52.937,51.0
153.88997411727905,0.0591893196105957,0,274219,-15,-150,False,51.718,52.937,51.0
153.95918130874634,0.06920719146728516,0,274219,-15,-150,False,51.718,52.937,51.0
154.04439401626587,0.08521270751953125,0,274220,-15,-150,False,51.718,52.937,51.0
154.10888648033142,0.06449246406555176,0,274222,-15,-150,False,51.718,52.937,51.0
154.16845393180847,0.05956745147705078,0,274222,-15,-150,False,51.718,52.937,51.0
154.25454115867615,0.08608722686767578,0,274223,-15,-150,False,51.718,52.937,51.0
154.32371616363525,0.06917500495910645,0,274225,-15,-150,False,51.718,52.937,51.0
154.38414788246155,0.060431718826293945,0,274225,-15,-150,False,51.718,52.937,51.0
154.44337511062622,0.05922722816467285,0,274229,-15,-150,False,51.718,52.937,51.0
154.53450870513916,0.09113359451293945,0,274233,-15,-150,False,51.718,52.937,51.0
154.6023530960083,0.06784439086914062,0,274237,-15,-151,False,51.718,52.937,51.0
154.66302680969238,0.06067371368408203,0,274237,-15,-151,False,51.718,52.937,51.0
154.72188687324524,0.058860063552856445,0,274242,-15,-151,False,51.718,52.937,51.0
154.81755566596985,0.09566879272460938,0,274248,-15,-151,False,51.718,52.937,51.0
154.8885943889618,0.07103872299194336,0,274248,-15,-151,False,51.718,52.937,51.0
154.9505181312561,0.06192374229431152,0,274256,-15,-151,False,51.718,52.937,51.0
155.01176190376282,0.06124377250671387,0,274262,-15,-151,False,51.718,52.937,51.0
155.0923295021057,0.08056759834289551,0,274270,-15,-151,False,51.718,52.937,51.0
155.15679144859314,0.06446194648742676,0,274270,-15,-151,False,51.718,52.937,51.0
155.21687841415405,0.060086965560913086,0,274276,-15,-151,False,51.718,52.937,51.0
155.27574157714844,0.058863162994384766,0,274284,-15,-151,False,51.718,52.937,51.0
155.35925483703613,0.08351325988769531,0,274284,-15,-151,False,51.718,52.937,51.0
155.42033123970032,0.06107640266418457,0,274291,-15,-151,False,51.843,53.125,51.156
155.4884693622589,0.06813812255859375,0,274298,-15,-151,False,51.843,53.125,51.156
155.56745290756226,0.07898354530334473,0,274298,-15,-151,False,51.843,53.125,51.156
155.6362645626068,0.06881165504455566,0,274305,-15,-151,False,51.843,53.125,51.156
155.700443983078,0.0641794204711914,0,274312,-15,-151,False,51.843,53.125,51.156
155.7614231109619,0.06097912788391113,0,274312,-15,-151,False,51.843,53.125,51.156
155.84068417549133,0.07926106452941895,0,274320,-15,-151,False,51.843,53.125,51.156
155.9202766418457,0.07959246635437012,0,274327,-15,-151,False,51.843,53.125,51.156
155.9846441745758,0.06436753273010254,0,274327,-15,-151,False,51.843,53.125,51.156
156.0447871685028,0.06014299392700195,0,274335,-15,-151,False,51.843,53.125,51.156
156.11409735679626,0.06931018829345703,0,274343,-15,-151,False,51.843,53.125,51.156
156.17835140228271,0.0642540454864502,0,274343,-15,-151,False,51.843,53.125,51.156
156.23707151412964,0.05872011184692383,0,274350,-15,-151,False,51.843,53.125,51.156
156.29591035842896,0.058838844299316406,0,274358,-15,-151,False,51.843,53.125,51.156
156.36801671981812,0.07210636138916016,0,274358,-15,-151,False,51.843,53.125,51.156
156.4288730621338,0.06085634231567383,0,274365,-15,-151,False,51.843,53.125,51.156
156.4905321598053,0.06165909767150879,0,274373,-15,-151,False,51.843,53.125,51.156
156.5492775440216,0.058745384216308594,0,274373,-15,-151,False,51.843,53.125,51.156
156.6272678375244,0.07799029350280762,0,274380,-15,-151,False,51.843,53.125,51.156
156.68725490570068,0.05998706817626953,0,274388,-15,-152,False,51.843,53.125,51.156
156.74999523162842,0.06274032592773438,0,274396,-15,-151,False,51.843,53.125,51.156
156.87225461006165,0.12225937843322754,0,274403,-15,-151,False,51.843,53.125,51.156
156.9487156867981,0.0764610767364502,0,274403,-15,-151,False,51.843,53.125,51.156
157.01416492462158,0.06544923782348633,0,274412,-15,-151,False,51.843,53.125,51.156
157.09273886680603,0.07857394218444824,0,274419,-15,-152,False,51.843,53.125,51.156
157.1860339641571,0.09329509735107422,0,274427,-15,-151,False,51.843,53.125,51.156
157.26265835762024,0.07662439346313477,0,274427,-15,-151,False,51.843,53.125,51.156
157.32720375061035,0.0645453929901123,0,274434,-15,-152,False,51.843,53.125,51.156
157.41136407852173,0.08416032791137695,0,274441,-15,-152,False,51.843,53.125,51.156
157.47809982299805,0.06673574447631836,0,274449,-15,-151,False,51.718,53.093,51.031
157.55069541931152,0.07259559631347656,0,274449,-15,-151,False,51.718,53.093,51.031
157.62052035331726,0.0698249340057373,0,274456,-15,-151,False,51.718,53.093,51.031
157.69942951202393,0.07890915870666504,0,274464,-15,-151,False,51.718,53.093,51.031
157.76807045936584,0.06864094734191895,0,274464,-15,-151,False,51.718,53.093,51.031
157.82794904708862,0.05987858772277832,0,274471,-15,-152,False,51.718,53.093,51.031
157.9013397693634,0.07339072227478027,0,274479,-15,-152,False,51.718,53.093,51.031
157.97899794578552,0.07765817642211914,0,274487,-15,-151,False,51.718,53.093,51.031
158.04512000083923,0.06612205505371094,0,274487,-15,-151,False,51.718,53.093,51.031
158.105397939682,0.06027793884277344,0,274494,-15,-152,False,51.718,53.093,51.031
158.20257019996643,0.09717226028442383,0,274502,-15,-151,False,51.718,53.093,51.031
158.27290153503418,0.07033133506774902,0,274509,-15,-151,False,51.718,53.093,51.031
158.34147191047668,0.06857037544250488,0,274509,-15,-151,False,51.718,53.093,51.031
158.40150237083435,0.060030460357666016,0,274517,-15,-151,False,51.718,53.093,51.031
158.47741413116455,0.0759117603302002,0,274525,-15,-151,False,51.718,53.093,51.031
158.54499650001526,0.06758236885070801,0,274525,-15,-151,False,51.718,53.093,51.031
158.60408306121826,0.05908656120300293,0,274532,-15,-151,False,51.718,53.093,51.031
158.66328716278076,0.0592041015625,0,274540,-15,-151,False,51.718,53.093,51.031
158.76597499847412,0.10268783569335938,0,274547,-15,-151,False,51.718,53.093,51.031
158.84059119224548,0.0746161937713623,0,274547,-15,-151,False,51.718,53.093,51.031
158.90374612808228,0.06315493583679199,0,274555,-15,-151,False,51.718,53.093,51.031
158.96345210075378,0.05970597267150879,0,274563,-15,-151,False,51.718,53.093,51.031
159.0396180152893,0.07616591453552246,0,274563,-15,-151,False,51.718,53.093,51.031
159.10089540481567,0.06127738952636719,0,274570,-15,-151,False,51.718,53.093,51.031
159.1602919101715,0.05939650535583496,0,274578,-15,-151,False,51.718,53.093,51.031
159.22135472297668,0.06106281280517578,0,274578,-15,-151,False,51.718,53.093,51.031
159.3080861568451,0.0867314338684082,0,274585,-15,-151,False,51.718,53.093,51.031
159.37231612205505,0.06422996520996094,0,274593,-15,-151,False,51.718,53.093,51.031
159.43545722961426,0.0631411075592041,0,274593,-15,-151,False,51.718,53.093,51.031
159.49432253837585,0.05886530876159668,0,274600,-15,-151,False,51.875,53.125,51.062
159.58042645454407,0.08610391616821289,0,274607,-15,-151,False,51.875,53.125,51.062
159.64514994621277,0.06472349166870117,0,274607,-15,-151,False,51.875,53.125,51.062
159.7049379348755,0.05978798866271973,0,274615,-15,-151,False,51.875,53.125,51.062
159.76383447647095,0.058896541595458984,0,274621,-15,-151,False,51.875,53.125,51.062
159.84585428237915,0.08201980590820312,0,274621,-15,-151,False,51.875,53.125,51.062
159.90821814537048,0.06236386299133301,0,274629,-15,-151,False,51.875,53.125,51.062
159.96744632720947,0.05922818183898926,0,274635,-15,-152,False,51.875,53.125,51.062
160.027991771698,0.06054544448852539,0,274643,-15,-152,False,51.875,53.125,51.062
160.1151773929596,0.08718562126159668,0,274643,-15,-152,False,51.875,53.125,51.062
160.17722725868225,0.06204986572265625,0,274649,-15,-152,False,51.875,53.125,51.062
160.23917651176453,0.06194925308227539,0,274649,-15,-152,False,51.875,53.125,51.062
160.29797840118408,0.058801889419555664,0,274656,-15,-152,False,51.875,53.125,51.062
160.39437413215637,0.09639573097229004,0,274663,-15,-152,False,51.875,53.125,51.062
160.45552349090576,0.06114935874938965,0,274669,-15,-152,False,51.875,53.125,51.062
160.518714427948,0.06319093704223633,0,274677,-15,-153,False,51.875,53.125,51.062
160.6417796611786,0.12306523323059082,0,274683,-15,-153,False,51.875,53.125,51.062
160.72529673576355,0.08351707458496094,0,274683,-15,-153,False,51.875,53.125,51.062
160.79679203033447,0.07149529457092285,0,274690,-15,-153,False,51.875,53.125,51.062
160.88523149490356,0.0884394645690918,0,274697,-15,-153,False,51.875,53.125,51.062
160.95556449890137,0.07033300399780273,0,274703,-15,-153,False,51.875,53.125,51.062
161.0252821445465,0.0697176456451416,0,274703,-15,-153,False,51.875,53.125,51.062
161.08624982833862,0.06096768379211426,0,274711,-15,-153,False,51.875,53.125,51.062
161.16976857185364,0.08351874351501465,0,274717,-15,-153,False,51.875,53.125,51.062
161.23299050331116,0.06322193145751953,0,274717,-15,-153,False,51.875,53.125,51.062
161.2927668094635,0.05977630615234375,0,274723,-15,-153,False,51.875,53.125,51.062
161.35190773010254,0.059140920639038086,0,274730,-15,-153,False,51.875,53.125,51.062
161.44658303260803,0.09467530250549316,0,274736,-15,-153,False,51.875,53.125,51.062
161.52755498886108,0.08097195625305176,0,274736,-15,-153,False,51.593,52.906,51.0
161.6032211780548,0.07566618919372559,0,274750,-15,-153,False,51.593,52.906,51.0
161.73306155204773,0.12984037399291992,0,274756,-15,-153,False,51.593,52.906,51.0
161.83318662643433,0.10012507438659668,0,274763,-15,-154,False,51.593,52.906,51.0
161.9096531867981,0.07646656036376953,0,274770,-15,-154,False,51.593,52.906,51.0
162.01053619384766,0.10088300704956055,0,274770,-15,-154,False,51.593,52.906,51.0
162.08199095726013,0.07145476341247559,0,274777,-15,-154,False,51.593,52.906,51.0
162.1456117630005,0.06362080574035645,0,274784,-15,-154,False,51.593,52.906,51.0
162.22416996955872,0.07855820655822754,0,274791,-15,-154,False,51.593,52.906,51.0
162.31817889213562,0.0940089225769043,0,274791,-15,-154,False,51.593,52.906,51.0
162.38706040382385,0.06888151168823242,0,274798,-15,-155,False,51.593,52.906,51.0
162.45028233528137,0.06322193145751953,0,274805,-15,-155,False,51.593,52.906,51.0
162.5426733493805,0.0923910140991211,0,274813,-15,-155,False,51.593,52.906,51.0
162.61227440834045,0.06960105895996094,0,274813,-15,-155,False,51.593,52.906,51.0
162.67308163642883,0.060807228088378906,0,274819,-15,-155,False,51.593,52.906,51.0
162.74727392196655,0.07419228553771973,0,274826,-15,-155,False,51.593,52.906,51.0
162.82177090644836,0.07449698448181152,0,274826,-15,-155,False,51.593,52.906,51.0
162.88478755950928,0.06301665306091309,0,274834,-15,-155,False,51.593,52.906,51.0
162.9445402622223,0.059752702713012695,0,274840,-15,-155,False,51.593,52.906,51.0
163.00538969039917,0.06084942817687988,0,274840,-15,-155,False,51.593,52.906,51.0
163.08138179779053,0.07599210739135742,0,274848,-15,-155,False,51.593,52.906,51.0
163.14139580726624,0.06001400947570801,0,274855,-15,-155,False,51.593,52.906,51.0
163.2021198272705,0.06072402000427246,0,274855,-15,-155,False,51.593,52.906,51.0
163.26203989982605,0.05992007255554199,0,274863,-15,-155,False,51.593,52.906,51.0
163.3550670146942,0.09302711486816406,0,274870,-15,-156,False,51.593,52.906,51.0
163.41970944404602,0.06464242935180664,0,274877,-15,-156,False,51.593,52.906,51.0
163.48261857032776,0.06290912628173828,0,274877,-15,-156,False,51.593,52.906,51.0
163.56089758872986,0.07827901840209961,0,274885,-15,-156,False,51.75,53.218,51.062
163.67584109306335,0.1149435043334961,0,274891,-15,-156,False,51.75,53.218,51.062
163.74848532676697,0.07264423370361328,0,274899,-15,-155,False,51.75,53.218,51.062
163.812566280365,0.06408095359802246,0,274906,-15,-156,False,51.75,53.218,51.062
163.89664459228516,0.08407831192016602,0,274906,-15,-156,False,51.75,53.218,51.062
163.96314668655396,0.06650209426879883,0,274913,-15,-156,False,51.75,53.218,51.062
164.0237488746643,0.06060218811035156,0,274921,-15,-156,False,51.75,53.218,51.062
164.0844898223877,0.06074094772338867,0,274927,-15,-156,False,51.75,53.218,51.062
164.18806076049805,0.10357093811035156,0,274927,-15,-156,False,51.75,53.218,51.062
164.25971508026123,0.0716543197631836,0,274935,-15,-156,False,51.75,53.218,51.062
164.32268023490906,0.06296515464782715,0,274942,-15,-156,False,51.75,53.218,51.062
164.3828890323639,0.060208797454833984,0,274942,-15,-156,False,51.75,53.218,51.062
164.46529054641724,0.08240151405334473,0,274949,-15,-156,False,51.75,53.218,51.062
164.52746534347534,0.06217479705810547,0,274957,-15,-156,False,51.75,53.218,51.062
164.59043312072754,0.06296777725219727,0,274957,-15,-156,False,51.75,53.218,51.062
164.67208790779114,0.08165478706359863,0,274963,-15,-156,False,51.75,53.218,51.062
164.7670862674713,0.09499835968017578,0,274970,-15,-156,False,51.75,53.218,51.062
164.83898997306824,0.07190370559692383,0,274978,-15,-156,False,51.75,53.218,51.062
164.90415501594543,0.06516504287719727,0,274984,-15,-156,False,51.75,53.218,51.062
165.0004963874817,0.09634137153625488,0,274992,-15,-156,False,51.75,53.218,51.062
165.07179164886475,0.07129526138305664,0,274992,-15,-156,False,51.75,53.218,51.062
165.13325214385986,0.06146049499511719,0,274999,-15,-156,False,51.75,53.218,51.062
165.1929314136505,0.059679269790649414,0,275006,-15,-156,False,51.75,53.218,51.062
165.27490234375,0.0819709300994873,0,275006,-15,-156,False,51.75,53.218,51.062
165.34130573272705,0.06640338897705078,0,275013,-15,-155,False,51.75,53.218,51.062
165.40151453018188,0.060208797454833984,0,275019,-15,-155,False,51.75,53.218,51.062
165.46445655822754,0.0629420280456543,0,275019,-15,-155,False,51.75,53.218,51.062
165.55428433418274,0.0898277759552002,0,275027,-15,-156,False,51.75,53.281,51.062
165.62581872940063,0.07153439521789551,0,275034,-15,-155,False,51.75,53.281,51.062
165.6861114501953,0.060292720794677734,0,275034,-15,-155,False,51.75,53.281,51.062
165.75801801681519,0.07190656661987305,0,275041,-15,-155,False,51.75,53.281,51.062
165.84793210029602,0.08991408348083496,0,275049,-15,-155,False,51.75,53.281,51.062
165.91372919082642,0.06579709053039551,0,275055,-15,-155,False,51.75,53.281,51.062
165.97793698310852,0.06420779228210449,0,275063,-15,-156,False,51.75,53.281,51.062
166.08081364631653,0.10287666320800781,0,275070,-15,-155,False,51.75,53.281,51.062
166.15950965881348,0.07869601249694824,0,275070,-15,-155,False,51.75,53.281,51.062
166.22960710525513,0.07009744644165039,0,275078,-15,-155,False,51.75,53.281,51.062
166.3034646511078,0.07385754585266113,0,275085,-15,-155,False,51.75,53.281,51.062
166.3834991455078,0.08003449440002441,0,275091,-15,-155,False,51.75,53.281,51.062
166.45631885528564,0.07281970977783203,0,275091,-15,-155,False,51.75,53.281,51.062
166.5181405544281,0.061821699142456055,0,275099,-15,-156,False,51.75,53.281,51.062
166.62065505981445,0.10251450538635254,0,275106,-15,-155,False,51.75,53.281,51.062
166.6934108734131,0.07275581359863281,0,275113,-15,-156,False,51.75,53.281,51.062
166.75856971740723,0.06515884399414062,0,275113,-15,-156,False,51.75,53.281,51.062
166.82170915603638,0.06313943862915039,0,275120,-15,-156,False,51.75,53.281,51.062
166.90432167053223,0.08261251449584961,0,275127,-15,-156,False,51.75,53.281,51.062
166.96962213516235,0.06530046463012695,0,275127,-15,-156,False,51.75,53.281,51.062
167.03164291381836,0.06202077865600586,0,275135,-15,-156,False,51.75,53.281,51.062
167.11382722854614,0.0821843147277832,0,275143,-15,-156,False,51.75,53.281,51.062
167.20578002929688,0.09195280075073242,0,275150,-15,-156,False,51.75,53.281,51.062
167.27291631698608,0.06713628768920898,0,275150,-15,-156,False,51.75,53.281,51.062
167.3390007019043,0.06608438491821289,0,275157,-15,-156,False,51.75,53.281,51.062
167.43843388557434,0.09943318367004395,0,275164,-15,-156,False,51.75,53.281,51.062
167.51518654823303,0.0767526626586914,0,275171,-15,-156,False,51.75,53.281,51.062
167.57908248901367,0.06389594078063965,0,275179,-15,-156,False,51.781,53.218,51.062
167.66075038909912,0.08166790008544922,0,275186,-15,-156,False,51.781,53.218,51.062
167.7525851726532,0.09183478355407715,0,275186,-15,-156,False,51.781,53.218,51.062
167.82910180091858,0.07651662826538086,0,275194,-15,-156,False,51.781,53.218,51.062
167.89523267745972,0.0661308765411377,0,275200,-15,-156,False,51.781,53.218,51.062
167.9942605495453,0.09902787208557129,0,275207,-15,-156,False,51.781,53.218,51.062
168.0581250190735,0.06386446952819824,0,275207,-15,-156,False,51.781,53.218,51.062
168.12176394462585,0.06363892555236816,0,275215,-15,-155,False,51.781,53.218,51.062
168.2023105621338,0.08054661750793457,0,275222,-15,-155,False,51.781,53.218,51.062
168.28900146484375,0.08669090270996094,0,275229,-15,-155,False,51.781,53.218,51.062
168.35180616378784,0.0628046989440918,0,275229,-15,-155,False,51.781,53.218,51.062
168.41400933265686,0.062203168869018555,0,275235,-15,-155,False,51.781,53.218,51.062
168.49001598358154,0.07600665092468262,0,275243,-15,-155,False,51.781,53.218,51.062
168.55402612686157,0.0640101432800293,0,275243,-15,-155,False,51.781,53.218,51.062
168.61659693717957,0.06257081031799316,0,275249,-15,-155,False,51.781,53.218,51.062
168.6765913963318,0.05999445915222168,0,275256,-15,-155,False,51.781,53.218,51.062
168.7524812221527,0.07588982582092285,0,275256,-15,-155,False,51.781,53.218,51.062
168.81455373764038,0.0620725154876709,0,275263,-15,-155,False,51.781,53.218,51.062
168.87441420555115,0.0598604679107666,0,275270,-15,-155,False,51.781,53.218,51.062
168.93752360343933,0.0631093978881836,0,275270,-15,-155,False,51.781,53.218,51.062
169.0084729194641,0.07094931602478027,0,275276,-15,-155,False,51.781,53.218,51.062
169.06850266456604,0.06002974510192871,0,275283,-15,-155,False,51.781,53.218,51.062
169.13046717643738,0.06196451187133789,0,275283,-15,-155,False,51.781,53.218,51.062
169.21894788742065,0.08848071098327637,0,275290,-15,-155,False,51.781,53.218,51.062
169.28890991210938,0.0699620246887207,0,275298,-15,-155,False,51.781,53.218,51.062
169.35281491279602,0.06390500068664551,0,275298,-15,-155,False,51.781,53.218,51.062
169.4126226902008,0.059807777404785156,0,275305,-15,-154,False,51.781,53.218,51.062
169.4928731918335,0.08025050163269043,0,275312,-15,-154,False,51.781,53.218,51.062
169.54601311683655,0.05313992500305176,0,275312,-15,-154,False,51.781,53.218,51.062
169.60653114318848,0.06051802635192871,0,275319,-15,-154,False,51.812,53.156,51.375
169.68809390068054,0.08156275749206543,0,275326,-15,-154,False,51.812,53.156,51.375
169.75189113616943,0.0637972354888916,0,275326,-15,-154,False,51.812,53.156,51.375
169.81306505203247,0.06117391586303711,0,275334,-15,-153,False,51.812,53.156,51.375
169.8789782524109,0.06591320037841797,0,275341,-15,-154,False,51.812,53.156,51.375
169.95497250556946,0.07599425315856934,0,275341,-15,-154,False,51.812,53.156,51.375
170.0162651538849,0.06129264831542969,0,275348,-15,-153,False,51.812,53.156,51.375
170.08451795578003,0.0682528018951416,0,275355,-15,-153,False,51.812,53.156,51.375
170.15448760986328,0.06996965408325195,0,275363,-15,-153,False,51.812,53.156,51.375
170.22134494781494,0.06685733795166016,0,275363,-15,-153,False,51.812,53.156,51.375
170.2819790840149,0.06063413619995117,0,275370,-15,-153,False,51.812,53.156,51.375
170.34631085395813,0.0643317699432373,0,275378,-15,-153,False,51.812,53.156,51.375
170.43065810203552,0.08434724807739258,0,275378,-15,-153,False,51.812,53.156,51.375
170.49516320228577,0.06450510025024414,0,275386,-15,-153,False,51.812,53.156,51.375
170.5556924343109,0.060529232025146484,0,275392,-15,-153,False,51.812,53.156,51.375
170.63366389274597,0.0779714584350586,0,275392,-15,-153,False,51.812,53.156,51.375
170.69520139694214,0.06153750419616699,0,275401,-15,-153,False,51.812,53.156,51.375
170.75709319114685,0.061891794204711914,0,275408,-15,-153,False,51.812,53.156,51.375
170.8319501876831,0.07485699653625488,0,275408,-15,-153,False,51.812,53.156,51.375
170.90613555908203,0.07418537139892578,0,275415,-15,-152,False,51.812,53.156,51.375
170.96886229515076,0.06272673606872559,0,275422,-15,-152,False,51.812,53.156,51.375
171.0304925441742,0.0616302490234375,0,275430,-15,-152,False,51.812,53.156,51.375
171.13846731185913,0.10797476768493652,0,275438,-15,-152,False,51.812,53.156,51.375
171.21275234222412,0.07428503036499023,0,275438,-15,-152,False,51.812,53.156,51.375
171.28465294837952,0.07190060615539551,0,275444,-15,-152,False,51.812,53.156,51.375
171.35805320739746,0.07340025901794434,0,275452,-15,-152,False,51.812,53.156,51.375
171.43905401229858,0.08100080490112305,0,275459,-15,-152,False,51.812,53.156,51.375
171.5090525150299,0.06999850273132324,0,275459,-15,-152,False,51.812,53.156,51.375
171.5743763446808,0.0653238296508789,0,275467,-15,-152,False,51.812,53.156,51.375
171.6579885482788,0.08361220359802246,0,275475,-15,-152,False,51.875,53.531,51.125
171.726487159729,0.06849861145019531,0,275475,-15,-152,False,51.875,53.531,51.125
171.78717827796936,0.060691118240356445,0,275482,-15,-152,False,51.875,53.531,51.125
171.87980246543884,0.09262418746948242,0,275490,-15,-152,False,51.875,53.531,51.125
171.94865655899048,0.06885409355163574,0,275498,-15,-152,False,51.875,53.531,51.125
172.01016974449158,0.06151318550109863,0,275498,-15,-152,False,51.875,53.531,51.125
172.0717694759369,0.0615997314453125,0,275505,-15,-152,False,51.875,53.531,51.125
172.1754651069641,0.10369563102722168,0,275513,-15,-152,False,51.875,53.531,51.125
172.24990725517273,0.07444214820861816,0,275520,-15,-152,False,51.875,53.531,51.125
172.31602883338928,0.06612157821655273,0,275528,-15,-152,False,51.875,53.531,51.125
172.41958594322205,0.10355710983276367,0,275535,-15,-152,False,51.875,53.531,51.125
172.49862051010132,0.07903456687927246,0,275535,-15,-152,False,51.875,53.531,51.125
172.56493425369263,0.0663137435913086,0,275543,-15,-152,False,51.875,53.531,51.125
172.62560176849365,0.06066751480102539,0,275551,-15,-152,False,51.875,53.531,51.125
172.7174289226532,0.0918271541595459,0,275551,-15,-152,False,51.875,53.531,51.125
172.7785942554474,0.06116533279418945,0,275559,-15,-152,False,51.875,53.531,51.125
172.8437740802765,0.06517982482910156,0,275567,-15,-152,False,51.875,53.531,51.125
172.9208128452301,0.07703876495361328,0,275574,-15,-152,False,51.875,53.531,51.125
172.99724459648132,0.0764317512512207,0,275574,-15,-152,False,51.875,53.531,51.125
173.06041622161865,0.0631716251373291,0,275582,-15,-152,False,51.875,53.531,51.125
173.12097907066345,0.060562849044799805,0,275590,-15,-152,False,51.875,53.531,51.125
173.19709086418152,0.0761117935180664,0,275590,-15,-152,False,51.875,53.531,51.125
173.28269028663635,0.08559942245483398,0,275597,-15,-152,False,51.875,53.531,51.125
173.35532069206238,0.07263040542602539,0,275606,-15,-152,False,51.875,53.531,51.125
173.4196560382843,0.06433534622192383,0,275613,-15,-152,False,51.875,53.531,51.125
173.49795031547546,0.07829427719116211,0,275613,-15,-152,False,51.875,53.531,51.125
173.56383514404297,0.06588482856750488,0,275621,-15,-152,False,51.875,53.531,51.125
173.6267409324646,0.06290578842163086,0,275629,-15,-152,False,51.875,53.531,51.125
173.6950466632843,0.06830573081970215,0,275629,-15,-152,False,52.093,53.187,51.187
173.7767174243927,0.08167076110839844,0,275636,-15,-152,False,52.093,53.187,51.187
173.8405568599701,0.06383943557739258,0,275644,-15,-152,False,52.093,53.187,51.187
173.90337467193604,0.06281781196594238,0,275651,-15,-152,False,52.093,53.187,51.187
173.9857668876648,0.08239221572875977,0,275651,-15,-152,False,52.093,53.187,51.187
174.0476484298706,0.06188154220581055,0,275659,-15,-152,False,52.093,53.187,51.187
174.10836172103882,0.06071329116821289,0,275659,-15,-152,False,52.093,53.187,51.187
174.18435382843018,0.07599210739135742,0,275667,-15,-152,False,52.093,53.187,51.187
174.25470352172852,0.07034969329833984,0,275674,-15,-152,False,52.093,53.187,51.187
174.31588697433472,0.06118345260620117,0,275682,-15,-152,False,52.093,53.187,51.187
174.38195872306824,0.06607174873352051,0,275682,-15,-152,False,52.093,53.187,51.187
174.4529869556427,0.07102823257446289,0,275690,-15,-152,False,52.093,53.187,51.187
174.51506543159485,0.06207847595214844,0,275697,-15,-152,False,52.093,53.187,51.187
174.58328223228455,0.06821680068969727,0,275697,-15,-152,False,52.093,53.187,51.187
174.65902829170227,0.07574605941772461,0,275704,-15,-152,False,52.093,53.187,51.187
174.73170495033264,0.0726766586303711,0,275712,-15,-152,False,52.093,53.187,51.187
174.79628658294678,0.06458163261413574,0,275712,-15,-152,False,52.093,53.187,51.187
174.85677123069763,0.06048464775085449,0,275719,-15,-152,False,52.093,53.187,51.187
174.93889331817627,0.0821220874786377,0,275727,-15,-152,False,52.093,53.187,51.187
175.00110054016113,0.06220722198486328,0,275727,-15,-152,False,52.093,53.187,51.187
175.06192874908447,0.060828208923339844,0,275735,-15,-152,False,52.093,53.187,51.187
175.14535808563232,0.08342933654785156,0,275743,-15,-152,False,52.093,53.187,51.187
175.20724725723267,0.0618891716003418,0,275743,-15,-152,False,52.093,53.187,51.187
175.2686882019043,0.06144094467163086,0,275750,-15,-152,False,52.093,53.187,51.187
175.34601378440857,0.07732558250427246,0,275758,-15,-152,False,52.093,53.187,51.187
175.42059135437012,0.07457756996154785,0,275766,-15,-152,False,52.093,53.187,51.187
175.48282551765442,0.06223416328430176,0,275766,-15,-152,False,52.093,53.187,51.187
175.54387664794922,0.061051130294799805,0,275774,-15,-152,False,52.093,53.187,51.187
175.6221616268158,0.07828497886657715,0,275782,-15,-152,False,52.093,53.187,51.187
175.6848850250244,0.06272339820861816,0,275782,-15,-152,False,52.093,53.187,51.187
175.74546885490417,0.06058382987976074,0,275790,-15,-152,False,52.0,53.156,51.312
175.81896352767944,0.07349467277526855,0,275797,-15,-152,False,52.0,53.156,51.312
175.89189314842224,0.07292962074279785,0,275797,-15,-152,False,52.0,53.156,51.312
175.95314979553223,0.06125664710998535,0,275805,-15,-152,False,52.0,53.156,51.312
176.0185649394989,0.0654151439666748,0,275813,-15,-152,False,52.0,53.156,51.312
176.0967812538147,0.0782163143157959,0,275813,-15,-152,False,52.0,53.156,51.312
176.15878176689148,0.06200051307678223,0,275821,-15,-152,False,52.0,53.156,51.312
176.2230076789856,0.06422591209411621,0,275830,-15,-152,False,52.0,53.156,51.312
176.30044293403625,0.07743525505065918,0,275837,-15,-152,False,52.0,53.156,51.312
176.37149715423584,0.07105422019958496,0,275837,-15,-152,False,52.0,53.156,51.312
176.4326810836792,0.061183929443359375,0,275846,-15,-152,False,52.0,53.156,51.312
176.49880075454712,0.06611967086791992,0,275854,-15,-152,False,52.0,53.156,51.312
176.57902598381042,0.08022522926330566,0,275854,-15,-152,False,52.0,53.156,51.312
176.64031076431274,0.061284780502319336,0,275861,-15,-152,False,52.0,53.156,51.312
176.70090556144714,0.060594797134399414,0,275870,-15,-152,False,52.0,53.156,51.312
176.79303526878357,0.09212970733642578,0,275877,-15,-152,False,52.0,53.156,51.312
176.86171460151672,0.0686793327331543,0,275877,-15,-152,False,52.0,53.156,51.312
176.92281007766724,0.061095476150512695,0,275885,-15,-152,False,52.0,53.156,51.312
176.98386931419373,0.06105923652648926,0,275893,-15,-152,False,52.0,53.156,51.312
177.06132650375366,0.07745718955993652,0,275893,-15,-152,False,52.0,53.156,51.312
177.12274289131165,0.0614163875579834,0,275901,-15,-152,False,52.0,53.156,51.312
177.18448400497437,0.06174111366271973,0,275909,-15,-152,False,52.0,53.156,51.312
177.26901960372925,0.08453559875488281,0,275909,-15,-152,False,52.0,53.156,51.312
177.343403339386,0.07438373565673828,0,275917,-15,-152,False,52.0,53.156,51.312
177.40576028823853,0.06235694885253906,0,275925,-15,-152,False,52.0,53.156,51.312
177.46837210655212,0.06261181831359863,0,275925,-15,-152,False,52.0,53.156,51.312
177.54362416267395,0.07525205612182617,0,275934,-15,-152,False,52.0,53.156,51.312
177.60453391075134,0.06090974807739258,0,275942,-15,-152,False,52.0,53.156,51.312
177.66781091690063,0.06327700614929199,0,275942,-15,-152,False,52.0,53.156,51.312
177.74205136299133,0.07424044609069824,0,275950,-15,-152,False,52.0,53.156,51.312
177.80762672424316,0.06557536125183105,0,275959,-15,-152,False,52.093,53.343,51.375
177.87728762626648,0.06966090202331543,0,275959,-15,-152,False,52.093,53.343,51.375
177.9378101825714,0.06052255630493164,0,275966,-15,-152,False,52.093,53.343,51.375
178.0229411125183,0.08513092994689941,0,275975,-15,-152,False,52.093,53.343,51.375
178.08468008041382,0.06173896789550781,0,275983,-15,-152,False,52.093,53.343,51.375
178.14795517921448,0.06327509880065918,0,275983,-15,-152,False,52.093,53.343,51.375
178.22562527656555,0.07767009735107422,0,275991,-15,-152,False,52.093,53.343,51.375
178.28751158714294,0.06188631057739258,0,276000,-15,-152,False,52.093,53.343,51.375
178.34794330596924,0.060431718826293945,0,276000,-15,-152,False,52.093,53.343,51.375
178.40819811820984,0.060254812240600586,0,276008,-15,-152,False,52.093,53.343,51.375
178.4983410835266,0.09014296531677246,0,276017,-15,-152,False,52.093,53.343,51.375
178.56341004371643,0.06506896018981934,0,276017,-15,-152,False,52.093,53.343,51.375
178.62379455566406,0.060384511947631836,0,276026,-15,-152,False,52.093,53.343,51.375
178.70044016838074,0.0766456127166748,0,276035,-15,-153,False,52.093,53.343,51.375
178.7645263671875,0.0640861988067627,0,276035,-15,-153,False,52.093,53.343,51.375
178.82447957992554,0.05995321273803711,0,276045,-15,-152,False,52.093,53.343,51.375
178.8872950077057,0.06281542778015137,0,276053,-15,-152,False,52.093,53.343,51.375
178.97227382659912,0.08497881889343262,0,276053,-15,-152,False,52.093,53.343,51.375
179.0335831642151,0.0613093376159668,0,276062,-15,-153,False,52.093,53.343,51.375
179.0938868522644,0.060303688049316406,0,276071,-15,-153,False,52.093,53.343,51.375
179.18060278892517,0.0867159366607666,0,276079,-15,-153,False,52.093,53.343,51.375
179.24953889846802,0.06893610954284668,0,276079,-15,-153,False,52.093,53.343,51.375
179.31062746047974,0.06108856201171875,0,276088,-15,-153,False,52.093,53.343,51.375
179.3712375164032,0.060610055923461914,0,276096,-15,-153,False,52.093,53.343,51.375
179.46778082847595,0.0965433120727539,0,276105,-15,-153,False,52.093,53.343,51.375
179.54427194595337,0.07649111747741699,0,276105,-15,-153,False,52.093,53.343,51.375
179.60611200332642,0.061840057373046875,0,276113,-15,-153,False,52.093,53.343,51.375
179.66765761375427,0.061545610427856445,0,276121,-15,-153,False,52.093,53.343,51.375
179.76799726486206,0.10033965110778809,0,276130,-15,-153,False,52.093,53.343,51.375
179.84142684936523,0.07342958450317383,0,276130,-15,-153,False,51.906,53.375,51.281
179.91413593292236,0.0727090835571289,0,276138,-15,-153,False,51.906,53.375,51.281
180.01122188568115,0.09708595275878906,0,276148,-15,-153,False,51.906,53.375,51.281
180.0826063156128,0.07138442993164062,0,276156,-15,-153,False,51.906,53.375,51.281
180.16066718101501,0.07806086540222168,0,276165,-15,-153,False,51.906,53.375,51.281
180.23930644989014,0.07863926887512207,0,276165,-15,-153,False,51.906,53.375,51.281
180.31780791282654,0.07850146293640137,0,276173,-15,-154,False,51.906,53.375,51.281
180.3837764263153,0.06596851348876953,0,276181,-15,-155,False,51.906,53.375,51.281
180.4546995162964,0.0709230899810791,0,276191,-15,-158,False,51.906,53.375,51.281
180.56381964683533,0.10912013053894043,0,276200,-15,-160,False,51.906,53.375,51.281
180.6581747531891,0.09435510635375977,0,276209,-15,-160,False,51.906,53.375,51.281
180.7343533039093,0.07617855072021484,0,276218,-15,-160,False,51.906,53.375,51.281
180.84634256362915,0.11198925971984863,0,276228,-15,-160,False,51.906,53.375,51.281
180.9267554283142,0.0804128646850586,0,276228,-15,-160,False,51.906,53.375,51.281
180.99474620819092,0.06799077987670898,0,276237,-15,-160,False,51.906,53.375,51.281
181.0606336593628,0.065887451171875,0,276246,-15,-160,False,51.906,53.375,51.281
181.1349265575409,0.07429289817810059,0,276246,-15,-160,False,51.906,53.375,51.281
181.19611406326294,0.0611875057220459,0,276257,-15,-160,False,51.906,53.375,51.281
181.25671005249023,0.06059598922729492,0,276265,-15,-160,False,51.906,53.375,51.281
181.3241250514984,0.06741499900817871,0,276275,-15,-160,False,51.906,53.375,51.281
181.42133975028992,0.0972146987915039,0,276275,-15,-160,False,51.906,53.375,51.281
181.48864126205444,0.06730151176452637,0,276285,-15,-160,False,51.906,53.375,51.281
181.55049872398376,0.06185746192932129,0,276294,-15,-160,False,51.906,53.375,51.281
181.65796399116516,0.10746526718139648,0,276304,-15,-159,False,51.906,53.375,51.281
181.7352705001831,0.07730650901794434,0,276304,-15,-159,False,51.906,53.375,51.281
181.80143570899963,0.06616520881652832,0,276314,-15,-159,False,51.906,53.375,51.281
181.8801829814911,0.07874727249145508,0,276324,-15,-158,False,52.093,53.156,51.187
181.97555112838745,0.0953681468963623,0,276334,-15,-157,False,52.093,53.156,51.187
182.0465202331543,0.0709691047668457,0,276334,-15,-157,False,52.093,53.156,51.187
182.11042976379395,0.06390953063964844,0,276344,-15,-157,False,52.093,53.156,51.187
182.20879101753235,0.09836125373840332,0,276354,-15,-155,False,52.093,53.156,51.187
182.27805137634277,0.0692603588104248,0,276364,-15,-155,False,52.093,53.156,51.187
182.34004998207092,0.061998605728149414,0,276364,-15,-155,False,52.093,53.156,51.187
182.40064930915833,0.060599327087402344,0,276374,-15,-154,False,52.093,53.156,51.187
182.49417901039124,0.09352970123291016,0,276384,-15,-153,False,52.093,53.156,51.187
182.55799984931946,0.06382083892822266,0,276393,-15,-154,False,52.093,53.156,51.187
182.6186728477478,0.06067299842834473,0,276393,-15,-154,False,52.093,53.156,51.187
182.69793963432312,0.07926678657531738,0,276404,-15,-153,False,52.093,53.156,51.187
182.77873873710632,0.08079910278320312,0,276413,-15,-154,False,52.093,53.156,51.187
182.84708786010742,0.06834912300109863,0,276424,-15,-153,False,52.093,53.156,51.187
182.91016387939453,0.06307601928710938,0,276434,-15,-153,False,52.093,53.156,51.187
183.0222773551941,0.11211347579956055,0,276434,-15,-153,False,52.093,53.156,51.187
183.10000729560852,0.07772994041442871,0,276444,-15,-154,False,52.093,53.156,51.187
183.16259932518005,0.0625920295715332,0,276453,-15,-154,False,52.093,53.156,51.187
183.2388129234314,0.07621359825134277,0,276463,-15,-154,False,52.093,53.156,51.187
183.32383584976196,0.0850229263305664,0,276463,-15,-154,False,52.093,53.156,51.187
183.39063215255737,0.06679630279541016,0,276473,-15,-154,False,52.093,53.156,51.187
183.4517424106598,0.06111025810241699,0,276483,-15,-154,False,52.093,53.156,51.187
183.5446274280548,0.09288501739501953,0,276492,-15,-154,False,52.093,53.156,51.187
183.61803913116455,0.07341170310974121,0,276492,-15,-154,False,52.093,53.156,51.187
183.68113374710083,0.0630946159362793,0,276502,-15,-154,False,52.093,53.156,51.187
183.7415988445282,0.060465097427368164,0,276511,-15,-154,False,52.093,53.156,51.187
183.82773518562317,0.0861363410949707,0,276521,-15,-155,False,52.093,53.156,51.187
183.90107011795044,0.07333493232727051,0,276521,-15,-155,False,52.156,53.312,51.218
183.97841882705688,0.07734870910644531,0,276530,-15,-155,False,52.156,53.312,51.218
184.04513573646545,0.06671690940856934,0,276539,-15,-156,False,52.156,53.312,51.218
184.13382959365845,0.08869385719299316,0,276548,-15,-156,False,52.156,53.312,51.218
184.19937825202942,0.06554865837097168,0,276548,-15,-156,False,52.156,53.312,51.218
184.27241921424866,0.07304096221923828,0,276558,-15,-156,False,52.156,53.312,51.218
184.36983156204224,0.0974123477935791,0,276567,-15,-157,False,52.156,53.312,51.218
184.4405493736267,0.07071781158447266,0,276576,-15,-157,False,52.156,53.312,51.218
184.50267601013184,0.06212663650512695,0,276576,-15,-157,False,52.156,53.312,51.218
184.58989477157593,0.0872187614440918,0,276585,-15,-158,False,52.156,53.312,51.218
184.68833446502686,0.09843969345092773,0,276594,-15,-158,False,52.156,53.312,51.218
184.76605677604675,0.07772231101989746,0,276603,-15,-159,False,52.156,53.312,51.218
184.84656643867493,0.08050966262817383,0,276610,-15,-159,False,52.156,53.312,51.218
184.93029069900513,0.0837242603302002,0,276620,-15,-160,False,52.156,53.312,51.218
184.9979648590088,0.06767416000366211,0,276620,-15,-160,False,52.156,53.312,51.218
185.06062817573547,0.06266331672668457,0,276629,-15,-160,False,52.156,53.312,51.218
185.16817498207092,0.10754680633544922,0,276638,-15,-161,False,52.156,53.312,51.218
185.24576020240784,0.07758522033691406,0,276647,-15,-161,False,52.156,53.312,51.218
185.31497359275818,0.0692133903503418,0,276656,-15,-161,False,52.156,53.312,51.218
185.3889102935791,0.07393670082092285,0,276656,-15,-161,False,52.156,53.312,51.218
185.4722957611084,0.08338546752929688,0,276665,-15,-161,False,52.156,53.312,51.218
185.53912496566772,0.06682920455932617,0,276675,-15,-162,False,52.156,53.312,51.218
185.60371088981628,0.06458592414855957,0,276675,-15,-162,False,52.156,53.312,51.218
185.68956446647644,0.08585357666015625,0,276684,-15,-163,False,52.156,53.312,51.218
185.7710988521576,0.08153438568115234,0,276693,-15,-163,False,52.156,53.312,51.218
185.83586764335632,0.06476879119873047,0,276703,-15,-164,False,52.156,53.312,51.218
185.92415142059326,0.08828377723693848,0,276711,-15,-164,False,52.156,53.125,51.281
186.02383375167847,0.09968233108520508,0,276721,-15,-164,False,52.156,53.125,51.281
186.09678149223328,0.07294774055480957,0,276721,-15,-164,False,52.156,53.125,51.281
186.16325855255127,0.06647706031799316,0,276730,-15,-164,False,52.156,53.125,51.281
186.26930809020996,0.1060495376586914,0,276740,-15,-164,False,52.156,53.125,51.281
186.3443558216095,0.07504773139953613,0,276749,-15,-164,False,52.156,53.125,51.281
186.40930914878845,0.06495332717895508,0,276749,-15,-164,False,52.156,53.125,51.281
186.4709906578064,0.061681509017944336,0,276759,-15,-164,False,52.156,53.125,51.281
186.5654706954956,0.09448003768920898,0,276769,-15,-164,False,52.156,53.125,51.281
186.63746094703674,0.0719902515411377,0,276778,-15,-164,False,52.156,53.125,51.281
186.69963693618774,0.06217598915100098,0,276788,-15,-164,False,52.156,53.125,51.281
186.79720520973206,0.09756827354431152,0,276788,-15,-164,False,52.156,53.125,51.281
186.867431640625,0.07022643089294434,0,276798,-15,-164,False,52.156,53.125,51.281
186.9294831752777,0.06205153465270996,0,276808,-15,-164,False,52.156,53.125,51.281
186.98979544639587,0.06031227111816406,0,276818,-15,-164,False,52.156,53.125,51.281
187.0730004310608,0.08320498466491699,0,276818,-15,-164,False,52.156,53.125,51.281
187.14570116996765,0.07270073890686035,0,276828,-15,-164,False,52.156,53.125,51.281
187.20737719535828,0.061676025390625,0,276838,-15,-165,False,52.156,53.125,51.281
187.28653955459595,0.0791623592376709,0,276848,-15,-164,False,52.156,53.125,51.281
187.3703043460846,0.08376479148864746,0,276848,-15,-164,False,52.156,53.125,51.281
187.44146609306335,0.07116174697875977,0,276858,-15,-164,False,52.156,53.125,51.281
187.51042985916138,0.06896376609802246,0,276868,-15,-164,False,52.156,53.125,51.281
187.59806513786316,0.08763527870178223,0,276878,-15,-164,False,52.156,53.125,51.281
187.66765117645264,0.06958603858947754,0,276878,-15,-164,False,52.156,53.125,51.281
187.7341935634613,0.06654238700866699,0,276887,-15,-165,False,52.156,53.125,51.281
187.79498934745789,0.06079578399658203,0,276898,-15,-164,False,52.156,53.125,51.281
187.89386653900146,0.0988771915435791,0,276908,-15,-360,False,52.156,53.125,51.281
187.9622459411621,0.06837940216064453,0,276908,-15,-360,False,51.875,53.218,51.281
188.034729719162,0.07248377799987793,0,276907,-15,-1302,False,51.875,53.218,51.281
188.15711116790771,0.12238144874572754,0,276928,-15,-1296,False,51.875,53.218,51.281
188.23875212669373,0.08164095878601074,0,276948,-15,-1300,False,51.875,53.218,51.281
188.31184792518616,0.07309579849243164,0,276972,-15,-1299,False,51.875,53.218,51.281
188.4373733997345,0.12552547454833984,0,276992,-15,-1299,False,51.875,53.218,51.281
188.52065110206604,0.08327770233154297,0,277017,-15,-1300,False,51.875,53.218,51.281
188.58976340293884,0.06911230087280273,0,277042,-15,-1299,False,51.875,53.218,51.281
188.65815663337708,0.06839323043823242,0,277042,-15,-1299,False,51.875,53.218,51.281
188.7414002418518,0.08324360847473145,0,277070,-15,-1300,False,51.875,53.218,51.281
188.8048391342163,0.06343889236450195,0,277098,-15,-1300,False,51.875,53.218,51.281
188.86607384681702,0.06123471260070801,0,277126,-15,-1300,False,51.875,53.218,51.281
188.96788716316223,0.10181331634521484,0,277126,-15,-1300,False,51.875,53.218,51.281
189.04446125030518,0.07657408714294434,0,277158,-15,-1300,False,51.875,53.218,51.281
189.1137957572937,0.06933450698852539,0,277191,-15,-1300,False,51.875,53.218,51.281
189.17689967155457,0.06310391426086426,0,277225,-15,-1301,False,51.875,53.218,51.281
189.25568008422852,0.0787804126739502,0,277225,-15,-1301,False,51.875,53.218,51.281
189.31977915763855,0.06409907341003418,0,277262,-15,-1301,False,51.875,53.218,51.281
189.38058161735535,0.060802459716796875,0,277301,-15,-1302,False,51.875,53.218,51.281
189.4561150074005,0.07553339004516602,0,277301,-15,-1302,False,51.875,53.218,51.281
189.54212832450867,0.0860133171081543,0,277344,-15,-1302,False,51.875,53.218,51.281
189.61067605018616,0.06854772567749023,0,277394,-15,-1302,False,51.875,53.218,51.281
189.67154169082642,0.06086564064025879,0,277394,-15,-1302,False,51.875,53.218,51.281
189.7378032207489,0.06626152992248535,0,277449,-15,-1302,False,51.875,53.218,51.281
189.81386709213257,0.07606387138366699,0,277507,-15,-1302,False,51.875,53.218,51.281
189.87636518478394,0.06249809265136719,0,277507,-15,-1302,False,51.875,53.218,51.281
189.93678832054138,0.06042313575744629,0,277624,-15,-1301,False,51.875,53.218,51.281
190.0492298603058,0.1124415397644043,0,277624,-15,-1301,False,52.187,53.656,51.406
190.1304805278778,0.08125066757202148,0,277675,-15,-1302,False,52.187,53.656,51.406
190.2026093006134,0.0721287727355957,0,277716,-15,-1302,False,52.187,53.656,51.406
190.2821180820465,0.07950878143310547,0,277749,-15,-1302,False,52.187,53.656,51.406
190.38194704055786,0.09982895851135254,0,277781,-15,-1302,False,52.187,53.656,51.406
190.45325016975403,0.07130312919616699,0,277781,-15,-1302,False,52.187,53.656,51.406
190.5171673297882,0.06391716003417969,0,277814,-15,-1302,False,52.187,53.656,51.406
190.6304030418396,0.1132357120513916,0,277845,-15,-1302,False,52.187,53.656,51.406
190.7040159702301,0.07361292839050293,0,277875,-15,-1301,False,52.187,53.656,51.406
190.77023267745972,0.06621670722961426,0,277904,-15,-1301,False,52.187,53.656,51.406
190.8420271873474,0.07179450988769531,0,277933,-15,-1301,False,52.187,53.656,51.406
190.94594836235046,0.10392117500305176,0,277933,-15,-1301,False,52.187,53.656,51.406
191.01488542556763,0.06893706321716309,0,277961,-15,-1301,False,52.187,53.656,51.406
191.0821738243103,0.06728839874267578,0,277987,-15,-1300,False,52.187,53.656,51.406
191.1903281211853,0.108154296875,0,278014,-15,-1300,False,52.187,53.656,51.406
191.26887917518616,0.07855105400085449,0,278041,-15,-1300,False,52.187,53.656,51.406
191.33536624908447,0.06648707389831543,0,278041,-15,-1300,False,52.187,53.656,51.406
191.41166353225708,0.07629728317260742,0,278064,-15,-1299,False,52.187,53.656,51.406
191.4920666217804,0.08040308952331543,0,278084,-15,-1298,False,52.187,53.656,51.406
191.56286454200745,0.07079792022705078,0,278084,-15,-1298,False,52.187,53.656,51.406
191.62475538253784,0.06189084053039551,0,278101,-15,-1299,False,52.187,53.656,51.406
191.71026992797852,0.08551454544067383,0,278117,-15,-1299,False,52.187,53.656,51.406
191.78413605690002,0.07386612892150879,0,278134,-15,-1298,False,52.187,53.656,51.406
191.847172498703,0.06303644180297852,0,278134,-15,-1298,False,52.187,53.656,51.406
191.9079201221466,0.060747623443603516,0,278148,-15,-1299,False,52.187,53.656,51.406
192.006915807724,0.09899568557739258,0,278164,-15,-1298,False,51.968,53.218,51.312
192.0816993713379,0.0747835636138916,0,278176,-15,-1299,False,51.968,53.218,51.312
192.15043449401855,0.06873512268066406,0,278176,-15,-1299,False,51.968,53.218,51.312
192.21751356124878,0.06707906723022461,0,278188,-15,-1300,False,51.968,53.218,51.312
192.30448293685913,0.08696937561035156,0,278200,-15,-1299,False,51.968,53.218,51.312
192.37190675735474,0.06742382049560547,0,278212,-15,-1300,False,51.968,53.218,51.312
192.43401503562927,0.06210827827453613,0,278222,-15,-1299,False,51.968,53.218,51.312
192.54192066192627,0.10790562629699707,0,278230,-15,-1300,False,51.968,53.218,51.312
192.62351608276367,0.08159542083740234,0,278230,-15,-1300,False,51.968,53.218,51.312
192.68985676765442,0.06634068489074707,0,278237,-15,-1300,False,51.968,53.218,51.312
192.75410389900208,0.06424713134765625,0,278245,-15,-1300,False,51.968,53.218,51.312
192.83304524421692,0.07894134521484375,0,278245,-15,-1300,False,51.968,53.218,51.312
192.89639019966125,0.06334495544433594,0,278252,-15,-1300,False,51.968,53.218,51.312
192.96003794670105,0.06364774703979492,0,278257,-15,-1299,False,51.968,53.218,51.312
193.05258679389954,0.09254884719848633,0,278263,-15,-1300,False,51.968,53.218,51.312
193.14574456214905,0.09315776824951172,0,278263,-15,-1300,False,51.968,53.218,51.312
193.20671963691711,0.060975074768066406,0,278268,-15,-1299,False,51.968,53.218,51.312
193.2669870853424,0.06026744842529297,0,278273,-15,-1299,False,51.968,53.218,51.312
193.37273144721985,0.1057443618774414,0,278276,-15,-1300,False,51.968,53.218,51.312
193.45415043830872,0.08141899108886719,0,278280,-15,-1300,False,51.968,53.218,51.312
193.5204153060913,0.06626486778259277,0,278280,-15,-1300,False,51.968,53.218,51.312
193.59757351875305,0.07715821266174316,0,278283,-15,-1300,False,51.968,53.218,51.312
193.68201303482056,0.08443951606750488,0,278285,-15,-1300,False,51.968,53.218,51.312
193.74950766563416,0.06749463081359863,0,278288,-15,-1299,False,51.968,53.218,51.312
193.80964541435242,0.06013774871826172,0,278288,-15,-1299,False,51.968,53.218,51.312
193.8892424106598,0.07959699630737305,0,278288,-15,-1299,False,51.968,53.218,51.312
193.9757604598999,0.0865180492401123,0,278288,-15,-1300,False,51.968,53.218,51.312
194.04636335372925,0.0706028938293457,0,278287,-15,-1300,False,51.906,53.218,51.312
194.12417554855347,0.07781219482421875,0,278286,-15,-1300,False,51.906,53.218,51.312
194.24060463905334,0.11642909049987793,0,278285,-15,-1299,False,51.906,53.218,51.312
194.32710790634155,0.08650326728820801,0,278285,-15,-1299,False,51.906,53.218,51.312
194.3959665298462,0.06885862350463867,0,278284,-15,-1299,False,51.906,53.218,51.312
194.46798968315125,0.07202315330505371,0,278283,-15,-1299,False,51.906,53.218,51.312
194.5515854358673,0.08359575271606445,0,278281,-15,-1299,False,51.906,53.218,51.312
194.61771774291992,0.0661323070526123,0,278281,-15,-1299,False,51.906,53.218,51.312
194.67834186553955,0.060624122619628906,0,278280,-15,-1299,False,51.906,53.218,51.312
194.7525064945221,0.07416462898254395,0,278279,-15,-1299,False,51.906,53.218,51.312
194.83267068862915,0.08016419410705566,0,278277,-15,-1299,False,51.906,53.218,51.312
194.902193069458,0.06952238082885742,0,278277,-15,-1299,False,51.906,53.218,51.312
194.96283602714539,0.06064295768737793,0,278277,-15,-1299,False,51.906,53.218,51.312
195.05473041534424,0.09189438819885254,0,278275,-15,-1299,False,51.906,53.218,51.312
195.1309814453125,0.07625102996826172,0,278274,-15,-1299,False,51.906,53.218,51.312
195.19621396064758,0.06523251533508301,0,278274,-15,-1299,False,51.906,53.218,51.312
195.2563304901123,0.06011652946472168,0,278273,-15,-1299,False,51.906,53.218,51.312
195.34964394569397,0.09331345558166504,0,278272,-15,-1299,False,51.906,53.218,51.312
195.4195568561554,0.06991291046142578,0,278272,-15,-1299,False,51.906,53.218,51.312
195.4806740283966,0.06111717224121094,0,278271,-15,-1298,False,51.906,53.218,51.312
195.54019331932068,0.059519290924072266,0,278269,-15,-1299,False,51.906,53.218,51.312
195.64492297172546,0.10472965240478516,0,278269,-15,-1299,False,51.906,53.218,51.312
195.7230110168457,0.07808804512023926,0,278269,-15,-1299,False,51.906,53.218,51.312
195.79630780220032,0.07329678535461426,0,278268,-15,-1299,False,51.906,53.218,51.312
195.86838459968567,0.07207679748535156,0,278267,-15,-1299,False,51.906,53.218,51.312
195.95051407814026,0.08212947845458984,0,278266,-15,-1299,False,51.906,53.218,51.312
196.01738595962524,0.06687188148498535,0,278266,-15,-1299,False,51.906,53.218,51.312
196.07746815681458,0.060082197189331055,0,278266,-15,-1299,False,52.187,53.5,51.343
196.15665340423584,0.07918524742126465,0,278265,-15,-1299,False,52.187,53.5,51.343
196.2520956993103,0.09544229507446289,0,278265,-15,-1299,False,52.187,53.5,51.343
196.319575548172,0.06747984886169434,0,278265,-15,-1299,False,52.187,53.5,51.343
196.38378286361694,0.06420731544494629,0,278265,-15,-1299,False,52.187,53.5,51.343
196.45349788665771,0.06971502304077148,0,278264,-15,-1299,False,52.187,53.5,51.343
196.53003883361816,0.07654094696044922,0,278264,-15,-1299,False,52.187,53.5,51.343
196.59958124160767,0.06954240798950195,0,278264,-15,-1299,False,52.187,53.5,51.343
196.65972638130188,0.06014513969421387,0,278264,-15,-1299,False,52.187,53.5,51.343
196.71961522102356,0.05988883972167969,0,278264,-15,-1299,False,52.187,53.5,51.343
196.80611300468445,0.08649778366088867,0,278264,-15,-1299,False,52.187,53.5,51.343
196.86883115768433,0.06271815299987793,0,278264,-15,-1299,False,52.187,53.5,51.343
196.92837023735046,0.059539079666137695,0,278264,-15,-1299,False,52.187,53.5,51.343
196.9948558807373,0.06648564338684082,0,278264,-15,-1299,False,52.187,53.5,51.343
197.0869824886322,0.09212660789489746,0,278264,-15,-1299,False,52.187,53.5,51.343
197.14998316764832,0.06300067901611328,0,278264,-15,-1299,False,52.187,53.5,51.343
197.2103989124298,0.06041574478149414,0,278264,-15,-1299,False,52.187,53.5,51.343
197.29685044288635,0.08645153045654297,0,278264,-15,-1299,False,52.187,53.5,51.343
197.38236594200134,0.08551549911499023,0,278264,-15,-1299,False,52.187,53.5,51.343
197.45000958442688,0.06764364242553711,0,278264,-15,-1299,False,52.187,53.5,51.343
197.51341438293457,0.06340479850769043,0,278264,-15,-1299,False,52.187,53.5,51.343
197.62268447875977,0.10927009582519531,0,278264,-15,-1299,False,52.187,53.5,51.343
197.7049777507782,0.08229327201843262,0,278264,-15,-1299,False,52.187,53.5,51.343
197.78073978424072,0.07576203346252441,0,278264,-15,-1299,False,52.187,53.5,51.343
197.84789371490479,0.0671539306640625,0,278266,-15,-1299,False,52.187,53.5,51.343
197.93322277069092,0.08532905578613281,0,278269,-15,-1298,False,52.187,53.5,51.343
197.99931812286377,0.06609535217285156,0,278269,-15,-1298,False,52.187,53.5,51.343
198.06447529792786,0.06515717506408691,0,278271,-15,-1299,False,52.187,53.5,51.343
198.1402657032013,0.0757904052734375,0,278274,-15,-1299,False,52.156,53.656,51.312
198.22100472450256,0.08073902130126953,0,278280,-15,-1299,False,52.156,53.656,51.312
198.2899148464203,0.06891012191772461,0,278280,-15,-1299,False,52.156,53.656,51.312
198.3498809337616,0.059966087341308594,0,278285,-15,-1299,False,52.156,53.656,51.312
198.41999626159668,0.07011532783508301,0,278290,-15,-1299,False,52.156,53.656,51.312
198.4986593723297,0.07866311073303223,0,278297,-15,-1299,False,52.156,53.656,51.312
198.56420254707336,0.06554317474365234,0,278297,-15,-1299,False,52.156,53.656,51.312
198.6314730644226,0.06727051734924316,0,278305,-15,-1299,False,52.156,53.656,51.312
198.71402621269226,0.08255314826965332,0,278312,-15,-1299,False,52.156,53.656,51.312
198.77580165863037,0.06177544593811035,0,278312,-15,-1299,False,52.156,53.656,51.312
198.8352565765381,0.059454917907714844,0,278320,-15,-1299,False,52.156,53.656,51.312
198.90401196479797,0.0687553882598877,0,278328,-15,-1299,False,52.156,53.656,51.312
198.98916912078857,0.08515715599060059,0,278328,-15,-1299,False,52.156,53.656,51.312
199.05084371566772,0.06167459487915039,0,278336,-15,-1299,False,52.156,53.656,51.312
199.11048436164856,0.05964064598083496,0,278344,-15,-1299,False,52.156,53.656,51.312
199.1926028728485,0.08211851119995117,0,278344,-15,-1299,False,52.156,53.656,51.312
199.25284957885742,0.06024670600891113,0,278353,-15,-1299,False,52.156,53.656,51.312
199.31343817710876,0.06058859825134277,0,278361,-15,-1299,False,52.156,53.656,51.312
199.38174104690552,0.06830286979675293,0,278370,-15,-1298,False,52.156,53.656,51.312
199.46142864227295,0.07968759536743164,0,278370,-15,-1298,False,52.156,53.656,51.312
199.52047419548035,0.05904555320739746,0,278378,-15,-1298,False,52.156,53.656,51.312
199.58667063713074,0.06619644165039062,0,278387,-15,-1298,False,52.156,53.656,51.312
199.67636346817017,0.08969283103942871,0,278387,-15,-1298,False,52.156,53.656,51.312
199.7410168647766,0.06465339660644531,0,278395,-15,-1298,False,52.156,53.656,51.312
199.8024172782898,0.061400413513183594,0,278404,-15,-1298,False,52.156,53.656,51.312
199.86793541908264,0.06551814079284668,0,278404,-15,-1298,False,52.156,53.656,51.312
199.94338488578796,0.07544946670532227,0,278413,-15,-1297,False,52.156,53.656,51.312
200.003573179245,0.06018829345703125,0,278421,-15,-1297,False,52.156,53.656,51.312
200.06809973716736,0.06452655792236328,0,278421,-15,-1297,False,52.156,53.656,51.312
200.13391947746277,0.06581974029541016,0,278430,-15,-1297,False,52.25,53.5,51.375
200.23439383506775,0.10047435760498047,0,278439,-15,-1297,False,52.25,53.5,51.375
200.30186247825623,0.06746864318847656,0,278447,-15,-1297,False,52.25,53.5,51.375
200.36679887771606,0.06493639945983887,0,278456,-15,-1296,False,52.25,53.5,51.375
200.48859810829163,0.12179923057556152,0,278464,-15,-1296,False,52.25,53.5,51.375
200.57579493522644,0.08719682693481445,0,278473,-15,-1296,False,52.25,53.5,51.375
200.6539261341095,0.07813119888305664,0,278481,-15,-1296,False,52.25,53.5,51.375
200.77881503105164,0.12488889694213867,0,278489,-15,-1296,False,52.25,53.5,51.375
200.86343717575073,0.08462214469909668,0,278489,-15,-1296,False,52.25,53.5,51.375
200.93227219581604,0.06883502006530762,0,278498,-15,-1296,False,52.25,53.5,51.375
201.00892233848572,0.07665014266967773,0,278506,-15,-1296,False,52.25,53.5,51.375
201.08990478515625,0.08098244667053223,0,278514,-15,-1296,False,52.25,53.5,51.375
201.1551480293274,0.06524324417114258,0,278514,-15,-1296,False,52.25,53.5,51.375
201.2184464931488,0.06329846382141113,0,278522,-15,-1296,False,52.25,53.5,51.375
201.294025182724,0.07557868957519531,0,278530,-15,-1296,False,52.25,53.5,51.375
201.38238883018494,0.0883636474609375,0,278539,-15,-1296,False,52.25,53.5,51.375
201.44861674308777,0.06622791290283203,0,278539,-15,-1296,False,52.25,53.5,51.375
201.51441192626953,0.0657951831817627,0,278547,-15,-1296,False,52.25,53.5,51.375
201.59033298492432,0.07592105865478516,0,278555,-15,-1296,False,52.25,53.5,51.375
201.67396211624146,0.08362913131713867,0,278563,-15,-1296,False,52.25,53.5,51.375
201.73885321617126,0.06489109992980957,0,278563,-15,-1296,False,52.25,53.5,51.375
201.7994978427887,0.06064462661743164,0,278571,-15,-1296,False,52.25,53.5,51.375
201.87097358703613,0.07147574424743652,0,278580,-15,-1296,False,52.25,53.5,51.375
201.94376873970032,0.07279515266418457,0,278580,-15,-1296,False,52.25,53.5,51.375
202.00667095184326,0.06290221214294434,0,278588,-15,-1296,False,52.25,53.5,51.375
202.06753706932068,0.06086611747741699,0,278596,-15,-1296,False,52.25,53.5,51.375
202.16543793678284,0.0979008674621582,0,278604,-15,-1296,False,52.281,53.687,51.406
202.2393753528595,0.07393741607666016,0,278604,-15,-1296,False,52.281,53.687,51.406
202.30557131767273,0.06619596481323242,0,278612,-15,-1296,False,52.281,53.687,51.406
202.37524843215942,0.06967711448669434,0,278621,-15,-1296,False,52.281,53.687,51.406
202.46856379508972,0.09331536293029785,0,278629,-15,-1296,False,52.281,53.687,51.406
202.53592085838318,0.06735706329345703,0,278629,-15,-1296,False,52.281,53.687,51.406
202.60386085510254,0.06793999671936035,0,278637,-15,-1296,False,52.281,53.687,51.406
202.712899684906,0.1090388298034668,0,278646,-15,-1296,False,52.281,53.687,51.406
202.7944540977478,0.08155441284179688,0,278655,-15,-1296,False,52.281,53.687,51.406
202.8628430366516,0.0683889389038086,0,278663,-15,-1296,False,52.281,53.687,51.406
202.93761372566223,0.07477068901062012,0,278672,-15,-1296,False,52.281,53.687,51.406
203.03437328338623,0.09675955772399902,0,278672,-15,-1296,False,52.281,53.687,51.406
203.09660410881042,0.062230825424194336,0,278680,-15,-1296,False,52.281,53.687,51.406
203.15714359283447,0.06053948402404785,0,278689,-15,-1296,False,52.281,53.687,51.406
203.25023770332336,0.0930941104888916,0,278689,-15,-1296,False,52.281,53.687,51.406
203.3153965473175,0.06515884399414062,0,278697,-15,-1296,False,52.281,53.687,51.406
203.37677431106567,0.061377763748168945,0,278706,-15,-1296,False,52.281,53.687,51.406
203.43812465667725,0.061350345611572266,0,278714,-15,-1296,False,52.281,53.687,51.406
203.5266842842102,0.08855962753295898,0,278714,-15,-1296,False,52.281,53.687,51.406
203.59110951423645,0.06442523002624512,0,278722,-15,-1296,False,52.281,53.687,51.406
203.65715527534485,0.06604576110839844,0,278730,-15,-1297,False,52.281,53.687,51.406
203.7180643081665,0.06090903282165527,0,278739,-15,-1297,False,52.281,53.687,51.406
203.82448863983154,0.10642433166503906,0,278739,-15,-1297,False,52.281,53.687,51.406
203.9000473022461,0.07555866241455078,0,278747,-15,-1297,False,52.281,53.687,51.406
203.9631688594818,0.06312155723571777,0,278756,-15,-1297,False,52.281,53.687,51.406
204.06587743759155,0.10270857810974121,0,278765,-15,-1297,False,52.281,53.687,51.406
204.15056157112122,0.08468413352966309,0,278774,-15,-1297,False,52.281,53.687,51.406
204.21649312973022,0.06593155860900879,0,278774,-15,-1297,False,52.531,53.531,51.375
204.30453729629517,0.0880441665649414,0,278782,-15,-1297,False,52.531,53.531,51.375
204.3866798877716,0.08214259147644043,0,278791,-15,-1297,False,52.531,53.531,51.375
204.45246982574463,0.06578993797302246,0,278801,-15,-1297,False,52.531,53.531,51.375
204.51459574699402,0.06212592124938965,0,278810,-15,-1298,False,52.531,53.531,51.375
204.62140417099,0.10680842399597168,0,278810,-15,-1298,False,52.531,53.531,51.375
204.69195199012756,0.07054781913757324,0,278819,-15,-1298,False,52.531,53.531,51.375
204.75578427314758,0.06383228302001953,0,278828,-15,-1297,False,52.531,53.531,51.375
204.81646966934204,0.06068539619445801,0,278838,-15,-1298,False,52.531,53.531,51.375
204.92657852172852,0.11010885238647461,0,278838,-15,-1298,False,52.531,53.531,51.375
204.99445366859436,0.06787514686584473,0,278847,-15,-1297,False,52.531,53.531,51.375
205.06375217437744,0.06929850578308105,0,278857,-15,-1297,False,52.531,53.531,51.375
205.1321337223053,0.06838154792785645,0,278867,-15,-1297,False,52.531,53.531,51.375
205.2242991924286,0.09216547012329102,0,278867,-15,-1297,False,52.531,53.531,51.375
205.28702759742737,0.0627284049987793,0,278877,-15,-1297,False,52.531,53.531,51.375
205.3479163646698,0.06088876724243164,0,278886,-15,-1297,False,52.531,53.531,51.375
205.46866750717163,0.12075114250183105,0,278896,-15,-1297,False,52.531,53.531,51.375
205.54671931266785,0.07805180549621582,0,278906,-15,-1297,False,52.531,53.531,51.375
205.61326456069946,0.06654524803161621,0,278906,-15,-1297,False,52.531,53.531,51.375
205.69043636322021,0.07717180252075195,0,278915,-15,-1297,False,52.531,53.531,51.375
205.7810022830963,0.09056591987609863,0,278925,-15,-1297,False,52.531,53.531,51.375
205.84851741790771,0.06751513481140137,0,278934,-15,-1297,False,52.531,53.531,51.375
205.9109115600586,0.062394142150878906,0,278944,-15,-1297,False,52.531,53.531,51.375
206.01885747909546,0.10794591903686523,0,278944,-15,-1297,False,52.531,53.531,51.375
206.09377193450928,0.07491445541381836,0,278954,-15,-1297,False,52.531,53.531,51.375
206.16322326660156,0.06945133209228516,0,278963,-15,-1297,False,52.531,53.531,51.375
206.24034333229065,0.07712006568908691,0,278972,-15,-1297,False,52.312,53.468,51.5
206.33933782577515,0.09899449348449707,0,278981,-15,-1297,False,52.312,53.468,51.5
206.40787315368652,0.06853532791137695,0,278981,-15,-1297,False,52.312,53.468,51.5
206.46993136405945,0.062058210372924805,0,278998,-15,-1297,False,52.312,53.468,51.5
206.59645748138428,0.1265261173248291,0,278998,-15,-1297,False,52.312,53.468,51.5
206.66727089881897,0.07081341743469238,0,279006,-15,-1297,False,52.312,53.468,51.5
206.73259806632996,0.06532716751098633,0,279015,-15,-1297,False,52.312,53.468,51.5
206.850200176239,0.11760210990905762,0,279023,-15,-1297,False,52.312,53.468,51.5
206.92797946929932,0.07777929306030273,0,279032,-15,-1297,False,52.312,53.468,51.5
206.993168592453,0.06518912315368652,0,279032,-15,-1297,False,52.312,53.468,51.5
207.06983065605164,0.07666206359863281,0,279041,-15,-1297,False,52.312,53.468,51.5
207.14899158477783,0.07916092872619629,0,279049,-15,-1297,False,52.312,53.468,51.5
207.21019768714905,0.06120610237121582,0,279049,-15,-1297,False,52.312,53.468,51.5
207.2698357105255,0.059638023376464844,0,279058,-15,-1297,False,52.312,53.468,51.5
207.3463215827942,0.07648587226867676,0,279066,-15,-1297,False,52.312,53.468,51.5
207.42124390602112,0.07492232322692871,0,279075,-15,-1297,False,52.312,53.468,51.5
207.4842026233673,0.0629587173461914,0,279075,-15,-1297,False,52.312,53.468,51.5
207.5435917377472,0.05938911437988281,0,279083,-15,-1297,False,52.312,53.468,51.5
207.61065864562988,0.06706690788269043,0,279092,-15,-1297,False,52.312,53.468,51.5
207.7017002105713,0.09104156494140625,0,279092,-15,-1297,False,52.312,53.468,51.5
207.76327443122864,0.06157422065734863,0,279101,-15,-1297,False,52.312,53.468,51.5
207.82298135757446,0.059706926345825195,0,279110,-15,-1297,False,52.312,53.468,51.5
207.94565558433533,0.12267422676086426,0,279118,-15,-1297,False,52.312,53.468,51.5
208.02457857131958,0.07892298698425293,0,279127,-15,-1297,False,52.312,53.468,51.5
208.09185075759888,0.06727218627929688,0,279127,-15,-1297,False,52.312,53.468,51.5
208.16974711418152,0.0778963565826416,0,279135,-15,-1297,False,52.312,53.468,51.5
208.26952576637268,0.09977865219116211,0,279144,-15,-1297,False,52.25,53.25,51.437
208.34637880325317,0.07685303688049316,0,279154,-15,-1297,False,52.25,53.25,51.437
208.41068768501282,0.06430888175964355,0,279162,-15,-1297,False,52.25,53.25,51.437
208.51867008209229,0.10798239707946777,0,279170,-15,-1297,False,52.25,53.25,51.437
208.58051538467407,0.06184530258178711,0,279170,-15,-1297,False,52.25,53.25,51.437
208.6405279636383,0.0600125789642334,0,279179,-15,-1297,False,52.25,53.25,51.437
208.71173000335693,0.07120203971862793,0,279187,-15,-1296,False,52.25,53.25,51.437
208.7901394367218,0.07840943336486816,0,279187,-15,-1296,False,52.25,53.25,51.437
208.8555121421814,0.06537270545959473,0,279195,-15,-1297,False,52.25,53.25,51.437
208.92155051231384,0.06603837013244629,0,279204,-15,-1297,False,52.25,53.25,51.437
209.04474210739136,0.12319159507751465,0,279213,-15,-1297,False,52.25,53.25,51.437
209.12973833084106,0.08499622344970703,0,279221,-15,-1297,False,52.25,53.25,51.437
209.20072031021118,0.07098197937011719,0,279230,-15,-1297,False,52.25,53.25,51.437
209.32975673675537,0.12903642654418945,0,279239,-15,-1297,False,52.25,53.25,51.437
209.42353892326355,0.09378218650817871,0,279247,-15,-1297,False,52.25,53.25,51.437
209.49754643440247,0.07400751113891602,0,279256,-15,-1297,False,52.25,53.25,51.437
209.61468505859375,0.11713862419128418,0,279266,-15,-1297,False,52.25,53.25,51.437
209.70116591453552,0.08648085594177246,0,279274,-15,-1297,False,52.25,53.25,51.437
209.7707381248474,0.06957221031188965,0,279283,-15,-1297,False,52.25,53.25,51.437
209.914954662323,0.14421653747558594,0,279292,-15,-1296,False,52.25,53.25,51.437
210.00757455825806,0.0926198959350586,0,279302,-15,-1297,False,52.25,53.25,51.437
210.08849573135376,0.08092117309570312,0,279311,-15,-1297,False,52.25,53.25,51.437
210.20249581336975,0.11400008201599121,0,279319,-15,-1297,False,52.25,53.25,51.437
210.2921850681305,0.08968925476074219,0,279330,-15,-1297,False,52.093,53.343,51.281
210.369882106781,0.0776970386505127,0,279339,-15,-1297,False,52.093,53.343,51.281
210.47229170799255,0.10240960121154785,0,279339,-15,-1297,False,52.093,53.343,51.281
210.54516887664795,0.07287716865539551,0,279348,-15,-1297,False,52.093,53.343,51.281
210.60914731025696,0.06397843360900879,0,279358,-15,-1296,False,52.093,53.343,51.281
210.6903853416443,0.0812380313873291,0,279367,-15,-1297,False,52.093,53.343,51.281
210.7752766609192,0.08489131927490234,0,279367,-15,-1297,False,52.093,53.343,51.281
210.84722518920898,0.07194852828979492,0,279378,-15,-1297,False,52.093,53.343,51.281
210.9104244709015,0.06319928169250488,0,279387,-15,-1297,False,52.093,53.343,51.281
211.02901124954224,0.11858677864074707,0,279398,-15,-1297,False,52.093,53.343,51.281
211.09683346748352,0.06782221794128418,0,279408,-15,-1296,False,52.093,53.343,51.281
211.157244682312,0.06041121482849121,0,279408,-15,-1296,False,52.093,53.343,51.281
211.2356379032135,0.07839322090148926,0,279418,-15,-1296,False,52.093,53.343,51.281
211.3272783756256,0.09164047241210938,0,279428,-15,-1296,False,52.093,53.343,51.281
211.39336585998535,0.06608748435974121,0,279438,-15,-1296,False,52.093,53.343,51.281
211.45441484451294,0.06104898452758789,0,279438,-15,-1296,False,52.093,53.343,51.281
211.52463507652283,0.0702202320098877,0,279447,-15,-1296,False,52.093,53.343,51.281
211.58921194076538,0.06457686424255371,0,279457,-15,-1296,False,52.093,53.343,51.281
211.64911222457886,0.05990028381347656,0,279457,-15,-1296,False,52.093,53.343,51.281
211.7100110054016,0.060898780822753906,0,279466,-15,-1296,False,52.093,53.343,51.281
211.81080770492554,0.10079669952392578,0,279475,-15,-1296,False,52.093,53.343,51.281
211.88427257537842,0.07346487045288086,0,279484,-15,-1296,False,52.093,53.343,51.281
211.9487566947937,0.0644841194152832,0,279484,-15,-1296,False,52.093,53.343,51.281
212.0092010498047,0.06044435501098633,0,279492,-15,-1296,False,52.093,53.343,51.281
212.08861255645752,0.07941150665283203,0,279501,-15,-1296,False,52.093,53.343,51.281
212.15086555480957,0.06225299835205078,0,279501,-15,-1296,False,52.093,53.343,51.281
212.21170735359192,0.06084179878234863,0,279509,-15,-1296,False,52.093,53.343,51.281
212.2915017604828,0.07979440689086914,0,279517,-15,-1296,False,52.093,53.343,51.281
212.36912274360657,0.0776209831237793,0,279517,-15,-1296,False,52.656,53.593,51.5
212.43494153022766,0.06581878662109375,0,279526,-15,-1296,False,52.656,53.593,51.5
212.49507403373718,0.060132503509521484,0,279534,-15,-1296,False,52.656,53.593,51.5
212.59395170211792,0.0988776683807373,0,279542,-15,-1297,False,52.656,53.593,51.5
212.67232418060303,0.07837247848510742,0,279551,-15,-1297,False,52.656,53.593,51.5
212.73625707626343,0.06393289566040039,0,279551,-15,-1297,False,52.656,53.593,51.5
212.7974100112915,0.06115293502807617,0,279559,-15,-1297,False,52.656,53.593,51.5
212.90472292900085,0.10731291770935059,0,279567,-15,-1297,False,52.656,53.593,51.5
212.974951505661,0.07022857666015625,0,279576,-15,-1297,False,52.656,53.593,51.5
213.04221653938293,0.06726503372192383,0,279576,-15,-1297,False,52.656,53.593,51.5
213.11330676078796,0.0710902214050293,0,279585,-15,-1297,False,52.656,53.593,51.5
213.18565201759338,0.07234525680541992,0,279594,-15,-1297,False,52.656,53.593,51.5
213.2530608177185,0.06740880012512207,0,279594,-15,-1297,False,52.656,53.593,51.5
213.31957507133484,0.06651425361633301,0,279602,-15,-1297,False,52.656,53.593,51.5
213.39371848106384,0.0741434097290039,0,279611,-15,-1297,False,52.656,53.593,51.5
213.4607594013214,0.06704092025756836,0,279611,-15,-1297,False,52.656,53.593,51.5
213.5254065990448,0.06464719772338867,0,279619,-15,-1297,False,52.656,53.593,51.5
213.65179896354675,0.12639236450195312,0,279636,-15,-1297,False,52.656,53.593,51.5
213.74795985221863,0.096160888671875,0,279636,-15,-1297,False,52.656,53.593,51.5
213.82245564460754,0.07449579238891602,0,279644,-15,-1297,False,52.656,53.593,51.5
213.8931782245636,0.07072257995605469,0,279653,-15,-1297,False,52.656,53.593,51.5
213.97532534599304,0.08214712142944336,0,279661,-15,-1297,False,52.656,53.593,51.5
214.04347276687622,0.06814742088317871,0,279661,-15,-1297,False,52.656,53.593,51.5
214.10476088523865,0.06128811836242676,0,279669,-15,-1297,False,52.656,53.593,51.5
214.2006504535675,0.09588956832885742,0,279678,-15,-1297,False,52.656,53.593,51.5
214.276869058609,0.0762186050415039,0,279686,-15,-1297,False,52.656,53.593,51.5
214.35180711746216,0.07493805885314941,0,279694,-15,-1298,False,52.656,53.593,51.5
214.43538284301758,0.08357572555541992,0,279702,-15,-1298,False,52.062,53.343,51.437
214.56142163276672,0.1260387897491455,0,279710,-15,-1298,False,52.062,53.343,51.437
214.64609789848328,0.08467626571655273,0,279718,-15,-1298,False,52.062,53.343,51.437
214.77976036071777,0.13366246223449707,0,279726,-15,-1298,False,52.062,53.343,51.437
214.8734314441681,0.09367108345031738,0,279734,-15,-1298,False,52.062,53.343,51.437
214.95381474494934,0.08038330078125,0,279743,-15,-1298,False,52.062,53.343,51.437
215.0790135860443,0.1251988410949707,0,279750,-15,-1298,False,52.062,53.343,51.437
215.16114211082458,0.08212852478027344,0,279758,-15,-1298,False,52.062,53.343,51.437
215.2350046634674,0.07386255264282227,0,279758,-15,-1298,False,52.062,53.343,51.437
215.3040759563446,0.06907129287719727,0,279767,-15,-1298,False,52.062,53.343,51.437
215.3901665210724,0.0860905647277832,0,279775,-15,-1298,False,52.062,53.343,51.437
215.4554262161255,0.06525969505310059,0,279784,-15,-1298,False,52.062,53.343,51.437
215.51674270629883,0.061316490173339844,0,279784,-15,-1298,False,52.062,53.343,51.437
215.63053441047668,0.11379170417785645,0,279801,-15,-1298,False,52.062,53.343,51.437
215.71537280082703,0.0848383903503418,0,279801,-15,-1298,False,52.062,53.343,51.437
215.78400039672852,0.06862759590148926,0,279810,-15,-1298,False,52.062,53.343,51.437
215.85160422325134,0.06760382652282715,0,279818,-15,-1298,False,52.062,53.343,51.437
215.9484896659851,0.09688544273376465,0,279827,-15,-1298,False,52.062,53.343,51.437
216.01949548721313,0.07100582122802734,0,279827,-15,-1298,False,52.062,53.343,51.437
216.08171939849854,0.06222391128540039,0,279836,-15,-1298,False,52.062,53.343,51.437
216.14184308052063,0.06012368202209473,0,279845,-15,-1298,False,52.062,53.343,51.437
216.24994659423828,0.10810351371765137,0,279854,-15,-1298,False,52.062,53.343,51.437
216.32537031173706,0.0754237174987793,0,279854,-15,-1298,False,52.062,53.343,51.437
216.3926157951355,0.0672454833984375,0,279863,-15,-1298,False,52.062,53.343,51.437
216.45287442207336,0.06025862693786621,0,279872,-15,-1297,False,52.156,53.468,51.437
216.5432267189026,0.09035229682922363,0,279881,-15,-1297,False,52.156,53.468,51.437
216.6112654209137,0.0680387020111084,0,279881,-15,-1297,False,52.156,53.468,51.437
216.6713047027588,0.06003928184509277,0,279890,-15,-1297,False,52.156,53.468,51.437
216.73480343818665,0.06349873542785645,0,279900,-15,-1296,False,52.156,53.468,51.437
216.84507775306702,0.1102743148803711,0,279908,-15,-1295,False,52.156,53.468,51.437
216.91792058944702,0.07284283638000488,0,279908,-15,-1295,False,52.156,53.468,51.437
216.9862253665924,0.06830477714538574,0,279919,-15,-1293,False,52.156,53.468,51.437
217.0643208026886,0.0780954360961914,0,279927,-15,-1292,False,52.156,53.468,51.437
217.15618014335632,0.09185934066772461,0,279936,-15,-1292,False,52.156,53.468,51.437
217.222913980484,0.06673383712768555,0,279936,-15,-1292,False,52.156,53.468,51.437
217.2866187095642,0.0637047290802002,0,279944,-15,-1292,False,52.156,53.468,51.437
217.35681796073914,0.07019925117492676,0,279953,-15,-1292,False,52.156,53.468,51.437
217.4364628791809,0.07964491844177246,0,279961,-15,-1292,False,52.156,53.468,51.437
217.5016143321991,0.06515145301818848,0,279961,-15,-1292,False,52.156,53.468,51.437
217.56228017807007,0.06066584587097168,0,279970,-15,-1292,False,52.156,53.468,51.437
217.62333011627197,0.0610499382019043,0,279978,-15,-1292,False,52.156,53.468,51.437
217.73620796203613,0.11287784576416016,0,279986,-15,-1292,False,52.156,53.468,51.437
217.8058943748474,0.0696864128112793,0,279986,-15,-1292,False,52.156,53.468,51.437
217.87304615974426,0.06715178489685059,0,279994,-15,-1292,False,52.156,53.468,51.437
217.93945503234863,0.06640887260437012,0,280003,-15,-1292,False,52.156,53.468,51.437
218.0280945301056,0.08863949775695801,0,280011,-15,-1292,False,52.156,53.468,51.437
218.0955286026001,0.06743407249450684,0,280011,-15,-1292,False,52.156,53.468,51.437
218.15701961517334,0.06149101257324219,0,280019,-15,-1292,False,52.156,53.468,51.437
218.22730255126953,0.0702829360961914,0,280026,-15,-1292,False,52.156,53.468,51.437
218.30487442016602,0.07757186889648438,0,280026,-15,-1292,False,52.156,53.468,51.437
218.37148761749268,0.06661319732666016,0,280034,-15,-1292,False,52.156,53.468,51.437
218.43190383911133,0.060416221618652344,0,280041,-15,-1292,False,52.156,53.468,51.437
218.50329327583313,0.07138943672180176,0,280049,-15,-1292,False,52.406,53.468,51.437
218.60928630828857,0.10599303245544434,0,280057,-15,-1292,False,52.406,53.468,51.437
218.68893456459045,0.07964825630187988,0,280057,-15,-1292,False,52.406,53.468,51.437
218.7724528312683,0.08351826667785645,0,280064,-15,-1292,False,52.406,53.468,51.437
218.86402320861816,0.09157037734985352,0,280072,-15,-1292,False,52.406,53.468,51.437
218.93655133247375,0.07252812385559082,0,280079,-15,-1292,False,52.406,53.468,51.437
219.0056266784668,0.06907534599304199,0,280087,-15,-1292,False,52.406,53.468,51.437
219.10951113700867,0.10388445854187012,0,280093,-15,-1292,False,52.406,53.468,51.437
219.18491554260254,0.07540440559387207,0,280093,-15,-1292,False,52.406,53.468,51.437
219.25432133674622,0.06940579414367676,0,280101,-15,-1292,False,52.406,53.468,51.437
219.3351333141327,0.08081197738647461,0,280108,-15,-1293,False,52.406,53.468,51.437
219.42943906784058,0.09430575370788574,0,280115,-15,-1293,False,52.406,53.468,51.437
219.50018882751465,0.07074975967407227,0,280115,-15,-1293,False,52.406,53.468,51.437
219.56692385673523,0.06673502922058105,0,280123,-15,-1293,False,52.406,53.468,51.437
219.6347680091858,0.06784415245056152,0,280129,-15,-1293,False,52.406,53.468,51.437
219.72164511680603,0.08687710762023926,0,280137,-15,-1293,False,52.406,53.468,51.437
219.78572010993958,0.06407499313354492,0,280137,-15,-1293,False,52.406,53.468,51.437
219.8502094745636,0.06448936462402344,0,280144,-15,-1293,False,52.406,53.468,51.437
219.92666339874268,0.07645392417907715,0,280152,-15,-1293,False,52.406,53.468,51.437
219.99915647506714,0.07249307632446289,0,280152,-15,-1293,False,52.406,53.468,51.437
220.06176376342773,0.0626072883605957,0,280159,-15,-1293,False,52.406,53.468,51.437
220.12217545509338,0.060411691665649414,0,280166,-15,-1293,False,52.406,53.468,51.437
220.20000195503235,0.07782649993896484,0,280166,-15,-1293,False,52.406,53.468,51.437
220.26746797561646,0.06746602058410645,0,280174,-15,-1293,False,52.406,53.468,51.437
220.33004021644592,0.06257224082946777,0,280181,-15,-1293,False,52.406,53.468,51.437
220.39078569412231,0.0607454776763916,0,280188,-15,-1293,False,52.406,53.468,51.437
220.4752914905548,0.08450579643249512,0,280188,-15,-1293,False,52.406,53.468,51.437
220.5403802394867,0.06508874893188477,0,280195,-15,-1293,False,52.375,53.531,51.468
220.609699010849,0.06931877136230469,0,280202,-15,-1294,False,52.375,53.531,51.468
220.68437504768372,0.0746760368347168,0,280202,-15,-1294,False,52.375,53.531,51.468
220.75263786315918,0.06826281547546387,0,280210,-15,-1293,False,52.375,53.531,51.468
220.81358575820923,0.06094789505004883,0,280217,-15,-1293,False,52.375,53.531,51.468
220.8734586238861,0.05987286567687988,0,280225,-15,-1293,False,52.375,53.531,51.468
220.9952368736267,0.12177824974060059,0,280232,-15,-1293,False,52.375,53.531,51.468
221.0726351737976,0.07739830017089844,0,280232,-15,-1293,False,52.375,53.531,51.468
221.1432523727417,0.0706171989440918,0,280246,-15,-1293,False,52.375,53.531,51.468
221.29185104370117,0.14859867095947266,0,280254,-15,-1293,False,52.375,53.531,51.468
221.38199377059937,0.09014272689819336,0,280254,-15,-1293,False,52.375,53.531,51.468
221.45525193214417,0.0732581615447998,0,280261,-15,-1293,False,52.375,53.531,51.468
221.58160972595215,0.1263577938079834,0,280276,-15,-1294,False,52.375,53.531,51.468
221.66213655471802,0.08052682876586914,0,280276,-15,-1294,False,52.375,53.531,51.468
221.7323338985443,0.07019734382629395,0,280284,-15,-1293,False,52.375,53.531,51.468
221.8095018863678,0.07716798782348633,0,280291,-15,-1293,False,52.375,53.531,51.468
221.89550042152405,0.08599853515625,0,280299,-15,-1293,False,52.375,53.531,51.468
221.9606065750122,0.06510615348815918,0,280299,-15,-1293,False,52.375,53.531,51.468
222.0214409828186,0.060834407806396484,0,280307,-15,-1293,False,52.375,53.531,51.468
222.14756107330322,0.12612009048461914,0,280315,-15,-1293,False,52.375,53.531,51.468
222.2282795906067,0.0807185173034668,0,280324,-15,-1293,False,52.375,53.531,51.468
222.29499459266663,0.06671500205993652,0,280332,-15,-1293,False,52.375,53.531,51.468
222.37238907814026,0.07739448547363281,0,280340,-15,-1293,False,52.375,53.531,51.468
222.46372151374817,0.09133243560791016,0,280340,-15,-1293,False,52.375,53.531,51.468
222.52912878990173,0.06540727615356445,0,280349,-15,-1293,False,52.375,53.531,51.468
222.5902054309845,0.06107664108276367,0,280358,-15,-1292,False,52.125,53.5,51.5
222.7069056034088,0.1167001724243164,0,280365,-15,-1292,False,52.125,53.5,51.5
222.77879858016968,0.07189297676086426,0,280365,-15,-1292,False,52.125,53.5,51.5
222.8433132171631,0.0645146369934082,0,280374,-15,-1292,False,52.125,53.5,51.5
222.90391778945923,0.06060457229614258,0,280383,-15,-1292,False,52.125,53.5,51.5
223.00181794166565,0.0979001522064209,0,280392,-15,-1292,False,52.125,53.5,51.5
223.07019233703613,0.0683743953704834,0,280392,-15,-1292,False,52.125,53.5,51.5
223.13298797607422,0.06279563903808594,0,280400,-15,-1292,False,52.125,53.5,51.5
223.20891499519348,0.0759270191192627,0,280409,-15,-1292,False,52.125,53.5,51.5
223.28378009796143,0.07486510276794434,0,280418,-15,-1292,False,52.125,53.5,51.5
223.3458275794983,0.062047481536865234,0,280418,-15,-1292,False,52.125,53.5,51.5
223.40780925750732,0.0619816780090332,0,280426,-15,-1292,False,52.125,53.5,51.5
223.49012780189514,0.08231854438781738,0,280435,-15,-1292,False,52.125,53.5,51.5
223.56921911239624,0.07909131050109863,0,280435,-15,-1292,False,52.125,53.5,51.5
223.6327760219574,0.06355690956115723,0,280444,-15,-1292,False,52.125,53.5,51.5
223.69310092926025,0.060324907302856445,0,280453,-15,-1292,False,52.125,53.5,51.5
223.75764751434326,0.06454658508300781,0,280461,-15,-1292,False,52.125,53.5,51.5
223.848379611969,0.09073209762573242,0,280461,-15,-1292,False,52.125,53.5,51.5
223.91436862945557,0.06598901748657227,0,280470,-15,-1292,False,52.125,53.5,51.5
223.974778175354,0.0604095458984375,0,280479,-15,-1292,False,52.125,53.5,51.5
224.0848286151886,0.11005043983459473,0,280488,-15,-1292,False,52.125,53.5,51.5
224.16106057167053,0.0762319564819336,0,280488,-15,-1292,False,52.125,53.5,51.5
224.22389340400696,0.06283283233642578,0,280497,-15,-1292,False,52.125,53.5,51.5
224.28408312797546,0.06018972396850586,0,280507,-15,-1292,False,52.125,53.5,51.5
224.39413785934448,0.11005473136901855,0,280516,-15,-1292,False,52.125,53.5,51.5
224.46024751663208,0.06610965728759766,0,280516,-15,-1292,False,52.125,53.5,51.5
224.5261960029602,0.065948486328125,0,280535,-15,-1291,False,52.125,53.5,51.5
224.6540687084198,0.12787270545959473,0,280544,-15,-1291,False,52.125,53.25,51.593
224.73780989646912,0.0837411880493164,0,280544,-15,-1291,False,52.125,53.25,51.593
224.8040063381195,0.06619644165039062,0,280554,-15,-1291,False,52.125,53.25,51.593
224.87137413024902,0.0673677921295166,0,280564,-15,-1291,False,52.125,53.25,51.593
224.9406201839447,0.06924605369567871,0,280564,-15,-1291,False,52.125,53.25,51.593
225.0017716884613,0.06115150451660156,0,280574,-15,-1290,False,52.125,53.25,51.593
225.0705213546753,0.06874966621398926,0,280584,-15,-1290,False,52.125,53.25,51.593
225.14996528625488,0.07944393157958984,0,280584,-15,-1290,False,52.125,53.25,51.593
225.21117043495178,0.061205148696899414,0,280594,-15,-1290,False,52.125,53.25,51.593
225.2757158279419,0.0645453929901123,0,280604,-15,-1290,False,52.125,53.25,51.593
225.34744882583618,0.07173299789428711,0,280614,-15,-1290,False,52.125,53.25,51.593
225.43379878997803,0.0863499641418457,0,280614,-15,-1290,False,52.125,53.25,51.593
225.48823499679565,0.05443620681762695,0,280624,-15,-1289,False,52.125,53.25,51.593
225.54823184013367,0.059996843338012695,0,280634,-15,-1289,False,52.125,53.25,51.593
225.63367700576782,0.08544516563415527,0,280634,-15,-1289,False,52.125,53.25,51.593
225.69395208358765,0.06027507781982422,0,280644,-15,-1289,False,52.125,53.25,51.593
225.7537829875946,0.05983090400695801,0,280644,-15,-1289,False,52.125,53.25,51.593
225.82117700576782,0.06739401817321777,0,280662,-15,-1289,False,52.125,53.25,51.593
225.93248224258423,0.11130523681640625,0,280662,-15,-1289,False,52.125,53.25,51.593
225.99973130226135,0.06724905967712402,0,280672,-15,-1289,False,52.125,53.25,51.593
226.06183004379272,0.06209874153137207,0,280681,-15,-1289,False,52.125,53.25,51.593
226.13617730140686,0.07434725761413574,0,280691,-15,-1289,False,52.125,53.25,51.593
226.22304892539978,0.08687162399291992,0,280691,-15,-1289,False,52.125,53.25,51.593
226.28785753250122,0.06480860710144043,0,280700,-15,-1289,False,52.125,53.25,51.593
226.34918093681335,0.06132340431213379,0,280710,-15,-1289,False,52.125,53.25,51.593
226.42259788513184,0.07341694831848145,0,280710,-15,-1289,False,52.125,53.25,51.593
226.51102209091187,0.0884242057800293,0,280719,-15,-1289,False,52.125,53.25,51.593
226.57462763786316,0.06360554695129395,0,280729,-15,-1289,False,52.125,53.25,51.593
226.64804100990295,0.07341337203979492,0,280739,-15,-1289,False,52.062,53.437,51.468
226.787095785141,0.1390547752380371,0,280748,-15,-1289,False,52.062,53.437,51.468
226.8772165775299,0.09012079238891602,0,280758,-15,-1289,False,52.062,53.437,51.468
226.94997692108154,0.07276034355163574,0,280768,-15,-1289,False,52.062,53.437,51.468
227.079336643219,0.12935972213745117,0,280779,-15,-1289,False,52.062,53.437,51.468
227.16725945472717,0.08792281150817871,0,280789,-15,-1289,False,52.062,53.437,51.468
227.2432987689972,0.07603931427001953,0,280799,-15,-1289,False,52.062,53.437,51.468
227.3730502128601,0.12975144386291504,0,280810,-15,-1289,False,52.062,53.437,51.468
227.46229028701782,0.08924007415771484,0,280820,-15,-1289,False,52.062,53.437,51.468
227.5374870300293,0.07519674301147461,0,280831,-15,-1289,False,52.062,53.437,51.468
227.6617031097412,0.12421607971191406,0,280841,-15,-1289,False,52.062,53.437,51.468
227.74370312690735,0.0820000171661377,0,280851,-15,-1289,False,52.062,53.437,51.468
227.81427359580994,0.07057046890258789,0,280851,-15,-1289,False,52.062,53.437,51.468
227.88674330711365,0.07246971130371094,0,280862,-15,-1288,False,52.062,53.437,51.468
227.97159075737,0.08484745025634766,0,280872,-15,-1289,False,52.062,53.437,51.468
228.0357027053833,0.06411194801330566,0,280872,-15,-1289,False,52.062,53.437,51.468
228.09619641304016,0.06049370765686035,0,280883,-15,-1289,False,52.062,53.437,51.468
228.1702835559845,0.07408714294433594,0,280894,-15,-1288,False,52.062,53.437,51.468
228.2545177936554,0.08423423767089844,0,280904,-15,-1289,False,52.062,53.437,51.468
228.32577443122864,0.07125663757324219,0,280904,-15,-1289,False,52.062,53.437,51.468
228.38743352890015,0.06165909767150879,0,280914,-15,-1288,False,52.062,53.437,51.468
228.4800124168396,0.09257888793945312,0,280925,-15,-1288,False,52.062,53.437,51.468
228.55504631996155,0.07503390312194824,0,280935,-15,-1288,False,52.062,53.437,51.468
228.62694382667542,0.07189750671386719,0,280935,-15,-1288,False,52.062,53.437,51.468
228.6878457069397,0.06090188026428223,0,280946,-15,-1288,False,52.312,53.593,51.468
228.78556752204895,0.09772181510925293,0,280957,-15,-1288,False,52.312,53.593,51.468
228.8493013381958,0.06373381614685059,0,280968,-15,-1288,False,52.312,53.593,51.468
228.91032528877258,0.06102395057678223,0,280968,-15,-1288,False,52.312,53.593,51.468
228.9705741405487,0.06024885177612305,0,280979,-15,-1288,False,52.312,53.593,51.468
229.08726024627686,0.11668610572814941,0,280989,-15,-1288,False,52.312,53.593,51.468
229.157071352005,0.06981110572814941,0,281000,-15,-1288,False,52.312,53.593,51.468
229.2198965549469,0.06282520294189453,0,281000,-15,-1288,False,52.312,53.593,51.468
229.28647136688232,0.0665748119354248,0,281010,-15,-1288,False,52.312,53.593,51.468
229.37569618225098,0.08922481536865234,0,281020,-15,-1288,False,52.312,53.593,51.468
229.4390676021576,0.06337141990661621,0,281031,-15,-1288,False,52.312,53.593,51.468
229.50003719329834,0.06096959114074707,0,281031,-15,-1288,False,52.312,53.593,51.468
229.56066179275513,0.06062459945678711,0,281041,-15,-1288,False,52.312,53.593,51.468
229.65758395195007,0.09692215919494629,0,281052,-15,-1288,False,52.312,53.593,51.468
229.7304654121399,0.07288146018981934,0,281063,-15,-1288,False,52.312,53.593,51.468
229.803405046463,0.07293963432312012,0,281063,-15,-1288,False,52.312,53.593,51.468
229.88226079940796,0.07885575294494629,0,281074,-15,-1288,False,52.312,53.593,51.468
229.9645392894745,0.08227849006652832,0,281085,-15,-1288,False,52.312,53.593,51.468
230.03091526031494,0.0663759708404541,0,281096,-15,-1288,False,52.312,53.593,51.468
230.09256887435913,0.06165361404418945,0,281096,-15,-1288,False,52.312,53.593,51.468
230.17187595367432,0.07930707931518555,0,281107,-15,-1288,False,52.312,53.593,51.468
230.26292777061462,0.09105181694030762,0,281118,-15,-1288,False,52.312,53.593,51.468
230.3300507068634,0.0671229362487793,0,281129,-15,-1288,False,52.312,53.593,51.468
230.39559054374695,0.06553983688354492,0,281129,-15,-1288,False,52.312,53.593,51.468
230.46833157539368,0.07274103164672852,0,281140,-15,-1288,False,52.312,53.593,51.468
230.55264496803284,0.08431339263916016,0,281151,-15,-1288,False,52.312,53.593,51.468
230.62269806861877,0.0700531005859375,0,281151,-15,-1288,False,52.312,53.593,51.468
230.68727087974548,0.06457281112670898,0,281163,-15,-1288,False,52.312,53.593,51.468
230.76505613327026,0.07778525352478027,0,281175,-15,-1288,False,52.281,53.687,51.437
230.86470770835876,0.09965157508850098,0,281186,-15,-1288,False,52.281,53.687,51.437
230.9348623752594,0.07015466690063477,0,281197,-15,-1288,False,52.281,53.687,51.437
231.00331377983093,0.0684514045715332,0,281208,-15,-1288,False,52.281,53.687,51.437
231.13816809654236,0.13485431671142578,0,281219,-15,-1288,False,52.281,53.687,51.437
231.23992657661438,0.10175848007202148,0,281230,-15,-1288,False,52.281,53.687,51.437
231.31638097763062,0.07645440101623535,0,281240,-15,-1288,False,52.281,53.687,51.437
231.42105150222778,0.10467052459716797,0,281251,-15,-1288,False,52.281,53.687,51.437
231.50895953178406,0.08790802955627441,0,281262,-15,-1288,False,52.281,53.687,51.437
231.5859498977661,0.07699036598205566,0,281271,-15,-1288,False,52.281,53.687,51.437
231.72807240486145,0.14212250709533691,0,281282,-15,-1288,False,52.281,53.687,51.437
231.8293035030365,0.10123109817504883,0,281292,-15,-1288,False,52.281,53.687,51.437
231.91294646263123,0.08364295959472656,0,281302,-15,-1288,False,52.281,53.687,51.437
232.02638292312622,0.11343646049499512,0,281313,-15,-1288,False,52.281,53.687,51.437
232.1028573513031,0.07647442817687988,0,281313,-15,-1288,False,52.281,53.687,51.437
232.17357087135315,0.07071352005004883,0,281323,-15,-1288,False,52.281,53.687,51.437
232.24866819381714,0.07509732246398926,0,281334,-15,-1288,False,52.281,53.687,51.437
232.33524537086487,0.08657717704772949,0,281344,-15,-1288,False,52.281,53.687,51.437
232.39935445785522,0.06410908699035645,0,281344,-15,-1288,False,52.281,53.687,51.437
232.46206974983215,0.06271529197692871,0,281355,-15,-1288,False,52.281,53.687,51.437
232.52100467681885,0.058934926986694336,0,281365,-15,-1288,False,52.281,53.687,51.437
232.6186637878418,0.09765911102294922,0,281375,-15,-1288,False,52.281,53.687,51.437
232.690598487854,0.07193470001220703,0,281375,-15,-1288,False,52.281,53.687,51.437
232.7517364025116,0.06113791465759277,0,281386,-15,-1288,False,52.093,53.5,51.437
232.84112644195557,0.08939003944396973,0,281396,-15,-1288,False,52.093,53.5,51.437
232.93099308013916,0.08986663818359375,0,281407,-15,-1288,False,52.093,53.5,51.437
232.99827218055725,0.06727910041809082,0,281407,-15,-1288,False,52.093,53.5,51.437
233.05953574180603,0.0612635612487793,0,281417,-15,-1288,False,52.093,53.5,51.437
233.13807916641235,0.07854342460632324,0,281427,-15,-1288,False,52.093,53.5,51.437
233.23098874092102,0.09290957450866699,0,281438,-15,-1288,False,52.093,53.5,51.437
233.2980921268463,0.06710338592529297,0,281448,-15,-1288,False,52.093,53.5,51.437
233.3633589744568,0.06526684761047363,0,281448,-15,-1288,False,52.093,53.5,51.437
233.43399691581726,0.07063794136047363,0,281458,-15,-1288,False,52.093,53.5,51.437
233.52840876579285,0.09441184997558594,0,281468,-15,-1289,False,52.093,53.5,51.437
233.59425258636475,0.06584382057189941,0,281468,-15,-1289,False,52.093,53.5,51.437
233.656391620636,0.062139034271240234,0,281478,-15,-1288,False,52.093,53.5,51.437
233.73281979560852,0.07642817497253418,0,281489,-15,-1288,False,52.093,53.5,51.437
233.82702684402466,0.0942070484161377,0,281499,-15,-1289,False,52.093,53.5,51.437
233.89326429367065,0.0662374496459961,0,281509,-15,-1288,False,52.093,53.5,51.437
233.9595091342926,0.06624484062194824,0,281509,-15,-1288,False,52.093,53.5,51.437
234.03610634803772,0.07659721374511719,0,281520,-15,-1288,False,52.093,53.5,51.437
234.11458563804626,0.07847929000854492,0,281530,-15,-1289,False,52.093,53.5,51.437
234.1775233745575,0.06293773651123047,0,281530,-15,-1289,False,52.093,53.5,51.437
234.23740553855896,0.059882164001464844,0,281540,-15,-1288,False,52.093,53.5,51.437
234.31649231910706,0.0790867805480957,0,281551,-15,-1289,False,52.093,53.5,51.437
234.40468192100525,0.08818960189819336,0,281561,-15,-1288,False,52.093,53.5,51.437
234.4735231399536,0.06884121894836426,0,281561,-15,-1288,False,52.093,53.5,51.437
234.53715109825134,0.06362795829772949,0,281572,-15,-1289,False,52.093,53.5,51.437
234.61593437194824,0.07878327369689941,0,281582,-15,-1288,False,52.093,53.5,51.437
234.69793581962585,0.0820014476776123,0,281593,-15,-1289,False,52.093,53.5,51.437
234.76181626319885,0.06388044357299805,0,281593,-15,-1289,False,52.281,53.875,51.468
234.8346710205078,0.07285475730895996,0,281603,-15,-1289,False,52.281,53.875,51.468
234.90518617630005,0.07051515579223633,0,281613,-15,-1289,False,52.281,53.875,51.468
234.99808549880981,0.09289932250976562,0,281624,-15,-1289,False,52.281,53.875,51.468
235.06534600257874,0.0672605037689209,0,281624,-15,-1289,False,52.281,53.875,51.468
235.12913465499878,0.06378865242004395,0,281634,-15,-1289,False,52.281,53.875,51.468
235.2046148777008,0.07548022270202637,0,281644,-15,-1289,False,52.281,53.875,51.468
235.29901266098022,0.09439778327941895,0,281654,-15,-1289,False,52.281,53.875,51.468
235.36964631080627,0.0706336498260498,0,281654,-15,-1289,False,52.281,53.875,51.468
235.43353629112244,0.06388998031616211,0,281664,-15,-1289,False,52.281,53.875,51.468
235.50390195846558,0.07036566734313965,0,281675,-15,-1289,False,52.281,53.875,51.468
235.59384751319885,0.08994555473327637,0,281685,-15,-1289,False,52.281,53.875,51.468
235.6660726070404,0.07222509384155273,0,281685,-15,-1289,False,52.281,53.875,51.468
235.73008584976196,0.06401324272155762,0,281696,-15,-1289,False,52.281,53.875,51.468
235.8003385066986,0.07025265693664551,0,281706,-15,-1289,False,52.281,53.875,51.468
235.89158749580383,0.09124898910522461,0,281716,-15,-1288,False,52.281,53.875,51.468
235.95843958854675,0.06685209274291992,0,281716,-15,-1288,False,52.281,53.875,51.468
236.0190670490265,0.06062746047973633,0,281726,-15,-1288,False,52.281,53.875,51.468
236.09648609161377,0.07741904258728027,0,281736,-15,-1289,False,52.281,53.875,51.468
236.19777035713196,0.10128426551818848,0,281747,-15,-1289,False,52.281,53.875,51.468
236.26877427101135,0.07100391387939453,0,281747,-15,-1289,False,52.281,53.875,51.468
236.33571124076843,0.06693696975708008,0,281767,-15,-1289,False,52.281,53.875,51.468
236.46653866767883,0.1308274269104004,0,281778,-15,-1289,False,52.281,53.875,51.468
236.55232048034668,0.08578181266784668,0,281778,-15,-1289,False,52.281,53.875,51.468
236.62657642364502,0.07425594329833984,0,281788,-15,-1289,False,52.281,53.875,51.468
236.73803758621216,0.11146116256713867,0,281809,-15,-1289,False,52.281,53.875,51.468
236.83903241157532,0.10099482536315918,0,281809,-15,-1289,False,52.031,53.312,51.5
236.92205572128296,0.0830233097076416,0,281829,-15,-1289,False,52.031,53.312,51.5
237.06351733207703,0.14146161079406738,0,281839,-15,-1289,False,52.031,53.312,51.5
237.1584348678589,0.09491753578186035,0,281849,-15,-1289,False,52.031,53.312,51.5
237.23286819458008,0.0744333267211914,0,281860,-15,-1289,False,52.031,53.312,51.5
237.35811972618103,0.12525153160095215,0,281870,-15,-1288,False,52.031,53.312,51.5
237.4434974193573,0.08537769317626953,0,281870,-15,-1288,False,52.031,53.312,51.5
237.51962971687317,0.07613229751586914,0,281891,-15,-1289,False,52.031,53.312,51.5
237.64024114608765,0.12061142921447754,0,281901,-15,-1289,False,52.031,53.312,51.5
237.72919702529907,0.08895587921142578,0,281901,-15,-1289,False,52.031,53.312,51.5
237.80371642112732,0.07451939582824707,0,281911,-15,-1289,False,52.031,53.312,51.5
237.87603878974915,0.07232236862182617,0,281921,-15,-1288,False,52.031,53.312,51.5
237.95469665527344,0.07865786552429199,0,281921,-15,-1288,False,52.031,53.312,51.5
238.01877307891846,0.06407642364501953,0,281931,-15,-1289,False,52.031,53.312,51.5
238.0906901359558,0.07191705703735352,0,281951,-15,-1289,False,52.031,53.312,51.5
238.23164224624634,0.14095211029052734,0,281951,-15,-1289,False,52.031,53.312,51.5
238.31565618515015,0.0840139389038086,0,281961,-15,-1289,False,52.031,53.312,51.5
238.3872148990631,0.07155871391296387,0,281971,-15,-1289,False,52.031,53.312,51.5
238.45514798164368,0.0679330825805664,0,281981,-15,-1289,False,52.031,53.312,51.5
238.54521083831787,0.09006285667419434,0,281981,-15,-1289,False,52.031,53.312,51.5
238.61051225662231,0.06530141830444336,0,281991,-15,-1288,False,52.031,53.312,51.5
238.67571544647217,0.06520318984985352,0,282001,-15,-1289,False,52.031,53.312,51.5
238.75067257881165,0.07495713233947754,0,282011,-15,-1289,False,52.031,53.312,51.5
238.84400081634521,0.09332823753356934,0,282020,-15,-1289,False,52.156,53.531,51.531
238.92073941230774,0.07673859596252441,0,282020,-15,-1289,False,52.156,53.531,51.531
238.9874074459076,0.06666803359985352,0,282039,-15,-1288,False,52.156,53.531,51.531
239.13595485687256,0.14854741096496582,0,282048,-15,-1289,False,52.156,53.531,51.531
239.22784280776978,0.0918879508972168,0,282048,-15,-1289,False,52.156,53.531,51.531
239.30061268806458,0.0727698802947998,0,282058,-15,-1289,False,52.156,53.531,51.531
239.42572927474976,0.12511658668518066,0,282078,-15,-1289,False,52.156,53.531,51.531
239.5153398513794,0.08961057662963867,0,282078,-15,-1289,False,52.156,53.531,51.531
239.5917146205902,0.07637476921081543,0,282097,-15,-1289,False,52.156,53.531,51.531
239.72600317001343,0.13428854942321777,0,282108,-15,-1289,False,52.156,53.531,51.531
239.81403040885925,0.0880272388458252,0,282108,-15,-1289,False,52.156,53.531,51.531
239.8891077041626,0.07507729530334473,0,282127,-15,-1289,False,52.156,53.531,51.531
240.02700352668762,0.13789582252502441,0,282137,-15,-1289,False,52.156,53.531,51.531
240.12312817573547,0.09612464904785156,0,282137,-15,-1289,False,52.156,53.531,51.531
240.20187878608704,0.0787506103515625,0,282156,-15,-1288,False,52.156,53.531,51.531
240.32124543190002,0.11936664581298828,0,282156,-15,-1288,False,52.156,53.531,51.531
240.3983509540558,0.07710552215576172,0,282165,-15,-1288,False,52.156,53.531,51.531
240.47153329849243,0.07318234443664551,0,282175,-15,-1288,False,52.156,53.531,51.531
240.59928059577942,0.1277472972869873,0,282184,-15,-1288,False,52.156,53.531,51.531
240.68333292007446,0.08405232429504395,0,282194,-15,-1289,False,52.156,53.531,51.531
240.75226259231567,0.06892967224121094,0,282204,-15,-1288,False,52.156,53.531,51.531
240.82235288619995,0.07009029388427734,0,282213,-15,-1289,False,52.156,53.531,51.531
240.90794277191162,0.08558988571166992,0,282213,-15,-1289,False,52.687,53.75,51.5
240.97867155075073,0.07072877883911133,0,282223,-15,-1289,False,52.687,53.75,51.5
241.04001212120056,0.0613405704498291,0,282232,-15,-1289,False,52.687,53.75,51.5
241.1153585910797,0.07534646987915039,0,282242,-15,-1289,False,52.687,53.75,51.5
241.20651173591614,0.09115314483642578,0,282242,-15,-1289,False,52.687,53.75,51.5
241.27051186561584,0.06400012969970703,0,282252,-15,-1289,False,52.687,53.75,51.5
241.3303940296173,0.059882164001464844,0,282261,-15,-1289,False,52.687,53.75,51.5
241.40837979316711,0.07798576354980469,0,282270,-15,-1289,False,52.687,53.75,51.5
241.49591612815857,0.08753633499145508,0,282270,-15,-1289,False,52.687,53.75,51.5
241.56230974197388,0.06639361381530762,0,282279,-15,-1293,False,52.687,53.75,51.5
241.62216567993164,0.05985593795776367,0,282279,-15,-1293,False,52.687,53.75,51.5
241.6809787750244,0.05881309509277344,0,282288,-15,-1295,False,52.687,53.75,51.5
241.7550585269928,0.07407975196838379,0,282297,-15,-1295,False,52.687,53.75,51.5
241.8151080608368,0.06004953384399414,0,282297,-15,-1295,False,52.687,53.75,51.5
241.8757677078247,0.06065964698791504,0,282306,-15,-1295,False,52.687,53.75,51.5
241.98170948028564,0.1059417724609375,0,282315,-15,-1295,False,52.687,53.75,51.5
242.05660796165466,0.07489848136901855,0,282324,-15,-1296,False,52.687,53.75,51.5
242.12008500099182,0.0634770393371582,0,282324,-15,-1296,False,52.687,53.75,51.5
242.17975091934204,0.05966591835021973,0,282333,-15,-1295,False,52.687,53.75,51.5
242.2742748260498,0.09452390670776367,0,282342,-15,-1295,False,52.687,53.75,51.5
242.34488201141357,0.07060718536376953,0,282351,-15,-1296,False,52.687,53.75,51.5
242.40710139274597,0.06221938133239746,0,282351,-15,-1296,False,52.687,53.75,51.5
242.46661806106567,0.05951666831970215,0,282360,-15,-1295,False,52.687,53.75,51.5
242.56510138511658,0.09848332405090332,0,282369,-15,-1296,False,52.687,53.75,51.5
242.63474202156067,0.0696406364440918,0,282378,-15,-1296,False,52.687,53.75,51.5
242.6942069530487,0.05946493148803711,0,282378,-15,-1296,False,52.687,53.75,51.5
242.76923823356628,0.07503128051757812,0,282388,-15,-1296,False,52.687,53.75,51.5
242.85272669792175,0.08348846435546875,0,282396,-15,-1296,False,52.687,53.75,51.5
242.9196310043335,0.06690430641174316,0,282406,-15,-1296,False,52.5,53.531,51.562
242.992906332016,0.07327532768249512,0,282406,-15,-1296,False,52.5,53.531,51.562
243.08004760742188,0.08714127540588379,0,282415,-15,-1296,False,52.5,53.531,51.562
243.15144324302673,0.0713956356048584,0,282424,-15,-1296,False,52.5,53.531,51.562
243.217946767807,0.06650352478027344,0,282434,-15,-1296,False,52.5,53.531,51.562
243.28032875061035,0.06238198280334473,0,282434,-15,-1296,False,52.5,53.531,51.562
243.35367345809937,0.07334470748901367,0,282443,-15,-1296,False,52.5,53.531,51.562
243.41828966140747,0.06461620330810547,0,282453,-15,-1296,False,52.5,53.531,51.562
243.47752618789673,0.05923652648925781,0,282453,-15,-1296,False,52.5,53.531,51.562
243.53712677955627,0.0596005916595459,0,282462,-15,-1296,False,52.5,53.531,51.562
243.60896801948547,0.07184123992919922,0,282462,-15,-1296,False,52.5,53.531,51.562
243.671222448349,0.06225442886352539,0,282472,-15,-1296,False,52.5,53.531,51.562
243.7338511943817,0.06262874603271484,0,282482,-15,-1296,False,52.5,53.531,51.562
243.7936224937439,0.05977129936218262,0,282491,-15,-1296,False,52.5,53.531,51.562
243.89113187789917,0.09750938415527344,0,282491,-15,-1296,False,52.5,53.531,51.562
243.95808172225952,0.06694984436035156,0,282501,-15,-1296,False,52.5,53.531,51.562
244.02168440818787,0.06360268592834473,0,282510,-15,-1296,False,52.5,53.531,51.562
244.10206937789917,0.08038496971130371,0,282519,-15,-1296,False,52.5,53.531,51.562
244.19483995437622,0.09277057647705078,0,282519,-15,-1296,False,52.5,53.531,51.562
244.26378750801086,0.06894755363464355,0,282530,-15,-1296,False,52.5,53.531,51.562
244.3256049156189,0.06181740760803223,0,282539,-15,-1296,False,52.5,53.531,51.562
244.4450843334198,0.11947941780090332,0,282549,-15,-1296,False,52.5,53.531,51.562
244.52889442443848,0.08381009101867676,0,282559,-15,-1296,False,52.5,53.531,51.562
244.6009132862091,0.07201886177062988,0,282568,-15,-1296,False,52.5,53.531,51.562
244.66837763786316,0.06746435165405273,0,282568,-15,-1296,False,52.5,53.531,51.562
244.7557475566864,0.08736991882324219,0,282578,-15,-1296,False,52.5,53.531,51.562
244.81962633132935,0.06387877464294434,0,282587,-15,-1296,False,52.5,53.531,51.562
244.88174533843994,0.0621190071105957,0,282587,-15,-1296,False,52.5,53.531,51.562
244.96074032783508,0.0789949893951416,0,282597,-15,-1296,False,52.281,53.531,51.562
245.0476999282837,0.0869596004486084,0,282607,-15,-1296,False,52.281,53.531,51.562
245.11647844314575,0.06877851486206055,0,282616,-15,-1296,False,52.281,53.531,51.562
245.181077003479,0.06459856033325195,0,282616,-15,-1296,False,52.281,53.531,51.562
245.24991154670715,0.06883454322814941,0,282626,-15,-1296,False,52.281,53.531,51.562
245.33956289291382,0.08965134620666504,0,282635,-15,-1296,False,52.281,53.531,51.562
245.40964603424072,0.0700831413269043,0,282644,-15,-1296,False,52.281,53.531,51.562
245.47279977798462,0.06315374374389648,0,282654,-15,-1296,False,52.281,53.531,51.562
245.59662580490112,0.1238260269165039,0,282663,-15,-1296,False,52.281,53.531,51.562
245.68453788757324,0.08791208267211914,0,282672,-15,-1296,False,52.281,53.531,51.562
245.75769639015198,0.07315850257873535,0,282672,-15,-1296,False,52.281,53.531,51.562
245.8477795124054,0.09008312225341797,0,282681,-15,-1296,False,52.281,53.531,51.562
245.92188477516174,0.07410526275634766,0,282690,-15,-1296,False,52.281,53.531,51.562
245.9858160018921,0.06393122673034668,0,282690,-15,-1296,False,52.281,53.531,51.562
246.04640555381775,0.06058955192565918,0,282699,-15,-1296,False,52.281,53.531,51.562
246.141254901886,0.0948493480682373,0,282708,-15,-1296,False,52.281,53.531,51.562
246.2186040878296,0.07734918594360352,0,282717,-15,-1296,False,52.281,53.531,51.562
246.28395771980286,0.0653536319732666,0,282717,-15,-1296,False,52.281,53.531,51.562
246.34518814086914,0.06123042106628418,0,282726,-15,-1296,False,52.281,53.531,51.562
246.44347262382507,0.09828448295593262,0,282735,-15,-1296,False,52.281,53.531,51.562
246.51045322418213,0.06698060035705566,0,282743,-15,-1296,False,52.281,53.531,51.562
246.57235598564148,0.061902761459350586,0,282743,-15,-1296,False,52.281,53.531,51.562
246.63272953033447,0.060373544692993164,0,282753,-15,-1296,False,52.281,53.531,51.562
246.7109076976776,0.07817816734313965,0,282761,-15,-1296,False,52.281,53.531,51.562
246.77379274368286,0.06288504600524902,0,282761,-15,-1296,False,52.281,53.531,51.562
246.83383679389954,0.060044050216674805,0,282767,-15,-1297,False,52.281,53.531,51.562
246.89402842521667,0.06019163131713867,0,282777,-15,-1297,False,52.281,53.531,51.562
246.97185111045837,0.07782268524169922,0,282786,-15,-1297,False,52.906,53.593,51.687
247.04553246498108,0.07368135452270508,0,282786,-15,-1297,False,52.906,53.593,51.687
247.10686445236206,0.061331987380981445,0,282795,-15,-1297,False,52.906,53.593,51.687
247.18930339813232,0.08243894577026367,0,282805,-15,-1297,False,52.906,53.593,51.687
247.25435400009155,0.06505060195922852,0,282805,-15,-1297,False,52.906,53.593,51.687
247.3149836063385,0.06062960624694824,0,282813,-15,-1297,False,52.906,53.593,51.687
247.37615728378296,0.06117367744445801,0,282822,-15,-1297,False,52.906,53.593,51.687
247.45494437217712,0.07878708839416504,0,282822,-15,-1297,False,52.906,53.593,51.687
247.51497101783752,0.06002664566040039,0,282831,-15,-1297,False,52.906,53.593,51.687
247.57511973381042,0.06014871597290039,0,282839,-15,-1297,False,52.906,53.593,51.687
247.6499481201172,0.0748283863067627,0,282839,-15,-1297,False,52.906,53.593,51.687
247.71684312820435,0.0668950080871582,0,282849,-15,-1297,False,52.906,53.593,51.687
247.7773253917694,0.06048226356506348,0,282858,-15,-1297,False,52.906,53.593,51.687
247.83882927894592,0.06150388717651367,0,282858,-15,-1297,False,52.906,53.593,51.687
247.91722798347473,0.0783987045288086,0,282867,-15,-1297,False,52.906,53.593,51.687
247.97915816307068,0.061930179595947266,0,282876,-15,-1297,False,52.906,53.593,51.687
248.03929924964905,0.06014108657836914,0,282876,-15,-1297,False,52.906,53.593,51.687
248.09938025474548,0.06008100509643555,0,282885,-15,-1297,False,52.906,53.593,51.687
248.1748447418213,0.07546448707580566,0,282894,-15,-1297,False,52.906,53.593,51.687
248.2355899810791,0.0607452392578125,0,282894,-15,-1297,False,52.906,53.593,51.687
248.2995524406433,0.06396245956420898,0,282903,-15,-1297,False,52.906,53.593,51.687
248.37408304214478,0.07453060150146484,0,282913,-15,-1297,False,52.906,53.593,51.687
248.46427083015442,0.09018778800964355,0,282913,-15,-1297,False,52.906,53.593,51.687
248.5285141468048,0.06424331665039062,0,282922,-15,-1297,False,52.906,53.593,51.687
248.59154224395752,0.06302809715270996,0,282931,-15,-1297,False,52.906,53.593,51.687
248.67170071601868,0.08015847206115723,0,282941,-15,-1297,False,52.906,53.593,51.687
248.73223900794983,0.060538291931152344,0,282941,-15,-1297,False,52.906,53.593,51.687
248.79176354408264,0.0595245361328125,0,282950,-15,-1297,False,52.906,53.593,51.687
248.85468983650208,0.0629262924194336,0,282959,-15,-1297,False,52.906,53.593,51.687
248.93233919143677,0.07764935493469238,0,282959,-15,-1297,False,52.906,53.593,51.687
248.99418997764587,0.061850786209106445,0,282969,-15,-1297,False,52.593,53.906,51.75
249.0657229423523,0.0715329647064209,0,282978,-15,-1297,False,52.593,53.906,51.75
249.14735388755798,0.08163094520568848,0,282978,-15,-1297,False,52.593,53.906,51.75
249.20844554901123,0.06109166145324707,0,282987,-15,-1297,False,52.593,53.906,51.75
249.26785159111023,0.05940604209899902,0,282996,-15,-1297,False,52.593,53.906,51.75
249.33604216575623,0.0681905746459961,0,282996,-15,-1297,False,52.593,53.906,51.75
249.4170536994934,0.08101153373718262,0,283005,-15,-1297,False,52.593,53.906,51.75
249.48250222206116,0.06544852256774902,0,283014,-15,-1297,False,52.593,53.906,51.75
249.55339097976685,0.07088875770568848,0,283023,-15,-1297,False,52.593,53.906,51.75
249.67842507362366,0.12503409385681152,0,283032,-15,-1297,False,52.593,53.906,51.75
249.76987886428833,0.09145379066467285,0,283042,-15,-1297,False,52.593,53.906,51.75
249.8613796234131,0.09150075912475586,0,283050,-15,-1297,False,52.593,53.906,51.75
249.99263525009155,0.1312556266784668,0,283059,-15,-1296,False,52.593,53.906,51.75
250.075749874115,0.0831146240234375,0,283069,-15,-1296,False,52.593,53.906,51.75
250.14985060691833,0.07410073280334473,0,283069,-15,-1296,False,52.593,53.906,51.75
250.22308206558228,0.07323145866394043,0,283078,-15,-1297,False,52.593,53.906,51.75
250.30661296844482,0.08353090286254883,0,283087,-15,-1297,False,52.593,53.906,51.75
250.3732008934021,0.06658792495727539,0,283096,-15,-1297,False,52.593,53.906,51.75
250.44468641281128,0.07148551940917969,0,283105,-15,-1297,False,52.593,53.906,51.75
250.57763600349426,0.1329495906829834,0,283114,-15,-1297,False,52.593,53.906,51.75
250.66952967643738,0.09189367294311523,0,283122,-15,-1297,False,52.593,53.906,51.75
250.7474684715271,0.07793879508972168,0,283131,-15,-1297,False,52.593,53.906,51.75
250.87544751167297,0.12797904014587402,0,283141,-15,-1297,False,52.593,53.906,51.75
250.95351696014404,0.07806944847106934,0,283149,-15,-1297,False,52.593,53.906,51.75
251.02124762535095,0.06773066520690918,0,283158,-15,-1297,False,52.281,53.75,51.593
251.1688756942749,0.1476280689239502,0,283167,-15,-1297,False,52.281,53.75,51.593
251.25212788581848,0.0832521915435791,0,283176,-15,-1297,False,52.281,53.75,51.593
251.32502007484436,0.0728921890258789,0,283185,-15,-1297,False,52.281,53.75,51.593
251.468435049057,0.14341497421264648,0,283194,-15,-1297,False,52.281,53.75,51.593
251.54408264160156,0.07564759254455566,0,283202,-15,-1297,False,52.281,53.75,51.593
251.60655736923218,0.062474727630615234,0,283202,-15,-1297,False,52.281,53.75,51.593
251.68578338623047,0.07922601699829102,0,283211,-15,-1297,False,52.281,53.75,51.593
251.77817940711975,0.09239602088928223,0,283219,-15,-1297,False,52.281,53.75,51.593
251.8468840122223,0.06870460510253906,0,283229,-15,-1297,False,52.281,53.75,51.593
251.90997624397278,0.06309223175048828,0,283229,-15,-1297,False,52.281,53.75,51.593
251.97421741485596,0.06424117088317871,0,283238,-15,-1297,False,52.281,53.75,51.593
252.07162499427795,0.09740757942199707,0,283246,-15,-1297,False,52.281,53.75,51.593
252.1366355419159,0.06501054763793945,0,283255,-15,-1297,False,52.281,53.75,51.593
252.19874262809753,0.062107086181640625,0,283263,-15,-1297,False,52.281,53.75,51.593
252.33628749847412,0.13754487037658691,0,283272,-15,-1297,False,52.281,53.75,51.593
252.41467714309692,0.07838964462280273,0,283272,-15,-1297,False,52.281,53.75,51.593
252.47960686683655,0.06492972373962402,0,283281,-15,-1298,False,52.281,53.75,51.593
252.54104113578796,0.061434268951416016,0,283289,-15,-1298,False,52.281,53.75,51.593
252.61932516098022,0.07828402519226074,0,283289,-15,-1298,False,52.281,53.75,51.593
252.68210458755493,0.06277942657470703,0,283298,-15,-1298,False,52.281,53.75,51.593
252.74286699295044,0.06076240539550781,0,283307,-15,-1298,False,52.281,53.75,51.593
252.8233826160431,0.08051562309265137,0,283315,-15,-1298,False,52.281,53.75,51.593
252.8926923274994,0.06930971145629883,0,283315,-15,-1298,False,52.281,53.75,51.593
252.95310163497925,0.0604093074798584,0,283325,-15,-1298,False,52.281,53.75,51.593
253.01430320739746,0.06120157241821289,0,283334,-15,-1298,False,52.281,53.75,51.593
253.09952902793884,0.08522582054138184,0,283334,-15,-1298,False,52.593,53.718,51.75
253.17144632339478,0.07191729545593262,0,283343,-15,-1298,False,52.593,53.718,51.75
253.23311042785645,0.06166410446166992,0,283352,-15,-1298,False,52.593,53.718,51.75
253.33587861061096,0.1027681827545166,0,283362,-15,-1298,False,52.593,53.718,51.75
253.41615414619446,0.0802755355834961,0,283371,-15,-1298,False,52.593,53.718,51.75
253.49054527282715,0.07439112663269043,0,283371,-15,-1298,False,52.593,53.718,51.75
253.5690679550171,0.0785226821899414,0,283380,-15,-1298,False,52.593,53.718,51.75
253.6617636680603,0.09269571304321289,0,283390,-15,-1298,False,52.593,53.718,51.75
253.7312936782837,0.06953001022338867,0,283400,-15,-1298,False,52.593,53.718,51.75
253.79671096801758,0.06541728973388672,0,283410,-15,-1298,False,52.593,53.718,51.75
253.91866970062256,0.12195873260498047,0,283419,-15,-1298,False,52.593,53.718,51.75
254.00681853294373,0.08814883232116699,0,283429,-15,-1298,False,52.593,53.718,51.75
254.0851993560791,0.07838082313537598,0,283429,-15,-1298,False,52.593,53.718,51.75
254.16122555732727,0.07602620124816895,0,283439,-15,-1299,False,52.593,53.718,51.75
254.2431879043579,0.08196234703063965,0,283448,-15,-1299,False,52.593,53.718,51.75
254.31273913383484,0.06955122947692871,0,283458,-15,-1299,False,52.593,53.718,51.75
254.38142108917236,0.06868195533752441,0,283468,-15,-1298,False,52.593,53.718,51.75
254.50012874603271,0.11870765686035156,0,283478,-15,-1298,False,52.593,53.718,51.75
254.5856761932373,0.08554744720458984,0,283478,-15,-1298,False,52.593,53.718,51.75
254.65920400619507,0.07352781295776367,0,283487,-15,-1299,False,52.593,53.718,51.75
254.73368048667908,0.07447648048400879,0,283497,-15,-1298,False,52.593,53.718,51.75
254.82757568359375,0.09389519691467285,0,283506,-15,-1298,False,52.593,53.718,51.75
254.89847207069397,0.07089638710021973,0,283506,-15,-1298,False,52.593,53.718,51.75
254.964998960495,0.06652688980102539,0,283515,-15,-1299,False,52.593,53.718,51.75
255.03627729415894,0.07127833366394043,0,283524,-15,-1298,False,52.593,53.718,51.75
255.12384247779846,0.08756518363952637,0,283534,-15,-1298,False,52.437,53.906,51.718
255.19698309898376,0.07314062118530273,0,283534,-15,-1298,False,52.437,53.906,51.718
255.26185083389282,0.06486773490905762,0,283543,-15,-1298,False,52.437,53.906,51.718
255.32567882537842,0.0638279914855957,0,283551,-15,-1298,False,52.437,53.906,51.718
255.41284203529358,0.08716320991516113,0,283561,-15,-1298,False,52.437,53.906,51.718
255.48917150497437,0.07632946968078613,0,283561,-15,-1298,False,52.437,53.906,51.718
255.5579273700714,0.0687558650970459,0,283570,-15,-1298,False,52.437,53.906,51.718
255.62568736076355,0.06775999069213867,0,283579,-15,-1298,False,52.437,53.906,51.718
255.7135579586029,0.08787059783935547,0,283588,-15,-1298,False,52.437,53.906,51.718
255.7755482196808,0.06199026107788086,0,283588,-15,-1298,False,52.437,53.906,51.718
255.84139823913574,0.06585001945495605,0,283597,-15,-1299,False,52.437,53.906,51.718
255.90140414237976,0.060005903244018555,0,283606,-15,-1299,False,52.437,53.906,51.718
255.9980206489563,0.09661650657653809,0,283614,-15,-1298,False,52.437,53.906,51.718
256.06758165359497,0.06956100463867188,0,283614,-15,-1298,False,52.437,53.906,51.718
256.1306884288788,0.06310677528381348,0,283623,-15,-1298,False,52.437,53.906,51.718
256.19085574150085,0.06016731262207031,0,283632,-15,-1298,False,52.437,53.906,51.718
256.3145318031311,0.12367606163024902,0,283640,-15,-1298,False,52.437,53.906,51.718
256.3935081958771,0.07897639274597168,0,283649,-15,-1298,False,52.437,53.906,51.718
256.46298003196716,0.06947183609008789,0,283649,-15,-1298,False,52.437,53.906,51.718
256.53192687034607,0.06894683837890625,0,283658,-15,-1299,False,52.437,53.906,51.718
256.6023132801056,0.07038640975952148,0,283666,-15,-1298,False,52.437,53.906,51.718
256.66285133361816,0.06053805351257324,0,283666,-15,-1298,False,52.437,53.906,51.718
256.72724294662476,0.0643916130065918,0,283675,-15,-1298,False,52.437,53.906,51.718
256.80682039260864,0.07957744598388672,0,283683,-15,-1298,False,52.437,53.906,51.718
256.9086275100708,0.1018071174621582,0,283692,-15,-1298,False,52.437,53.906,51.718
256.97880816459656,0.07018065452575684,0,283692,-15,-1298,False,52.437,53.906,51.718
257.0414958000183,0.06268763542175293,0,283700,-15,-1298,False,52.437,53.906,51.718
257.10669779777527,0.06520199775695801,0,283709,-15,-1298,False,52.437,53.906,51.718
257.19092774391174,0.08422994613647461,0,283717,-15,-1299,False,52.468,54.093,51.843
257.26319217681885,0.07226443290710449,0,283717,-15,-1299,False,52.468,54.093,51.843
257.32620072364807,0.06300854682922363,0,283726,-15,-1298,False,52.468,54.093,51.843
257.39742279052734,0.07122206687927246,0,283734,-15,-1299,False,52.468,54.093,51.843
257.4910659790039,0.0936431884765625,0,283743,-15,-1299,False,52.468,54.093,51.843
257.55608892440796,0.06502294540405273,0,283743,-15,-1299,False,52.468,54.093,51.843
257.6170756816864,0.06098675727844238,0,283751,-15,-1299,False,52.468,54.093,51.843
257.7028486728668,0.08577299118041992,0,283760,-15,-1299,False,52.468,54.093,51.843
257.78739166259766,0.08454298973083496,0,283769,-15,-1299,False,52.468,54.093,51.843
257.8511416912079,0.06375002861022949,0,283769,-15,-1299,False,52.468,54.093,51.843
257.91046690940857,0.059325218200683594,0,283777,-15,-1299,False,52.468,54.093,51.843
257.98887372016907,0.07840681076049805,0,283786,-15,-1299,False,52.468,54.093,51.843
258.0520603656769,0.0631866455078125,0,283786,-15,-1299,False,52.468,54.093,51.843
258.1127653121948,0.060704946517944336,0,283794,-15,-1299,False,52.468,54.093,51.843
258.17253971099854,0.05977439880371094,0,283804,-15,-1299,False,52.468,54.093,51.843
258.24722504615784,0.07468533515930176,0,283804,-15,-1299,False,52.468,54.093,51.843
258.31352186203003,0.06629681587219238,0,283812,-15,-1299,False,52.468,54.093,51.843
258.3730573654175,0.05953550338745117,0,283812,-15,-1299,False,52.468,54.093,51.843
258.4335205554962,0.06046319007873535,0,283822,-15,-1299,False,52.468,54.093,51.843
258.51341795921326,0.07989740371704102,0,283831,-15,-1299,False,52.468,54.093,51.843
258.5734317302704,0.060013771057128906,0,283831,-15,-1299,False,52.468,54.093,51.843
258.63297271728516,0.05954098701477051,0,283841,-15,-1300,False,52.468,54.093,51.843
258.69784927368164,0.06487655639648438,0,283851,-15,-1299,False,52.468,54.093,51.843
258.7773063182831,0.07945704460144043,0,283860,-15,-1300,False,52.468,54.093,51.843
258.8418653011322,0.0645589828491211,0,283860,-15,-1300,False,52.468,54.093,51.843
258.90256118774414,0.06069588661193848,0,283870,-15,-1300,False,52.468,54.093,51.843
258.9910886287689,0.08852744102478027,0,283879,-15,-1300,False,52.468,54.093,51.843
259.0600037574768,0.06891512870788574,0,283879,-15,-1300,False,52.468,54.093,51.843
259.12087225914,0.06086850166320801,0,283889,-15,-1300,False,52.468,54.093,51.843
259.1936447620392,0.07277250289916992,0,283899,-15,-1300,False,52.468,54.093,51.843
259.2772297859192,0.08358502388000488,0,283909,-15,-1300,False,52.593,53.812,51.687
259.3575644493103,0.08033466339111328,0,283909,-15,-1300,False,52.593,53.812,51.687
259.420597076416,0.06303262710571289,0,283919,-15,-1299,False,52.593,53.812,51.687
259.50234055519104,0.08174347877502441,0,283929,-15,-1299,False,52.593,53.812,51.687
259.5660126209259,0.06367206573486328,0,283929,-15,-1299,False,52.593,53.812,51.687
259.6263539791107,0.06034135818481445,0,283939,-15,-1298,False,52.593,53.812,51.687
259.7505488395691,0.12419486045837402,0,283960,-15,-1296,False,52.593,53.812,51.687
259.8340570926666,0.08350825309753418,0,283960,-15,-1296,False,52.593,53.812,51.687
259.90536856651306,0.07131147384643555,0,283971,-15,-1293,False,52.593,53.812,51.687
259.98128509521484,0.07591652870178223,0,283982,-15,-1292,False,52.593,53.812,51.687
260.08329725265503,0.10201215744018555,0,283991,-15,-1292,False,52.593,53.812,51.687
260.15464997291565,0.07135272026062012,0,283991,-15,-1292,False,52.593,53.812,51.687
260.2174656391144,0.06281566619873047,0,284001,-15,-1292,False,52.593,53.812,51.687
260.32387614250183,0.10641050338745117,0,284009,-15,-1292,False,52.593,53.812,51.687
260.40424633026123,0.08037018775939941,0,284019,-15,-1291,False,52.593,53.812,51.687
260.4749524593353,0.07070612907409668,0,284029,-15,-1291,False,52.593,53.812,51.687
260.5365960597992,0.06164360046386719,0,284038,-15,-1291,False,52.593,53.812,51.687
260.6305012702942,0.09390521049499512,0,284038,-15,-1291,False,52.593,53.812,51.687
260.69567608833313,0.06517481803894043,0,284048,-15,-1291,False,52.593,53.812,51.687
260.75700068473816,0.0613245964050293,0,284048,-15,-1291,False,52.593,53.812,51.687
260.8174650669098,0.06046438217163086,0,284066,-15,-1291,False,52.593,53.812,51.687
260.92663049697876,0.10916543006896973,0,284066,-15,-1291,False,52.593,53.812,51.687
260.99576020240784,0.06912970542907715,0,284075,-15,-1291,False,52.593,53.812,51.687
261.0611741542816,0.0654139518737793,0,284084,-15,-1290,False,52.593,53.812,51.687
261.1406605243683,0.07948637008666992,0,284093,-15,-1290,False,52.593,53.812,51.687
261.2173902988434,0.07672977447509766,0,284093,-15,-1290,False,52.593,53.812,51.687
261.2809875011444,0.06359720230102539,0,284101,-15,-1290,False,52.5,53.687,51.687
261.3598630428314,0.07887554168701172,0,284109,-15,-1290,False,52.5,53.687,51.687
261.4261863231659,0.06632328033447266,0,284109,-15,-1290,False,52.5,53.687,51.687
261.51293182373047,0.0867455005645752,0,284119,-15,-1290,False,52.5,53.687,51.687
261.5806245803833,0.06769275665283203,0,284128,-15,-1290,False,52.5,53.687,51.687
261.6413905620575,0.060765981674194336,0,284136,-15,-1290,False,52.5,53.687,51.687
261.7214732170105,0.08008265495300293,0,284145,-15,-1290,False,52.5,53.687,51.687
261.8183832168579,0.09690999984741211,0,284145,-15,-1290,False,52.5,53.687,51.687
261.8911225795746,0.0727393627166748,0,284153,-15,-1290,False,52.5,53.687,51.687
261.9554569721222,0.06433439254760742,0,284162,-15,-1290,False,52.5,53.687,51.687
262.0970904827118,0.1416335105895996,0,284171,-15,-1290,False,52.5,53.687,51.687
262.18367528915405,0.08658480644226074,0,284180,-15,-1290,False,52.5,53.687,51.687
262.25523924827576,0.0715639591217041,0,284189,-15,-1289,False,52.5,53.687,51.687
262.39948749542236,0.14424824714660645,0,284197,-15,-1290,False,52.5,53.687,51.687
262.4903709888458,0.09088349342346191,0,284206,-15,-1289,False,52.5,53.687,51.687
262.56669783592224,0.07632684707641602,0,284215,-15,-1289,False,52.5,53.687,51.687
262.6585998535156,0.09190201759338379,0,284224,-15,-1289,False,52.5,53.687,51.687
262.74040508270264,0.08180522918701172,0,284232,-15,-1289,False,52.5,53.687,51.687
262.8081068992615,0.06770181655883789,0,284232,-15,-1289,False,52.5,53.687,51.687
262.8695800304413,0.06147313117980957,0,284240,-15,-1289,False,52.5,53.687,51.687
262.95771074295044,0.08813071250915527,0,284249,-15,-1289,False,52.5,53.687,51.687
263.02901697158813,0.07130622863769531,0,284249,-15,-1289,False,52.5,53.687,51.687
263.09347438812256,0.06445741653442383,0,284257,-15,-1289,False,52.5,53.687,51.687
263.179616689682,0.08614230155944824,0,284265,-15,-1289,False,52.5,53.687,51.687
263.2480847835541,0.06846809387207031,0,284273,-15,-1289,False,52.5,53.687,51.687
263.3082559108734,0.06017112731933594,0,284273,-15,-1289,False,52.562,53.843,51.75
263.39039850234985,0.08214259147644043,0,284281,-15,-1289,False,52.562,53.843,51.75
263.47366762161255,0.08326911926269531,0,284289,-15,-1288,False,52.562,53.843,51.75
263.5405080318451,0.06684041023254395,0,284298,-15,-1288,False,52.562,53.843,51.75
263.60180401802063,0.06129598617553711,0,284305,-15,-1288,False,52.562,53.843,51.75
263.69982957839966,0.09802556037902832,0,284305,-15,-1288,False,52.562,53.843,51.75
263.77173924446106,0.07190966606140137,0,284314,-15,-1288,False,52.562,53.843,51.75
263.838032245636,0.06629300117492676,0,284323,-15,-1288,False,52.562,53.843,51.75
263.915646314621,0.07761406898498535,0,284330,-15,-1288,False,52.562,53.843,51.75
264.00265312194824,0.08700680732727051,0,284330,-15,-1288,False,52.562,53.843,51.75
264.06897497177124,0.06632184982299805,0,284339,-15,-1288,False,52.562,53.843,51.75
264.1318910121918,0.06291604042053223,0,284348,-15,-1287,False,52.562,53.843,51.75
264.24426078796387,0.11236977577209473,0,284357,-15,-1287,False,52.562,53.843,51.75
264.3278810977936,0.08362030982971191,0,284365,-15,-1287,False,52.562,53.843,51.75
264.3964931964874,0.06861209869384766,0,284365,-15,-1287,False,52.562,53.843,51.75
264.47079586982727,0.07430267333984375,0,284373,-15,-1287,False,52.562,53.843,51.75
264.5555303096771,0.08473443984985352,0,284383,-15,-1287,False,52.562,53.843,51.75
264.62143445014954,0.06590414047241211,0,284383,-15,-1287,False,52.562,53.843,51.75
264.68233489990234,0.06090044975280762,0,284401,-15,-1287,False,52.562,53.843,51.75
264.78866171836853,0.10632681846618652,0,284401,-15,-1287,False,52.562,53.843,51.75
264.85545015335083,0.0667884349822998,0,284410,-15,-1287,False,52.562,53.843,51.75
264.9169647693634,0.06151461601257324,0,284410,-15,-1287,False,52.562,53.843,51.75
264.97721457481384,0.06024980545043945,0,284420,-15,-1286,False,52.562,53.843,51.75
265.07802271842957,0.10080814361572266,0,284429,-15,-1286,False,52.562,53.843,51.75
265.144647359848,0.06662464141845703,0,284437,-15,-1286,False,52.562,53.843,51.75
265.2067856788635,0.06213831901550293,0,284437,-15,-1286,False,52.562,53.843,51.75
265.2666127681732,0.05982708930969238,0,284447,-15,-1286,False,52.562,53.843,51.75
265.3618891239166,0.0952763557434082,0,284456,-15,-1286,False,52.656,54.0,51.843
265.43320059776306,0.07131147384643555,0,284465,-15,-1286,False,52.656,54.0,51.843
265.4951250553131,0.06192445755004883,0,284465,-15,-1286,False,52.656,54.0,51.843
265.5546872615814,0.05956220626831055,0,284474,-15,-1286,False,52.656,54.0,51.843
265.66387391090393,0.10918664932250977,0,284483,-15,-1286,False,52.656,54.0,51.843
265.7301940917969,0.06632018089294434,0,284492,-15,-1286,False,52.656,54.0,51.843
265.7948167324066,0.06462264060974121,0,284492,-15,-1286,False,52.656,54.0,51.843
265.86891627311707,0.07409954071044922,0,284501,-15,-1286,False,52.656,54.0,51.843
265.96011877059937,0.0912024974822998,0,284510,-15,-1286,False,52.656,54.0,51.843
266.02339243888855,0.06327366828918457,0,284520,-15,-1286,False,52.656,54.0,51.843
266.08351945877075,0.06012701988220215,0,284520,-15,-1286,False,52.656,54.0,51.843
266.15570402145386,0.07218456268310547,0,284529,-15,-1285,False,52.656,54.0,51.843
266.2481038570404,0.09239983558654785,0,284537,-15,-1285,False,52.656,54.0,51.843
266.30933690071106,0.0612330436706543,0,284547,-15,-1285,False,52.656,54.0,51.843
266.370201587677,0.06086468696594238,0,284547,-15,-1285,False,52.656,54.0,51.843
266.4444513320923,0.0742497444152832,0,284555,-15,-1285,False,52.656,54.0,51.843
266.54259395599365,0.09814262390136719,0,284564,-15,-1285,False,52.656,54.0,51.843
266.6061840057373,0.06359004974365234,0,284564,-15,-1285,False,52.656,54.0,51.843
266.66611194610596,0.059927940368652344,0,284573,-15,-1285,False,52.656,54.0,51.843
266.7367241382599,0.07061219215393066,0,284581,-15,-1285,False,52.656,54.0,51.843
266.8374767303467,0.10075259208679199,0,284590,-15,-1285,False,52.656,54.0,51.843
266.9044842720032,0.06700754165649414,0,284599,-15,-1285,False,52.656,54.0,51.843
266.965341091156,0.06085681915283203,0,284599,-15,-1285,False,52.656,54.0,51.843
267.07767248153687,0.11233139038085938,0,284617,-15,-1285,False,52.656,54.0,51.843
267.1686863899231,0.09101390838623047,0,284617,-15,-1285,False,52.656,54.0,51.843
267.2391366958618,0.0704503059387207,0,284625,-15,-1285,False,52.656,54.0,51.843
267.32002449035645,0.0808877944946289,0,284634,-15,-1285,False,52.656,54.0,51.843
267.40211939811707,0.08209490776062012,0,284642,-15,-1285,False,52.625,53.906,51.843
267.4759466648102,0.07382726669311523,0,284642,-15,-1285,False,52.625,53.906,51.843
267.53760862350464,0.06166195869445801,0,284651,-15,-1285,False,52.625,53.906,51.843
267.64366340637207,0.10605478286743164,0,284660,-15,-1285,False,52.625,53.906,51.843
267.7269504070282,0.08328700065612793,0,284668,-15,-1285,False,52.625,53.906,51.843
267.7949438095093,0.0679934024810791,0,284668,-15,-1285,False,52.625,53.906,51.843
267.8567683696747,0.06182456016540527,0,284677,-15,-1285,False,52.625,53.906,51.843
267.95758867263794,0.10082030296325684,0,284686,-15,-1285,False,52.625,53.906,51.843
268.02105689048767,0.06346821784973145,0,284694,-15,-1285,False,52.625,53.906,51.843
268.08388113975525,0.06282424926757812,0,284694,-15,-1285,False,52.625,53.906,51.843
268.16449761390686,0.08061647415161133,0,284704,-15,-1285,False,52.625,53.906,51.843
268.25198221206665,0.08748459815979004,0,284712,-15,-1285,False,52.625,53.906,51.843
268.3160309791565,0.06404876708984375,0,284721,-15,-1285,False,52.625,53.906,51.843
268.3787353038788,0.06270432472229004,0,284729,-15,-1285,False,52.625,53.906,51.843
268.52014899253845,0.14141368865966797,0,284738,-15,-1285,False,52.625,53.906,51.843
268.6012587547302,0.08110976219177246,0,284747,-15,-1285,False,52.625,53.906,51.843
268.67801427841187,0.07675552368164062,0,284747,-15,-1285,False,52.625,53.906,51.843
268.7785151004791,0.10050082206726074,0,284764,-15,-1286,False,52.625,53.906,51.843
268.86460971832275,0.08609461784362793,0,284764,-15,-1286,False,52.625,53.906,51.843
268.93165397644043,0.06704425811767578,0,284773,-15,-1286,False,52.625,53.906,51.843
268.99321126937866,0.06155729293823242,0,284781,-15,-1286,False,52.625,53.906,51.843
269.070431470871,0.07722020149230957,0,284781,-15,-1286,False,52.625,53.906,51.843
269.1306927204132,0.06026124954223633,0,284791,-15,-1286,False,52.625,53.906,51.843
269.1910972595215,0.06040453910827637,0,284800,-15,-1286,False,52.625,53.906,51.843
269.2739956378937,0.08289837837219238,0,284809,-15,-1289,False,52.625,53.906,51.843
269.36101365089417,0.08701801300048828,0,284809,-15,-1289,False,52.625,53.906,51.843
269.42773365974426,0.06672000885009766,0,284818,-15,-1291,False,52.656,53.843,51.875
269.5135567188263,0.08582305908203125,0,284826,-15,-1292,False,52.656,53.843,51.875
269.6075921058655,0.09403538703918457,0,284836,-15,-1292,False,52.656,53.843,51.875
269.6783559322357,0.07076382637023926,0,284836,-15,-1292,False,52.656,53.843,51.875
269.743456363678,0.06510043144226074,0,284845,-15,-1292,False,52.656,53.843,51.875
269.81766057014465,0.0742042064666748,0,284855,-15,-1292,False,52.656,53.843,51.875
269.92077136039734,0.10311079025268555,0,284864,-15,-1292,False,52.656,53.843,51.875
269.9910786151886,0.07030725479125977,0,284874,-15,-1292,False,52.656,53.843,51.875
270.06285095214844,0.07177233695983887,0,284884,-15,-1291,False,52.656,53.843,51.875
270.19375252723694,0.13090157508850098,0,284893,-15,-1289,False,52.656,53.843,51.875
270.28108525276184,0.08733272552490234,0,284903,-15,-1287,False,52.656,53.843,51.875
270.3568694591522,0.07578420639038086,0,284912,-15,-1286,False,52.656,53.843,51.875
270.4875876903534,0.13071823120117188,0,284922,-15,-1285,False,52.656,53.843,51.875
270.5755286216736,0.08794093132019043,0,284932,-15,-1285,False,52.656,53.843,51.875
270.65275049209595,0.07722187042236328,0,284932,-15,-1285,False,52.656,53.843,51.875
270.72322392463684,0.07047343254089355,0,284942,-15,-1284,False,52.656,53.843,51.875
270.81628584861755,0.09306192398071289,0,284952,-15,-1284,False,52.656,53.843,51.875
270.8824853897095,0.06619954109191895,0,284962,-15,-1284,False,52.656,53.843,51.875
270.9494044780731,0.06691908836364746,0,284972,-15,-1283,False,52.656,53.843,51.875
271.07661962509155,0.12721514701843262,0,284982,-15,-1283,False,52.656,53.843,51.875
271.163724899292,0.08710527420043945,0,284993,-15,-1283,False,52.656,53.843,51.875
271.2383379936218,0.07461309432983398,0,284993,-15,-1283,False,52.656,53.843,51.875
271.3042402267456,0.0659022331237793,0,285004,-15,-1284,False,52.656,53.843,51.875
271.4007043838501,0.09646415710449219,0,285015,-15,-1283,False,52.656,53.843,51.875
271.4761826992035,0.07547831535339355,0,285025,-15,-1283,False,52.5,54.031,51.875
271.55462646484375,0.07844376564025879,0,285025,-15,-1283,False,52.5,54.031,51.875
271.6223485469818,0.06772208213806152,0,285036,-15,-1283,False,52.5,54.031,51.875
271.72768115997314,0.10533261299133301,0,285047,-15,-1283,False,52.5,54.031,51.875
271.79869508743286,0.0710139274597168,0,285057,-15,-1283,False,52.5,54.031,51.875
271.861380815506,0.06268572807312012,0,285068,-15,-1283,False,52.5,54.031,51.875
271.9706106185913,0.10922980308532715,0,285079,-15,-1284,False,52.5,54.031,51.875
272.05209708213806,0.08148646354675293,0,285079,-15,-1284,False,52.5,54.031,51.875
272.11812710762024,0.06603002548217773,0,285090,-15,-1284,False,52.5,54.031,51.875
272.17948055267334,0.061353445053100586,0,285101,-15,-1284,False,52.5,54.031,51.875
272.2826647758484,0.10318422317504883,0,285112,-15,-1284,False,52.5,54.031,51.875
272.35116243362427,0.0684976577758789,0,285112,-15,-1284,False,52.5,54.031,51.875
272.4128243923187,0.06166195869445801,0,285124,-15,-1284,False,52.5,54.031,51.875
272.4726650714874,0.05984067916870117,0,285135,-15,-1284,False,52.5,54.031,51.875
272.5646753311157,0.0920102596282959,0,285147,-15,-1284,False,52.5,54.031,51.875
272.6327636241913,0.06808829307556152,0,285147,-15,-1284,False,52.5,54.031,51.875
272.6937870979309,0.06102347373962402,0,285159,-15,-1284,False,52.5,54.031,51.875
272.75737047195435,0.0635833740234375,0,285171,-15,-1284,False,52.5,54.031,51.875
272.86237025260925,0.10499978065490723,0,285183,-15,-1284,False,52.5,54.031,51.875
272.936425447464,0.07405519485473633,0,285183,-15,-1284,False,52.5,54.031,51.875
273.00174474716187,0.06531929969787598,0,285196,-15,-1285,False,52.5,54.031,51.875
273.0664839744568,0.06473922729492188,0,285208,-15,-1285,False,52.5,54.031,51.875
273.1659858226776,0.0995018482208252,0,285221,-15,-1285,False,52.5,54.031,51.875
273.23442125320435,0.0684354305267334,0,285221,-15,-1285,False,52.5,54.031,51.875
273.29664945602417,0.06222820281982422,0,285246,-15,-1285,False,52.5,54.031,51.875
273.441654920578,0.145005464553833,0,285258,-15,-1285,False,52.5,54.031,51.875
273.5146632194519,0.07300829887390137,0,285258,-15,-1285,False,52.781,53.781,51.843
273.58949756622314,0.07483434677124023,0,285283,-15,-1285,False,52.781,53.781,51.843
273.7429099082947,0.1534123420715332,0,285295,-15,-1285,False,52.781,53.781,51.843
273.82358169555664,0.08067178726196289,0,285295,-15,-1285,False,52.781,53.781,51.843
273.8889353275299,0.0653536319732666,0,285307,-15,-1285,False,52.781,53.781,51.843
273.96067452430725,0.07173919677734375,0,285320,-15,-1285,False,52.781,53.781,51.843
274.0302047729492,0.06953024864196777,0,285320,-15,-1285,False,52.781,53.781,51.843
274.0934190750122,0.06321430206298828,0,285332,-15,-1285,False,52.781,53.781,51.843
274.1526472568512,0.05922818183898926,0,285345,-15,-1285,False,52.781,53.781,51.843
274.24254846572876,0.08990120887756348,0,285357,-15,-1285,False,52.781,53.781,51.843
274.3176064491272,0.0750579833984375,0,285357,-15,-1285,False,52.781,53.781,51.843
274.38067984580994,0.06307339668273926,0,285369,-15,-1285,False,52.781,53.781,51.843
274.44013929367065,0.05945944786071777,0,285382,-15,-1285,False,52.781,53.781,51.843
274.53038263320923,0.09024333953857422,0,285393,-15,-1285,False,52.781,53.781,51.843
274.6065149307251,0.07613229751586914,0,285393,-15,-1285,False,52.781,53.781,51.843
274.67052483558655,0.0640099048614502,0,285406,-15,-1285,False,52.781,53.781,51.843
274.7301244735718,0.05959963798522949,0,285406,-15,-1285,False,52.781,53.781,51.843
274.8199818134308,0.08985733985900879,0,285418,-15,-1285,False,52.781,53.781,51.843
274.89869141578674,0.07870960235595703,0,285430,-15,-1285,False,52.781,53.781,51.843
274.96685886383057,0.06816744804382324,0,285442,-15,-1285,False,52.781,53.781,51.843
275.0338542461395,0.06699538230895996,0,285454,-15,-1285,False,52.781,53.781,51.843
275.1090877056122,0.07523345947265625,0,285454,-15,-1285,False,52.781,53.781,51.843
275.1700019836426,0.06091427803039551,0,285467,-15,-1285,False,52.781,53.781,51.843
275.2297828197479,0.05978083610534668,0,285467,-15,-1285,False,52.781,53.781,51.843
275.28916788101196,0.059385061264038086,0,285479,-15,-1285,False,52.781,53.781,51.843
275.38104128837585,0.0918734073638916,0,285491,-15,-1285,False,52.781,53.781,51.843
275.44630002975464,0.06525874137878418,0,285504,-15,-1285,False,52.781,53.781,51.843
275.508398771286,0.06209874153137207,0,285516,-15,-1285,False,52.781,53.781,51.843
275.60514092445374,0.09674215316772461,0,285516,-15,-1285,False,52.812,53.812,51.906
275.6862506866455,0.08110976219177246,0,285528,-15,-1285,False,52.812,53.812,51.906
275.7559938430786,0.06974315643310547,0,285541,-15,-1284,False,52.812,53.812,51.906
275.81773471832275,0.061740875244140625,0,285553,-15,-1284,False,52.812,53.812,51.906
275.93094873428345,0.11321401596069336,0,285566,-15,-1284,False,52.812,53.812,51.906
276.004638671875,0.07368993759155273,0,285566,-15,-1284,False,52.812,53.812,51.906
276.074177980423,0.06953930854797363,0,285579,-15,-1284,False,52.812,53.812,51.906
276.1530268192291,0.07884883880615234,0,285591,-15,-1284,False,52.812,53.812,51.906
276.23732590675354,0.08429908752441406,0,285604,-15,-1284,False,52.812,53.812,51.906
276.30658864974976,0.06926274299621582,0,285604,-15,-1284,False,52.812,53.812,51.906
276.37293100357056,0.06634235382080078,0,285616,-15,-1284,False,52.812,53.812,51.906
276.44119358062744,0.06826257705688477,0,285628,-15,-1284,False,52.812,53.812,51.906
276.5238780975342,0.08268451690673828,0,285640,-15,-1284,False,52.812,53.812,51.906
276.5870885848999,0.06321048736572266,0,285640,-15,-1284,False,52.812,53.812,51.906
276.654265165329,0.06717658042907715,0,285652,-15,-1284,False,52.812,53.812,51.906
276.7358458042145,0.08158063888549805,0,285664,-15,-1284,False,52.812,53.812,51.906
276.82209372520447,0.08624792098999023,0,285676,-15,-1284,False,52.812,53.812,51.906
276.88705706596375,0.06496334075927734,0,285676,-15,-1284,False,52.812,53.812,51.906
276.94846272468567,0.06140565872192383,0,285688,-15,-1284,False,52.812,53.812,51.906
277.01600337028503,0.06754064559936523,0,285701,-15,-1284,False,52.812,53.812,51.906
277.0914764404297,0.07547307014465332,0,285701,-15,-1284,False,52.812,53.812,51.906
277.1572699546814,0.06579351425170898,0,285712,-15,-1284,False,52.812,53.812,51.906
277.21721506118774,0.059945106506347656,0,285725,-15,-1284,False,52.812,53.812,51.906
277.3156328201294,0.09841775894165039,0,285736,-15,-1284,False,52.812,53.812,51.906
277.40199995040894,0.08636713027954102,0,285736,-15,-1284,False,52.812,53.812,51.906
277.46974444389343,0.06774449348449707,0,285748,-15,-1284,False,52.812,53.812,51.906
277.53306889533997,0.0633244514465332,0,285760,-15,-1284,False,52.812,53.812,51.906
277.61238265037537,0.07931375503540039,0,285772,-15,-1284,False,52.843,54.187,51.937
277.6855478286743,0.0731651782989502,0,285772,-15,-1284,False,52.843,54.187,51.937
277.7512638568878,0.06571602821350098,0,285784,-15,-1284,False,52.843,54.187,51.937
277.8119909763336,0.06072711944580078,0,285795,-15,-1284,False,52.843,54.187,51.937
277.91130661964417,0.09931564331054688,0,285806,-15,-1284,False,52.843,54.187,51.937
277.9782350063324,0.06692838668823242,0,285806,-15,-1284,False,52.843,54.187,51.937
278.0425443649292,0.06430935859680176,0,285818,-15,-1284,False,52.843,54.187,51.937
278.10319924354553,0.06065487861633301,0,285829,-15,-1284,False,52.843,54.187,51.937
278.19991087913513,0.09671163558959961,0,285829,-15,-1284,False,52.843,54.187,51.937
278.2662446498871,0.06633377075195312,0,285840,-15,-1284,False,52.843,54.187,51.937
278.3272750377655,0.06103038787841797,0,285851,-15,-1284,False,52.843,54.187,51.937
278.3881378173828,0.06086277961730957,0,285862,-15,-1284,False,52.843,54.187,51.937
278.4839220046997,0.09578418731689453,0,285862,-15,-1284,False,52.843,54.187,51.937
278.55343890190125,0.06951689720153809,0,285873,-15,-1284,False,52.843,54.187,51.937
278.6185965538025,0.06515765190124512,0,285884,-15,-1284,False,52.843,54.187,51.937
278.6814889907837,0.06289243698120117,0,285895,-15,-1284,False,52.843,54.187,51.937
278.7729403972626,0.09145140647888184,0,285895,-15,-1284,False,52.843,54.187,51.937
278.8373394012451,0.06439900398254395,0,285906,-15,-1284,False,52.843,54.187,51.937
278.897887468338,0.06054806709289551,0,285906,-15,-1284,False,52.843,54.187,51.937
278.9584538936615,0.06056642532348633,0,285928,-15,-1284,False,52.843,54.187,51.937
279.0915048122406,0.13305091857910156,0,285938,-15,-1284,False,52.843,54.187,51.937
279.1759696006775,0.08446478843688965,0,285938,-15,-1284,False,52.843,54.187,51.937
279.2444760799408,0.06850647926330566,0,285949,-15,-1284,False,52.843,54.187,51.937
279.3429009914398,0.09842491149902344,0,285961,-15,-1284,False,52.843,54.187,51.937
279.4340109825134,0.0911099910736084,0,285971,-15,-1284,False,52.843,54.187,51.937
279.5052092075348,0.0711982250213623,0,285982,-15,-1284,False,52.843,54.187,51.937
279.5788128376007,0.07360363006591797,0,285993,-15,-1284,False,52.843,54.187,51.937
279.6689782142639,0.09016537666320801,0,285993,-15,-1284,False,52.593,53.906,51.875
279.7431788444519,0.07420063018798828,0,286004,-15,-1284,False,52.593,53.906,51.875
279.805522441864,0.062343597412109375,0,286016,-15,-1284,False,52.593,53.906,51.875
279.87742853164673,0.07190608978271484,0,286026,-15,-1284,False,52.593,53.906,51.875
279.9708368778229,0.09340834617614746,0,286026,-15,-1284,False,52.593,53.906,51.875
280.0377793312073,0.06694245338439941,0,286038,-15,-1284,False,52.593,53.906,51.875
280.10018610954285,0.06240677833557129,0,286049,-15,-1284,False,52.593,53.906,51.875
280.17332911491394,0.07314300537109375,0,286060,-15,-1284,False,52.593,53.906,51.875
280.26622438430786,0.0928952693939209,0,286060,-15,-1284,False,52.593,53.906,51.875
280.33115887641907,0.06493449211120605,0,286072,-15,-1284,False,52.593,53.906,51.875
280.39619994163513,0.06504106521606445,0,286083,-15,-1284,False,52.593,53.906,51.875
280.46928453445435,0.07308459281921387,0,286094,-15,-1284,False,52.593,53.906,51.875
280.55817317962646,0.08888864517211914,0,286094,-15,-1284,False,52.593,53.906,51.875
280.62367582321167,0.06550264358520508,0,286106,-15,-1284,False,52.593,53.906,51.875
280.691837310791,0.0681614875793457,0,286117,-15,-1284,False,52.593,53.906,51.875
280.7541356086731,0.06229829788208008,0,286117,-15,-1284,False,52.593,53.906,51.875
280.83455753326416,0.08042192459106445,0,286129,-15,-1284,False,52.593,53.906,51.875
280.899795293808,0.06523776054382324,0,286140,-15,-1284,False,52.593,53.906,51.875
280.9629738330841,0.06317853927612305,0,286140,-15,-1284,False,52.593,53.906,51.875
281.0306556224823,0.06768178939819336,0,286152,-15,-1284,False,52.593,53.906,51.875
281.0925109386444,0.061855316162109375,0,286163,-15,-1284,False,52.593,53.906,51.875
281.1610221862793,0.0685112476348877,0,286163,-15,-1284,False,52.593,53.906,51.875
281.2353780269623,0.0743558406829834,0,286173,-15,-1284,False,52.593,53.906,51.875
281.3152058124542,0.07982778549194336,0,286185,-15,-1284,False,52.593,53.906,51.875
281.3819010257721,0.0666952133178711,0,286196,-15,-1284,False,52.593,53.906,51.875
281.4448313713074,0.06293034553527832,0,286196,-15,-1284,False,52.593,53.906,51.875
281.5315012931824,0.086669921875,0,286206,-15,-1284,False,52.593,53.906,51.875
281.5994613170624,0.06796002388000488,0,286217,-15,-1284,False,52.593,53.906,51.875
281.658593416214,0.05913209915161133,0,286217,-15,-1284,False,52.593,53.906,51.875
281.7178828716278,0.05928945541381836,0,286228,-15,-1284,False,52.781,54.0,51.937
281.79982924461365,0.08194637298583984,0,286240,-15,-1284,False,52.781,54.0,51.937
281.86059308052063,0.06076383590698242,0,286240,-15,-1284,False,52.781,54.0,51.937
281.9201490879059,0.059556007385253906,0,286251,-15,-1284,False,52.781,54.0,51.937
281.9936566352844,0.07350754737854004,0,286262,-15,-1284,False,52.781,54.0,51.937
282.068163394928,0.07450675964355469,0,286273,-15,-1284,False,52.781,54.0,51.937
282.13167905807495,0.06351566314697266,0,286273,-15,-1284,False,52.781,54.0,51.937
282.1910116672516,0.05933260917663574,0,286284,-15,-1284,False,52.781,54.0,51.937
282.25651812553406,0.0655064582824707,0,286284,-15,-1284,False,52.781,54.0,51.937
282.31947660446167,0.0629584789276123,0,286295,-15,-1284,False,52.781,54.0,51.937
282.39092230796814,0.07144570350646973,0,286306,-15,-1284,False,52.781,54.0,51.937
282.46335434913635,0.07243204116821289,0,286317,-15,-1284,False,52.781,54.0,51.937
282.55805921554565,0.09470486640930176,0,286317,-15,-1284,False,52.781,54.0,51.937
282.6237714290619,0.06571221351623535,0,286328,-15,-1284,False,52.781,54.0,51.937
282.6847388744354,0.060967445373535156,0,286338,-15,-1284,False,52.781,54.0,51.937
282.821177482605,0.13643860816955566,0,286348,-15,-1284,False,52.781,54.0,51.937
282.9062874317169,0.08510994911193848,0,286358,-15,-1284,False,52.781,54.0,51.937
282.9807274341583,0.07444000244140625,0,286368,-15,-1284,False,52.781,54.0,51.937
283.1005256175995,0.11979818344116211,0,286378,-15,-1284,False,52.781,54.0,51.937
283.18430399894714,0.08377838134765625,0,286387,-15,-1284,False,52.781,54.0,51.937
283.25458788871765,0.07028388977050781,0,286397,-15,-1284,False,52.781,54.0,51.937
283.3347358703613,0.08014798164367676,0,286406,-15,-1284,False,52.781,54.0,51.937
283.4195246696472,0.08478879928588867,0,286406,-15,-1284,False,52.781,54.0,51.937
283.4888153076172,0.0692906379699707,0,286416,-15,-1284,False,52.781,54.0,51.937
283.5505893230438,0.06177401542663574,0,286425,-15,-1284,False,52.781,54.0,51.937
283.6259424686432,0.07535314559936523,0,286425,-15,-1284,False,52.781,54.0,51.937
283.7057807445526,0.07983827590942383,0,286435,-15,-1284,False,52.781,54.0,51.937
283.77003049850464,0.06424975395202637,0,286444,-15,-1284,False,52.75,54.0,51.937
283.8449275493622,0.07489705085754395,0,286444,-15,-1284,False,52.75,54.0,51.937
283.9147276878357,0.06980013847351074,0,286453,-15,-1284,False,52.75,54.0,51.937
284.0091075897217,0.09437990188598633,0,286463,-15,-1284,False,52.75,54.0,51.937
284.07458901405334,0.06548142433166504,0,286472,-15,-1284,False,52.75,54.0,51.937
284.13906168937683,0.06447267532348633,0,286482,-15,-1284,False,52.75,54.0,51.937
284.21378660202026,0.07472491264343262,0,286482,-15,-1284,False,52.75,54.0,51.937
284.3054430484772,0.09165644645690918,0,286491,-15,-1284,False,52.75,54.0,51.937
284.3703498840332,0.06490683555603027,0,286501,-15,-1284,False,52.75,54.0,51.937
284.43585181236267,0.06550192832946777,0,286510,-15,-1284,False,52.75,54.0,51.937
284.51384472846985,0.07799291610717773,0,286510,-15,-1284,False,52.75,54.0,51.937
284.60397720336914,0.09013247489929199,0,286519,-15,-1284,False,52.75,54.0,51.937
284.67196893692017,0.06799173355102539,0,286528,-15,-1284,False,52.75,54.0,51.937
284.73441100120544,0.06244206428527832,0,286537,-15,-1284,False,52.75,54.0,51.937
284.80938816070557,0.07497715950012207,0,286537,-15,-1284,False,52.75,54.0,51.937
284.8971209526062,0.08773279190063477,0,286547,-15,-1284,False,52.75,54.0,51.937
284.96071338653564,0.06359243392944336,0,286556,-15,-1284,False,52.75,54.0,51.937
285.0272843837738,0.06657099723815918,0,286565,-15,-1284,False,52.75,54.0,51.937
285.10380506515503,0.07652068138122559,0,286565,-15,-1284,False,52.75,54.0,51.937
285.1856234073639,0.0818183422088623,0,286575,-15,-1284,False,52.75,54.0,51.937
285.25057578086853,0.06495237350463867,0,286585,-15,-1284,False,52.75,54.0,51.937
285.31184244155884,0.06126666069030762,0,286585,-15,-1284,False,52.75,54.0,51.937
285.3718283176422,0.05998587608337402,0,286595,-15,-1284,False,52.75,54.0,51.937
285.4777829647064,0.10595464706420898,0,286604,-15,-1284,False,52.75,54.0,51.937
285.54746532440186,0.06968235969543457,0,286614,-15,-1284,False,52.75,54.0,51.937
285.6127324104309,0.06526708602905273,0,286614,-15,-1284,False,52.75,54.0,51.937
285.67618346214294,0.06345105171203613,0,286623,-15,-1283,False,52.75,54.0,51.937
285.76055550575256,0.08437204360961914,0,286633,-15,-1284,False,52.75,54.0,51.937
285.8348340988159,0.07427859306335449,0,286643,-15,-1284,False,52.781,54.281,52.0
285.9142792224884,0.07944512367248535,0,286643,-15,-1284,False,52.781,54.281,52.0
285.98267674446106,0.06839752197265625,0,286652,-15,-1283,False,52.781,54.281,52.0
286.09157371520996,0.10889697074890137,0,286663,-15,-1283,False,52.781,54.281,52.0
286.1607050895691,0.06913137435913086,0,286672,-15,-1283,False,52.781,54.281,52.0
286.22630071640015,0.06559562683105469,0,286682,-15,-1283,False,52.781,54.281,52.0
286.2971212863922,0.07082056999206543,0,286682,-15,-1283,False,52.781,54.281,52.0
286.38391518592834,0.08679389953613281,0,286691,-15,-1283,False,52.781,54.281,52.0
286.45176434516907,0.06784915924072266,0,286701,-15,-1283,False,52.781,54.281,52.0
286.5171926021576,0.06542825698852539,0,286711,-15,-1283,False,52.781,54.281,52.0
286.6335246562958,0.1163320541381836,0,286721,-15,-1283,False,52.781,54.281,52.0
286.72720289230347,0.09367823600769043,0,286731,-15,-1283,False,52.781,54.281,52.0
286.8045856952667,0.07738280296325684,0,286740,-15,-1283,False,52.781,54.281,52.0
286.95582699775696,0.15124130249023438,0,286750,-15,-1283,False,52.781,54.281,52.0
287.0501687526703,0.09434175491333008,0,286760,-15,-1283,False,52.781,54.281,52.0
287.12872338294983,0.07855463027954102,0,286770,-15,-1283,False,52.781,54.281,52.0
287.2445778846741,0.11585450172424316,0,286784,-15,-1283,False,52.781,54.281,52.0
287.3297071456909,0.0851292610168457,0,286794,-15,-1282,False,52.781,54.281,52.0
287.40364241600037,0.07393527030944824,0,286803,-15,-1282,False,52.781,54.281,52.0
287.4897391796112,0.08609676361083984,0,286812,-15,-1282,False,52.781,54.281,52.0
287.59170413017273,0.10196495056152344,0,286812,-15,-1282,False,52.781,54.281,52.0
287.66777873039246,0.07607460021972656,0,286821,-15,-1282,False,52.781,54.281,52.0
287.7341823577881,0.06640362739562988,0,286830,-15,-1282,False,52.781,54.281,52.0
287.84017729759216,0.10599493980407715,0,286839,-15,-1282,False,52.781,54.281,52.0
287.9132339954376,0.07305669784545898,0,286847,-15,-1282,False,52.562,53.906,51.937
287.99180912971497,0.07857513427734375,0,286847,-15,-1282,False,52.562,53.906,51.937
288.0769386291504,0.0851294994354248,0,286857,-15,-1282,False,52.562,53.906,51.937
288.1534209251404,0.07648229598999023,0,286865,-15,-1282,False,52.562,53.906,51.937
288.2213361263275,0.06791520118713379,0,286874,-15,-1282,False,52.562,53.906,51.937
288.2866208553314,0.06528472900390625,0,286874,-15,-1282,False,52.562,53.906,51.937
288.3555335998535,0.06891274452209473,0,286883,-15,-1282,False,52.562,53.906,51.937
288.4562065601349,0.10067296028137207,0,286891,-15,-1282,False,52.562,53.906,51.937
288.5238747596741,0.06766819953918457,0,286900,-15,-1282,False,52.562,53.906,51.937
288.5895154476166,0.06564068794250488,0,286900,-15,-1282,False,52.562,53.906,51.937
288.66424226760864,0.07472681999206543,0,286909,-15,-1282,False,52.562,53.906,51.937
288.74007391929626,0.07583165168762207,0,286917,-15,-1282,False,52.562,53.906,51.937
288.80293440818787,0.06286048889160156,0,286917,-15,-1282,False,52.562,53.906,51.937
288.86405086517334,0.06111645698547363,0,286926,-15,-1282,False,52.562,53.906,51.937
288.93885374069214,0.07480287551879883,0,286934,-15,-1282,False,52.562,53.906,51.937
289.05109167099,0.11223793029785156,0,286942,-15,-1282,False,52.562,53.906,51.937
289.1214106082916,0.07031893730163574,0,286951,-15,-1282,False,52.562,53.906,51.937
289.1884846687317,0.06707406044006348,0,286959,-15,-1282,False,52.562,53.906,51.937
289.2930085659027,0.10452389717102051,0,286967,-15,-1282,False,52.562,53.906,51.937
289.37305665016174,0.0800480842590332,0,286967,-15,-1282,False,52.562,53.906,51.937
289.4322636127472,0.05920696258544922,0,286975,-15,-1282,False,52.562,53.906,51.937
289.4963445663452,0.06408095359802246,0,286984,-15,-1282,False,52.562,53.906,51.937
289.5839021205902,0.08755755424499512,0,286984,-15,-1282,False,52.562,53.906,51.937
289.6503875255585,0.06648540496826172,0,286992,-15,-1282,False,52.562,53.906,51.937
289.71023893356323,0.05985140800476074,0,286999,-15,-1282,False,52.562,53.906,51.937
289.79012393951416,0.07988500595092773,0,286999,-15,-1282,False,52.562,53.906,51.937
289.8545000553131,0.0643761157989502,0,287008,-15,-1282,False,52.562,53.906,51.937
289.91353011131287,0.05903005599975586,0,287015,-15,-1282,False,52.781,54.062,51.937
289.98378467559814,0.07025456428527832,0,287015,-15,-1282,False,52.781,54.062,51.937
290.05132150650024,0.06753683090209961,0,287023,-15,-1282,False,52.781,54.062,51.937
290.11061930656433,0.059297800064086914,0,287032,-15,-1282,False,52.781,54.062,51.937
290.1790885925293,0.06846928596496582,0,287032,-15,-1282,False,52.781,54.062,51.937
290.2498528957367,0.07076430320739746,0,287039,-15,-1288,False,52.781,54.062,51.937
290.3420379161835,0.09218502044677734,0,287048,-15,-1289,False,52.781,54.062,51.937
290.4070882797241,0.06505036354064941,0,287056,-15,-1289,False,52.781,54.062,51.937
290.46824836730957,0.06116008758544922,0,287065,-15,-1289,False,52.781,54.062,51.937
290.5916564464569,0.12340807914733887,0,287074,-15,-1289,False,52.781,54.062,51.937
290.6839053630829,0.09224891662597656,0,287082,-15,-1289,False,52.781,54.062,51.937
290.7613060474396,0.07740068435668945,0,287082,-15,-1289,False,52.781,54.062,51.937
290.8310854434967,0.0697793960571289,0,287091,-15,-1289,False,52.781,54.062,51.937
290.9161219596863,0.0850365161895752,0,287100,-15,-1289,False,52.781,54.062,51.937
290.9809670448303,0.06484508514404297,0,287109,-15,-1289,False,52.781,54.062,51.937
291.05114698410034,0.07017993927001953,0,287109,-15,-1289,False,52.781,54.062,51.937
291.1228578090668,0.07171082496643066,0,287119,-15,-1289,False,52.781,54.062,51.937
291.2083716392517,0.08551383018493652,0,287127,-15,-1289,False,52.781,54.062,51.937
291.27235317230225,0.06398153305053711,0,287127,-15,-1289,False,52.781,54.062,51.937
291.33256125450134,0.06020808219909668,0,287137,-15,-1289,False,52.781,54.062,51.937
291.3923919200897,0.059830665588378906,0,287147,-15,-1289,False,52.781,54.062,51.937
291.5153658390045,0.12297391891479492,0,287156,-15,-1289,False,52.781,54.062,51.937
291.5917398929596,0.07637405395507812,0,287166,-15,-1289,False,52.781,54.062,51.937
291.66046118736267,0.06872129440307617,0,287166,-15,-1289,False,52.781,54.062,51.937
291.73375272750854,0.07329154014587402,0,287175,-15,-1289,False,52.781,54.062,51.937
291.8152492046356,0.0814964771270752,0,287185,-15,-1289,False,52.781,54.062,51.937
291.88090991973877,0.06566071510314941,0,287195,-15,-1289,False,52.781,54.062,51.937
291.9444830417633,0.06357312202453613,0,287203,-15,-1289,False,52.593,54.093,51.937
292.0601558685303,0.11567282676696777,0,287213,-15,-1288,False,52.593,54.093,51.937
292.1479263305664,0.08777046203613281,0,287213,-15,-1288,False,52.593,54.093,51.937
292.2177860736847,0.06985974311828613,0,287222,-15,-1287,False,52.593,54.093,51.937
292.30084586143494,0.08305978775024414,0,287231,-15,-1285,False,52.593,54.093,51.937
292.3874855041504,0.0866396427154541,0,287240,-15,-1284,False,52.593,54.093,51.937
292.4571578502655,0.0696723461151123,0,287240,-15,-1284,False,52.593,54.093,51.937
292.52473521232605,0.06757736206054688,0,287250,-15,-1282,False,52.593,54.093,51.937
292.58944177627563,0.06470656394958496,0,287258,-15,-1280,False,52.593,54.093,51.937
292.68929648399353,0.09985470771789551,0,287267,-15,-1280,False,52.593,54.093,51.937
292.75853157043457,0.06923508644104004,0,287267,-15,-1280,False,52.593,54.093,51.937
292.8235516548157,0.06502008438110352,0,287275,-15,-1279,False,52.593,54.093,51.937
292.8915321826935,0.06798052787780762,0,287285,-15,-1280,False,52.593,54.093,51.937
292.9818024635315,0.0902702808380127,0,287293,-15,-1280,False,52.593,54.093,51.937
293.0468420982361,0.06503963470458984,0,287293,-15,-1280,False,52.593,54.093,51.937
293.1071033477783,0.06026124954223633,0,287302,-15,-1280,False,52.593,54.093,51.937
293.16763710975647,0.060533761978149414,0,287311,-15,-1280,False,52.593,54.093,51.937
293.2594277858734,0.09179067611694336,0,287319,-15,-1279,False,52.593,54.093,51.937
293.333557844162,0.07413005828857422,0,287319,-15,-1279,False,52.593,54.093,51.937
293.3965265750885,0.06296873092651367,0,287328,-15,-1280,False,52.593,54.093,51.937
293.4620611667633,0.06553459167480469,0,287336,-15,-1280,False,52.593,54.093,51.937
293.59470534324646,0.1326441764831543,0,287345,-15,-1280,False,52.593,54.093,51.937
293.6705241203308,0.07581877708435059,0,287354,-15,-1280,False,52.593,54.093,51.937
293.7361960411072,0.06567192077636719,0,287361,-15,-1280,False,52.593,54.093,51.937
293.8528914451599,0.11669540405273438,0,287370,-15,-1280,False,52.593,54.093,51.937
293.9381148815155,0.08522343635559082,0,287370,-15,-1280,False,52.593,54.093,51.937
294.01195549964905,0.07384061813354492,0,287386,-15,-1280,False,52.75,54.125,51.937
294.1336510181427,0.12169551849365234,0,287394,-15,-1280,False,52.75,54.125,51.937
294.22536611557007,0.09171509742736816,0,287394,-15,-1280,False,52.75,54.125,51.937
294.3041932582855,0.0788271427154541,0,287402,-15,-1280,False,52.75,54.125,51.937
294.3751015663147,0.0709083080291748,0,287408,-15,-1280,False,52.75,54.125,51.937
294.46305108070374,0.08794951438903809,0,287415,-15,-1280,False,52.75,54.125,51.937
294.5384712219238,0.07542014122009277,0,287415,-15,-1280,False,52.75,54.125,51.937
294.60481309890747,0.06634187698364258,0,287424,-15,-1280,False,52.75,54.125,51.937
294.67082118988037,0.06600809097290039,0,287433,-15,-1280,False,52.75,54.125,51.937
294.74408316612244,0.07326197624206543,0,287433,-15,-1280,False,52.75,54.125,51.937
294.80551314353943,0.06142997741699219,0,287441,-15,-1281,False,52.75,54.125,51.937
294.8659975528717,0.06048440933227539,0,287450,-15,-1281,False,52.75,54.125,51.937
294.93217396736145,0.0661764144897461,0,287457,-15,-1281,False,52.75,54.125,51.937
295.0311107635498,0.09893679618835449,0,287457,-15,-1281,False,52.75,54.125,51.937
295.097576379776,0.06646561622619629,0,287466,-15,-1281,False,52.75,54.125,51.937
295.1590094566345,0.06143307685852051,0,287474,-15,-1281,False,52.75,54.125,51.937
295.234411239624,0.07540178298950195,0,287483,-15,-1281,False,52.75,54.125,51.937
295.3251221179962,0.09071087837219238,0,287483,-15,-1281,False,52.75,54.125,51.937
295.39288425445557,0.06776213645935059,0,287492,-15,-1281,False,52.75,54.125,51.937
295.45384907722473,0.06096482276916504,0,287500,-15,-1281,False,52.75,54.125,51.937
295.53438782691956,0.08053874969482422,0,287510,-15,-1281,False,52.75,54.125,51.937
295.6231391429901,0.08875131607055664,0,287510,-15,-1281,False,52.75,54.125,51.937
295.68860936164856,0.06547021865844727,0,287518,-15,-1281,False,52.75,54.125,51.937
295.74982833862305,0.061218976974487305,0,287527,-15,-1281,False,52.75,54.125,51.937
295.82951259613037,0.07968425750732422,0,287537,-15,-1281,False,52.75,54.125,51.937
295.9366354942322,0.10712289810180664,0,287537,-15,-1281,False,52.75,54.125,51.937
295.998322725296,0.06168723106384277,0,287546,-15,-1282,False,52.75,54.125,51.937
296.05877327919006,0.06045055389404297,0,287556,-15,-1282,False,52.718,54.25,52.0
296.1501462459564,0.09137296676635742,0,287566,-15,-1282,False,52.718,54.25,52.0
296.21817445755005,0.06802821159362793,0,287566,-15,-1282,False,52.718,54.25,52.0
296.2809114456177,0.06273698806762695,0,287576,-15,-1282,False,52.718,54.25,52.0
296.34070920944214,0.05979776382446289,0,287587,-15,-1282,False,52.718,54.25,52.0
296.4034917354584,0.06278252601623535,0,287587,-15,-1282,False,52.718,54.25,52.0
296.46733951568604,0.06384778022766113,0,287596,-15,-1282,False,52.718,54.25,52.0
296.53688621520996,0.06954669952392578,0,287607,-15,-1282,False,52.718,54.25,52.0
296.61007857322693,0.07319235801696777,0,287607,-15,-1282,False,52.718,54.25,52.0
296.68953585624695,0.07945728302001953,0,287618,-15,-1282,False,52.718,54.25,52.0
296.75770473480225,0.06816887855529785,0,287628,-15,-1282,False,52.718,54.25,52.0
296.81963658332825,0.06193184852600098,0,287639,-15,-1282,False,52.718,54.25,52.0
296.8947260379791,0.0750894546508789,0,287639,-15,-1282,False,52.718,54.25,52.0
296.95548248291016,0.06075644493103027,0,287648,-15,-1282,False,52.718,54.25,52.0
297.0156455039978,0.060163021087646484,0,287648,-15,-1282,False,52.718,54.25,52.0
297.0798783302307,0.06423282623291016,0,287669,-15,-1282,False,52.718,54.25,52.0
297.20571517944336,0.12583684921264648,0,287669,-15,-1282,False,52.718,54.25,52.0
297.27810645103455,0.07239127159118652,0,287679,-15,-1282,False,52.718,54.25,52.0
297.34536933898926,0.06726288795471191,0,287689,-15,-1282,False,52.718,54.25,52.0
297.4209249019623,0.07555556297302246,0,287698,-15,-1281,False,52.718,54.25,52.0
297.5178623199463,0.09693741798400879,0,287698,-15,-1281,False,52.718,54.25,52.0
297.5845875740051,0.06672525405883789,0,287707,-15,-1281,False,52.718,54.25,52.0
297.6450333595276,0.06044578552246094,0,287718,-15,-1281,False,52.718,54.25,52.0
297.718492269516,0.07345890998840332,0,287727,-15,-1281,False,52.718,54.25,52.0
297.8162000179291,0.09770774841308594,0,287727,-15,-1281,False,52.718,54.25,52.0
297.88241362571716,0.06621360778808594,0,287736,-15,-1282,False,52.718,54.25,52.0
297.94609093666077,0.06367731094360352,0,287746,-15,-1281,False,52.718,54.25,52.0
298.01843070983887,0.07233977317810059,0,287755,-15,-1282,False,52.718,54.25,52.0
298.11665177345276,0.0982210636138916,0,287765,-15,-1282,False,53.062,54.312,52.062
298.18966817855835,0.07301640510559082,0,287765,-15,-1282,False,53.062,54.312,52.062
298.2536280155182,0.06395983695983887,0,287774,-15,-1282,False,53.062,54.312,52.062
298.32250332832336,0.06887531280517578,0,287784,-15,-1282,False,53.062,54.312,52.062
298.39747071266174,0.0749673843383789,0,287784,-15,-1282,False,53.062,54.312,52.062
298.45913767814636,0.06166696548461914,0,287794,-15,-1282,False,53.062,54.312,52.062
298.5194854736328,0.060347795486450195,0,287802,-15,-1282,False,53.062,54.312,52.062
298.6028654575348,0.08337998390197754,0,287812,-15,-1282,False,53.062,54.312,52.062
298.6953332424164,0.0924677848815918,0,287812,-15,-1282,False,53.062,54.312,52.062
298.76074147224426,0.06540822982788086,0,287822,-15,-1282,False,53.062,54.312,52.062
298.8263826370239,0.06564116477966309,0,287831,-15,-1282,False,53.062,54.312,52.062
298.9032769203186,0.07689428329467773,0,287841,-15,-1282,False,53.062,54.312,52.062
298.99275732040405,0.08948040008544922,0,287841,-15,-1282,False,53.062,54.312,52.062
299.0587513446808,0.0659940242767334,0,287850,-15,-1282,False,53.062,54.312,52.062
299.12136030197144,0.06260895729064941,0,287859,-15,-1282,False,53.062,54.312,52.062
299.20238995552063,0.08102965354919434,0,287868,-15,-1283,False,53.062,54.312,52.062
299.2925045490265,0.09011459350585938,0,287868,-15,-1283,False,53.062,54.312,52.062
299.36127758026123,0.06877303123474121,0,287877,-15,-1282,False,53.062,54.312,52.062
299.4305589199066,0.06928133964538574,0,287887,-15,-1283,False,53.062,54.312,52.062
299.4964966773987,0.06593775749206543,0,287896,-15,-1283,False,53.062,54.312,52.062
299.5769727230072,0.08047604560852051,0,287896,-15,-1283,False,53.062,54.312,52.062
299.6383876800537,0.06141495704650879,0,287905,-15,-1283,False,53.062,54.312,52.062
299.6990294456482,0.06064176559448242,0,287905,-15,-1283,False,53.062,54.312,52.062
299.75926399230957,0.06023454666137695,0,287925,-15,-1283,False,53.062,54.312,52.062
299.87842774391174,0.11916375160217285,0,287925,-15,-1283,False,53.062,54.312,52.062
299.9503011703491,0.07187342643737793,0,287934,-15,-1283,False,53.062,54.312,52.062
300.01790833473206,0.06760716438293457,0,287944,-15,-1283,False,53.062,54.312,52.062
300.0862364768982,0.0683281421661377,0,287952,-15,-1284,False,53.062,54.312,52.062
300.1778221130371,0.09158563613891602,0,287952,-15,-1284,False,52.937,54.062,52.156
300.25474882125854,0.07692670822143555,0,287962,-15,-1284,False,52.937,54.062,52.156
300.32160353660583,0.06685471534729004,0,287971,-15,-1283,False,52.937,54.062,52.156
300.4544472694397,0.1328437328338623,0,287981,-15,-1284,False,52.937,54.062,52.156
300.5421817302704,0.08773446083068848,0,287991,-15,-1284,False,52.937,54.062,52.156
300.6179871559143,0.0758054256439209,0,288000,-15,-1284,False,52.937,54.062,52.156
300.6892931461334,0.07130599021911621,0,288011,-15,-1284,False,52.937,54.062,52.156
300.7889368534088,0.09964370727539062,0,288011,-15,-1284,False,52.937,54.062,52.156
300.86077976226807,0.07184290885925293,0,288021,-15,-1284,False,52.937,54.062,52.156
300.92446970939636,0.0636899471282959,0,288042,-15,-1284,False,52.937,54.062,52.156
301.06161522865295,0.1371455192565918,0,288042,-15,-1284,False,52.937,54.062,52.156
301.1492416858673,0.08762645721435547,0,288052,-15,-1284,False,52.937,54.062,52.156
301.22143816947937,0.07219648361206055,0,288063,-15,-1284,False,52.937,54.062,52.156
301.3234488964081,0.10201072692871094,0,288073,-15,-1284,False,52.937,54.062,52.156
301.41298174858093,0.08953285217285156,0,288084,-15,-1284,False,52.937,54.062,52.156
301.48669505119324,0.07371330261230469,0,288095,-15,-1284,False,52.937,54.062,52.156
301.5663390159607,0.07964396476745605,0,288106,-15,-1284,False,52.937,54.062,52.156
301.65491557121277,0.0885765552520752,0,288106,-15,-1284,False,52.937,54.062,52.156
301.7229013442993,0.06798577308654785,0,288117,-15,-1284,False,52.937,54.062,52.156
301.79028391838074,0.0673825740814209,0,288128,-15,-1283,False,52.937,54.062,52.156
301.86336636543274,0.07308244705200195,0,288128,-15,-1283,False,52.937,54.062,52.156
301.9337339401245,0.07036757469177246,0,288139,-15,-1283,False,52.937,54.062,52.156
301.99773383140564,0.06399989128112793,0,288149,-15,-1283,False,52.937,54.062,52.156
302.0579810142517,0.060247182846069336,0,288149,-15,-1283,False,52.937,54.062,52.156
302.11900758743286,0.061026573181152344,0,288160,-15,-1283,False,52.937,54.062,52.156
302.1888620853424,0.0698544979095459,0,288170,-15,-1283,False,53.062,54.25,52.25
302.266165971756,0.07730388641357422,0,288170,-15,-1283,False,53.062,54.25,52.25
302.32898139953613,0.06281542778015137,0,288181,-15,-1283,False,53.062,54.25,52.25
302.4147834777832,0.08580207824707031,0,288191,-15,-1283,False,53.062,54.25,52.25
302.4872040748596,0.07242059707641602,0,288201,-15,-1283,False,53.062,54.25,52.25
302.5495798587799,0.062375783920288086,0,288201,-15,-1283,False,53.062,54.25,52.25
302.6141526699066,0.06457281112670898,0,288212,-15,-1283,False,53.062,54.25,52.25
302.7020227909088,0.08787012100219727,0,288222,-15,-1283,False,53.062,54.25,52.25
302.76487946510315,0.06285667419433594,0,288222,-15,-1283,False,53.062,54.25,52.25
302.82521748542786,0.06033802032470703,0,288233,-15,-1283,False,53.062,54.25,52.25
302.8966317176819,0.07141423225402832,0,288243,-15,-1283,False,53.062,54.25,52.25
302.9717583656311,0.07512664794921875,0,288243,-15,-1283,False,53.062,54.25,52.25
303.0330493450165,0.06129097938537598,0,288253,-15,-1283,False,53.062,54.25,52.25
303.09324193000793,0.06019258499145508,0,288263,-15,-1283,False,53.062,54.25,52.25
303.177686214447,0.08444428443908691,0,288273,-15,-1283,False,53.062,54.25,52.25
303.26446771621704,0.08678150177001953,0,288273,-15,-1283,False,53.062,54.25,52.25
303.33120036125183,0.06673264503479004,0,288284,-15,-1283,False,53.062,54.25,52.25
303.39245891571045,0.061258554458618164,0,288293,-15,-1283,False,53.062,54.25,52.25
303.5051791667938,0.11272025108337402,0,288304,-15,-1283,False,53.062,54.25,52.25
303.5923011302948,0.08712196350097656,0,288313,-15,-1283,False,53.062,54.25,52.25
303.6609971523285,0.0686960220336914,0,288323,-15,-1283,False,53.062,54.25,52.25
303.74371576309204,0.0827186107635498,0,288323,-15,-1283,False,53.062,54.25,52.25
303.8258409500122,0.08212518692016602,0,288333,-15,-1283,False,53.062,54.25,52.25
303.8926546573639,0.06681370735168457,0,288343,-15,-1283,False,53.062,54.25,52.25
303.95416164398193,0.06150698661804199,0,288343,-15,-1283,False,53.062,54.25,52.25
304.0216681957245,0.06750655174255371,0,288352,-15,-1284,False,53.062,54.25,52.25
304.09713888168335,0.0754706859588623,0,288361,-15,-1284,False,53.062,54.25,52.25
304.1597068309784,0.06256794929504395,0,288361,-15,-1284,False,53.062,54.25,52.25
304.2192528247833,0.05954599380493164,0,288370,-15,-1284,False,53.437,54.562,52.062
304.3053240776062,0.08607125282287598,0,288379,-15,-1284,False,53.437,54.562,52.062
304.37273240089417,0.06740832328796387,0,288388,-15,-1284,False,53.437,54.562,52.062
304.4323744773865,0.05964207649230957,0,288388,-15,-1284,False,53.437,54.562,52.062
304.4913499355316,0.0589754581451416,0,288397,-15,-1284,False,53.437,54.562,52.062
304.61213421821594,0.12078428268432617,0,288407,-15,-1284,False,53.437,54.562,52.062
304.6802213191986,0.06808710098266602,0,288416,-15,-1285,False,53.437,54.562,52.062
304.74348640441895,0.06326508522033691,0,288416,-15,-1285,False,53.437,54.562,52.062
304.8172731399536,0.07378673553466797,0,288426,-15,-1285,False,53.437,54.562,52.062
304.90655994415283,0.08928680419921875,0,288436,-15,-1285,False,53.437,54.562,52.062
304.9702091217041,0.06364917755126953,0,288445,-15,-1285,False,53.437,54.562,52.062
305.03148007392883,0.061270952224731445,0,288445,-15,-1285,False,53.437,54.562,52.062
305.09127283096313,0.05979275703430176,0,288455,-15,-1285,False,53.437,54.562,52.062
305.21216011047363,0.12088727951049805,0,288464,-15,-1286,False,53.437,54.562,52.062
305.28100991249084,0.06884980201721191,0,288474,-15,-1285,False,53.437,54.562,52.062
305.34799337387085,0.06698346138000488,0,288474,-15,-1285,False,53.437,54.562,52.062
305.4158854484558,0.06789207458496094,0,288484,-15,-1286,False,53.437,54.562,52.062
305.49327087402344,0.07738542556762695,0,288494,-15,-1286,False,53.437,54.562,52.062
305.55438804626465,0.06111717224121094,0,288505,-15,-1286,False,53.437,54.562,52.062
305.6221995353699,0.06781148910522461,0,288505,-15,-1286,False,53.437,54.562,52.062
305.7008922100067,0.07869267463684082,0,288515,-15,-1286,False,53.437,54.562,52.062
305.8067901134491,0.10589790344238281,0,288525,-15,-1287,False,53.437,54.562,52.062
305.8760175704956,0.06922745704650879,0,288536,-15,-1287,False,53.437,54.562,52.062
305.94018959999084,0.06417202949523926,0,288547,-15,-1287,False,53.437,54.562,52.062
306.09468054771423,0.15449094772338867,0,288558,-15,-1287,False,53.437,54.562,52.062
306.17801904678345,0.08333849906921387,0,288569,-15,-1288,False,53.437,54.562,52.062
306.2498126029968,0.0717935562133789,0,288581,-15,-1288,False,52.906,54.062,52.156
306.35825300216675,0.10844039916992188,0,288593,-15,-1288,False,52.906,54.062,52.156
306.4439353942871,0.08568239212036133,0,288605,-15,-1288,False,52.906,54.062,52.156
306.511013507843,0.0670781135559082,0,288605,-15,-1288,False,52.906,54.062,52.156
306.5724358558655,0.06142234802246094,0,288630,-15,-1288,False,52.906,54.062,52.156
306.7078013420105,0.13536548614501953,0,288630,-15,-1288,False,52.906,54.062,52.156
306.77976393699646,0.07196259498596191,0,288643,-15,-1288,False,52.906,54.062,52.156
306.8478865623474,0.06812262535095215,0,288655,-15,-1288,False,52.906,54.062,52.156
306.97083139419556,0.12294483184814453,0,288666,-15,-1288,False,52.906,54.062,52.156
307.0493366718292,0.07850527763366699,0,288677,-15,-1288,False,52.906,54.062,52.156
307.1173927783966,0.06805610656738281,0,288677,-15,-1288,False,52.906,54.062,52.156
307.1945526599884,0.07715988159179688,0,288689,-15,-1288,False,52.906,54.062,52.156
307.28117084503174,0.08661818504333496,0,288701,-15,-1288,False,52.906,54.062,52.156
307.34427404403687,0.06310319900512695,0,288712,-15,-1288,False,52.906,54.062,52.156
307.4051926136017,0.060918569564819336,0,288712,-15,-1288,False,52.906,54.062,52.156
307.4658086299896,0.06061601638793945,0,288723,-15,-1288,False,52.906,54.062,52.156
307.5797116756439,0.11390304565429688,0,288734,-15,-1288,False,52.906,54.062,52.156
307.6463735103607,0.06666183471679688,0,288744,-15,-1288,False,52.906,54.062,52.156
307.7185492515564,0.07217574119567871,0,288744,-15,-1288,False,52.906,54.062,52.156
307.78556513786316,0.0670158863067627,0,288756,-15,-1288,False,52.906,54.062,52.156
307.85835361480713,0.07278847694396973,0,288766,-15,-1288,False,52.906,54.062,52.156
307.92499923706055,0.06664562225341797,0,288766,-15,-1288,False,52.906,54.062,52.156
307.9856150150299,0.06061577796936035,0,288776,-15,-1288,False,52.906,54.062,52.156
308.0465705394745,0.06095552444458008,0,288786,-15,-1288,False,52.906,54.062,52.156
308.1325068473816,0.08593630790710449,0,288796,-15,-1288,False,52.906,54.062,52.156
308.1986849308014,0.0661780834197998,0,288796,-15,-1288,False,52.906,54.062,52.156
308.25889587402344,0.0602109432220459,0,288806,-15,-1288,False,53.125,54.312,52.125
308.35353088378906,0.094635009765625,0,288816,-15,-1288,False,53.125,54.312,52.125
308.4269859790802,0.0734550952911377,0,288826,-15,-1288,False,53.125,54.312,52.125
308.50781893730164,0.08083295822143555,0,288826,-15,-1288,False,53.125,54.312,52.125
308.57879161834717,0.07097268104553223,0,288834,-15,-1288,False,53.125,54.312,52.125
308.66901898384094,0.09022736549377441,0,288844,-15,-1288,False,53.125,54.312,52.125
308.7308666706085,0.061847686767578125,0,288853,-15,-1288,False,53.125,54.312,52.125
308.79271125793457,0.061844587326049805,0,288853,-15,-1288,False,53.125,54.312,52.125
308.8740265369415,0.08131527900695801,0,288862,-15,-1288,False,53.125,54.312,52.125
308.9518461227417,0.0778195858001709,0,288870,-15,-1288,False,53.125,54.312,52.125
309.0153295993805,0.06348347663879395,0,288870,-15,-1288,False,53.125,54.312,52.125
309.0765731334686,0.061243534088134766,0,288880,-15,-1288,False,53.125,54.312,52.125
309.15448784828186,0.07791471481323242,0,288888,-15,-1288,False,53.125,54.312,52.125
309.26409816741943,0.10961031913757324,0,288898,-15,-1288,False,53.125,54.312,52.125
309.33381390571594,0.06971573829650879,0,288906,-15,-1288,False,53.125,54.312,52.125
309.40019726753235,0.06638336181640625,0,288906,-15,-1288,False,53.125,54.312,52.125
309.4896512031555,0.08945393562316895,0,288915,-15,-1288,False,53.125,54.312,52.125
309.57687044143677,0.08721923828125,0,288924,-15,-1288,False,53.125,54.312,52.125
309.64369010925293,0.06681966781616211,0,288932,-15,-1288,False,53.125,54.312,52.125
309.7058002948761,0.062110185623168945,0,288932,-15,-1288,False,53.125,54.312,52.125
309.77404952049255,0.06824922561645508,0,288941,-15,-1288,False,53.125,54.312,52.125
309.83407711982727,0.0600275993347168,0,288950,-15,-1288,False,53.125,54.312,52.125
309.89557695388794,0.061499834060668945,0,288950,-15,-1288,False,53.125,54.312,52.125
309.95586824417114,0.060291290283203125,0,288959,-15,-1288,False,53.125,54.312,52.125
310.03964018821716,0.08377194404602051,0,288968,-15,-1288,False,53.125,54.312,52.125
310.1024739742279,0.06283378601074219,0,288968,-15,-1288,False,53.125,54.312,52.125
310.1679391860962,0.06546521186828613,0,288977,-15,-1288,False,53.125,54.312,52.125
310.2483706474304,0.08043146133422852,0,288986,-15,-1288,False,53.125,54.312,52.125
310.3162794113159,0.06790876388549805,0,288995,-15,-1288,False,52.906,54.406,52.125
310.3907310962677,0.07445168495178223,0,288995,-15,-1288,False,52.906,54.406,52.125
310.45163226127625,0.06090116500854492,0,289004,-15,-1288,False,52.906,54.406,52.125
310.52910232543945,0.07747006416320801,0,289014,-15,-1288,False,52.906,54.406,52.125
310.59214639663696,0.06304407119750977,0,289014,-15,-1288,False,52.906,54.406,52.125
310.6538074016571,0.0616610050201416,0,289023,-15,-1288,False,52.906,54.406,52.125
310.716340303421,0.06253290176391602,0,289033,-15,-1288,False,52.906,54.406,52.125
310.79829263687134,0.08195233345031738,0,289044,-15,-1288,False,52.906,54.406,52.125
310.87117075920105,0.07287812232971191,0,289044,-15,-1288,False,52.906,54.406,52.125
310.9343605041504,0.06318974494934082,0,289054,-15,-1288,False,52.906,54.406,52.125
310.99443316459656,0.06007266044616699,0,289065,-15,-1288,False,52.906,54.406,52.125
311.07198691368103,0.07755374908447266,0,289065,-15,-1288,False,52.906,54.406,52.125
311.1323449611664,0.06035804748535156,0,289075,-15,-1288,False,52.906,54.406,52.125
311.1923258304596,0.05998086929321289,0,289075,-15,-1288,False,52.906,54.406,52.125
311.2537977695465,0.06147193908691406,0,289086,-15,-1288,False,52.906,54.406,52.125
311.33316922187805,0.07937145233154297,0,289096,-15,-1288,False,52.906,54.406,52.125
311.3932955265045,0.060126304626464844,0,289096,-15,-1288,False,52.906,54.406,52.125
311.4566767215729,0.06338119506835938,0,289118,-15,-1288,False,52.906,54.406,52.125
311.5873878002167,0.13071107864379883,0,289129,-15,-1288,False,52.906,54.406,52.125
311.6759192943573,0.088531494140625,0,289129,-15,-1288,False,52.906,54.406,52.125
311.7474491596222,0.07152986526489258,0,289140,-15,-1287,False,52.906,54.406,52.125
311.8253779411316,0.07792878150939941,0,289150,-15,-1287,False,52.906,54.406,52.125
311.91041135787964,0.08503341674804688,0,289161,-15,-1287,False,52.906,54.406,52.125
311.9790496826172,0.06863832473754883,0,289161,-15,-1287,False,52.906,54.406,52.125
312.0400536060333,0.061003923416137695,0,289171,-15,-1287,False,52.906,54.406,52.125
312.09937500953674,0.05932140350341797,0,289182,-15,-1287,False,52.906,54.406,52.125
312.19780945777893,0.0984344482421875,0,289193,-15,-1287,False,52.906,54.406,52.125
312.2672336101532,0.06942415237426758,0,289193,-15,-1287,False,52.906,54.406,52.125
312.3289535045624,0.06171989440917969,0,289203,-15,-1287,False,53.093,54.406,52.187
312.4016797542572,0.07272624969482422,0,289214,-15,-1287,False,53.093,54.406,52.187
312.5066318511963,0.10495209693908691,0,289224,-15,-1287,False,53.093,54.406,52.187
312.57428884506226,0.0676569938659668,0,289224,-15,-1287,False,53.093,54.406,52.187
312.63626980781555,0.0619809627532959,0,289235,-15,-1287,False,53.093,54.406,52.187
312.6953454017639,0.05907559394836426,0,289246,-15,-1287,False,53.093,54.406,52.187
312.79350876808167,0.09816336631774902,0,289256,-15,-1287,False,53.093,54.406,52.187
312.861878156662,0.06836938858032227,0,289256,-15,-1287,False,53.093,54.406,52.187
312.92533016204834,0.06345200538635254,0,289267,-15,-1286,False,53.093,54.406,52.187
312.98485946655273,0.05952930450439453,0,289277,-15,-1286,False,53.093,54.406,52.187
313.09594202041626,0.11108255386352539,0,289288,-15,-1286,False,53.093,54.406,52.187
313.1715614795685,0.07561945915222168,0,289288,-15,-1286,False,53.093,54.406,52.187
313.2430143356323,0.07145285606384277,0,289298,-15,-1286,False,53.093,54.406,52.187
313.3188862800598,0.07587194442749023,0,289309,-15,-1286,False,53.093,54.406,52.187
313.4003818035126,0.08149552345275879,0,289320,-15,-1285,False,53.093,54.406,52.187
313.4657869338989,0.06540513038635254,0,289320,-15,-1285,False,53.093,54.406,52.187
313.5284934043884,0.06270647048950195,0,289330,-15,-1285,False,53.093,54.406,52.187
313.60271072387695,0.07421731948852539,0,289341,-15,-1285,False,53.093,54.406,52.187
313.68366861343384,0.08095788955688477,0,289351,-15,-1285,False,53.093,54.406,52.187
313.7472343444824,0.06356573104858398,0,289351,-15,-1285,False,53.093,54.406,52.187
313.81105613708496,0.06382179260253906,0,289362,-15,-1285,False,53.093,54.406,52.187
313.87080240249634,0.05974626541137695,0,289373,-15,-1284,False,53.093,54.406,52.187
313.98908042907715,0.11827802658081055,0,289383,-15,-1284,False,53.093,54.406,52.187
314.0649552345276,0.07587480545043945,0,289383,-15,-1284,False,53.093,54.406,52.187
314.13334226608276,0.06838703155517578,0,289394,-15,-1284,False,53.093,54.406,52.187
314.20480489730835,0.07146263122558594,0,289405,-15,-1284,False,53.093,54.406,52.187
314.28939867019653,0.0845937728881836,0,289415,-15,-1284,False,53.093,54.406,52.187
314.3587431907654,0.06934452056884766,0,289415,-15,-1284,False,53.0,54.375,52.218
314.43046712875366,0.07172393798828125,0,289425,-15,-1284,False,53.0,54.375,52.218
314.5135488510132,0.08308172225952148,0,289434,-15,-1284,False,53.0,54.375,52.218
314.577383518219,0.06383466720581055,0,289444,-15,-1283,False,53.0,54.375,52.218
314.64016914367676,0.06278562545776367,0,289454,-15,-1283,False,53.0,54.375,52.218
314.740300655365,0.10013151168823242,0,289454,-15,-1283,False,53.0,54.375,52.218
314.826696395874,0.0863957405090332,0,289463,-15,-1283,False,53.0,54.375,52.218
314.88865208625793,0.06195569038391113,0,289473,-15,-1283,False,53.0,54.375,52.218
314.9506802558899,0.06202816963195801,0,289483,-15,-1283,False,53.0,54.375,52.218
315.0352325439453,0.08455228805541992,0,289483,-15,-1283,False,53.0,54.375,52.218
315.0976176261902,0.06238508224487305,0,289492,-15,-1283,False,53.0,54.375,52.218
315.15816473960876,0.0605471134185791,0,289492,-15,-1283,False,53.0,54.375,52.218
315.22511553764343,0.06695079803466797,0,289503,-15,-1283,False,53.0,54.375,52.218
315.31303191185,0.08791637420654297,0,289512,-15,-1283,False,53.0,54.375,52.218
315.3766851425171,0.06365323066711426,0,289522,-15,-1283,False,53.0,54.375,52.218
315.43693923950195,0.06025409698486328,0,289532,-15,-1283,False,53.0,54.375,52.218
315.5529189109802,0.11597967147827148,0,289542,-15,-1284,False,53.0,54.375,52.218
315.6400558948517,0.08713698387145996,0,289542,-15,-1284,False,53.0,54.375,52.218
315.71247148513794,0.07241559028625488,0,289552,-15,-1284,False,53.0,54.375,52.218
315.788204908371,0.07573342323303223,0,289562,-15,-1284,False,53.0,54.375,52.218
315.8706736564636,0.08246874809265137,0,289572,-15,-1284,False,53.0,54.375,52.218
315.93787837028503,0.06720471382141113,0,289572,-15,-1284,False,53.0,54.375,52.218
316.002685546875,0.06480717658996582,0,289582,-15,-1284,False,53.0,54.375,52.218
316.07455921173096,0.07187366485595703,0,289593,-15,-1284,False,53.0,54.375,52.218
316.1651613712311,0.09060215950012207,0,289604,-15,-1284,False,53.0,54.375,52.218
316.2291398048401,0.06397843360900879,0,289604,-15,-1284,False,53.0,54.375,52.218
316.29523754119873,0.06609773635864258,0,289615,-15,-1284,False,53.0,54.375,52.218
316.3716142177582,0.07637667655944824,0,289626,-15,-1284,False,53.281,54.125,52.312
316.47740149497986,0.10578727722167969,0,289638,-15,-1283,False,53.281,54.125,52.312
316.5468261241913,0.06942462921142578,0,289638,-15,-1283,False,53.281,54.125,52.312
316.60990285873413,0.06307673454284668,0,289661,-15,-1283,False,53.281,54.125,52.312
316.7576012611389,0.14769840240478516,0,289672,-15,-1283,False,53.281,54.125,52.312
316.8500883579254,0.09248709678649902,0,289684,-15,-1283,False,53.281,54.125,52.312
316.9229998588562,0.07291150093078613,0,289696,-15,-1282,False,53.281,54.125,52.312
317.0257787704468,0.10277891159057617,0,289708,-15,-1282,False,53.281,54.125,52.312
317.11423683166504,0.08845806121826172,0,289708,-15,-1282,False,53.281,54.125,52.312
317.189373254776,0.07513642311096191,0,289720,-15,-1282,False,53.281,54.125,52.312
317.2692370414734,0.0798637866973877,0,289732,-15,-1282,False,53.281,54.125,52.312
317.36126732826233,0.09203028678894043,0,289744,-15,-1282,False,53.281,54.125,52.312
317.4312357902527,0.06996846199035645,0,289744,-15,-1282,False,53.281,54.125,52.312
317.4953045845032,0.06406879425048828,0,289756,-15,-1282,False,53.281,54.125,52.312
317.5653200149536,0.07001543045043945,0,289768,-15,-1282,False,53.281,54.125,52.312
317.663996219635,0.09867620468139648,0,289780,-15,-1282,False,53.281,54.125,52.312
317.73432207107544,0.07032585144042969,0,289780,-15,-1282,False,53.281,54.125,52.312
317.7982187271118,0.06389665603637695,0,289804,-15,-1282,False,53.281,54.125,52.312
317.92365074157715,0.12543201446533203,0,289816,-15,-1282,False,53.281,54.125,52.312
318.00723671913147,0.08358597755432129,0,289816,-15,-1282,False,53.281,54.125,52.312
318.0797884464264,0.07255172729492188,0,289828,-15,-1282,False,53.281,54.125,52.312
318.15707302093506,0.07728457450866699,0,289840,-15,-1282,False,53.281,54.125,52.312
318.2486503124237,0.09157729148864746,0,289852,-15,-1282,False,53.281,54.125,52.312
318.3198802471161,0.07122993469238281,0,289852,-15,-1282,False,53.281,54.125,52.312
318.38301610946655,0.06313586235046387,0,289864,-15,-1282,False,52.906,54.187,52.156
318.4867548942566,0.10373878479003906,0,289876,-15,-1281,False,52.906,54.187,52.156
318.5746638774872,0.08790898323059082,0,289888,-15,-1282,False,52.906,54.187,52.156
318.64199900627136,0.06733512878417969,0,289900,-15,-1281,False,52.906,54.187,52.156
318.71287417411804,0.07087516784667969,0,289900,-15,-1281,False,52.906,54.187,52.156
318.79281091690063,0.07993674278259277,0,289912,-15,-1281,False,52.906,54.187,52.156
318.86344361305237,0.0706326961517334,0,289924,-15,-1282,False,52.906,54.187,52.156
318.92468667030334,0.06124305725097656,0,289936,-15,-1281,False,52.906,54.187,52.156
319.00813031196594,0.08344364166259766,0,289936,-15,-1281,False,52.906,54.187,52.156
319.07360649108887,0.0654761791229248,0,289948,-15,-1282,False,52.906,54.187,52.156
319.1391911506653,0.06558465957641602,0,289960,-15,-1281,False,52.906,54.187,52.156
319.19945907592773,0.06026792526245117,0,289972,-15,-1281,False,52.906,54.187,52.156
319.2932696342468,0.0938105583190918,0,289972,-15,-1281,False,52.906,54.187,52.156
319.3594386577606,0.06616902351379395,0,289984,-15,-1282,False,52.906,54.187,52.156
319.42507886886597,0.06564021110534668,0,289996,-15,-1281,False,52.906,54.187,52.156
319.48985743522644,0.06477856636047363,0,290007,-15,-1281,False,52.906,54.187,52.156
319.6162905693054,0.1264331340789795,0,290020,-15,-1281,False,52.906,54.187,52.156
319.68956422805786,0.0732736587524414,0,290020,-15,-1281,False,52.906,54.187,52.156
319.7535321712494,0.06396794319152832,0,290032,-15,-1281,False,52.906,54.187,52.156
319.82859230041504,0.07506012916564941,0,290043,-15,-1281,False,52.906,54.187,52.156
319.91729068756104,0.0886983871459961,0,290055,-15,-1281,False,52.906,54.187,52.156
319.9859445095062,0.06865382194519043,0,290055,-15,-1281,False,52.906,54.187,52.156
320.0469648838043,0.0610203742980957,0,290067,-15,-1281,False,52.906,54.187,52.156
320.15686082839966,0.10989594459533691,0,290079,-15,-1281,False,52.906,54.187,52.156
320.24977946281433,0.09291863441467285,0,290090,-15,-1281,False,52.906,54.187,52.156
320.32361245155334,0.07383298873901367,0,290102,-15,-1281,False,52.906,54.187,52.156
320.40063738822937,0.07702493667602539,0,290113,-15,-1281,False,52.875,54.25,52.187
320.5135200023651,0.11288261413574219,0,290124,-15,-1281,False,52.875,54.25,52.187
320.5847325325012,0.0712125301361084,0,290124,-15,-1281,False,52.875,54.25,52.187
320.647611618042,0.06287908554077148,0,290136,-15,-1281,False,52.875,54.25,52.187
320.75020575523376,0.10259413719177246,0,290147,-15,-1281,False,52.875,54.25,52.187
320.8349356651306,0.08472990989685059,0,290157,-15,-1281,False,52.875,54.25,52.187
320.9039113521576,0.06897568702697754,0,290157,-15,-1281,False,52.875,54.25,52.187
320.9666004180908,0.06268906593322754,0,290180,-15,-1281,False,52.875,54.25,52.187
321.0785622596741,0.11196184158325195,0,290180,-15,-1281,False,52.875,54.25,52.187
321.1502673625946,0.07170510292053223,0,290192,-15,-1281,False,52.875,54.25,52.187
321.2151470184326,0.0648796558380127,0,290202,-15,-1281,False,52.875,54.25,52.187
321.27535247802734,0.06020545959472656,0,290202,-15,-1281,False,52.875,54.25,52.187
321.3681688308716,0.09281635284423828,0,290213,-15,-1281,False,52.875,54.25,52.187
321.43684458732605,0.06867575645446777,0,290225,-15,-1281,False,52.875,54.25,52.187
321.49940276145935,0.06255817413330078,0,290225,-15,-1281,False,52.875,54.25,52.187
321.55973744392395,0.06033468246459961,0,290236,-15,-1281,False,52.875,54.25,52.187
321.64327597618103,0.08353853225708008,0,290248,-15,-1281,False,52.875,54.25,52.187
321.7109832763672,0.06770730018615723,0,290260,-15,-1281,False,52.875,54.25,52.187
321.77097725868225,0.05999398231506348,0,290260,-15,-1281,False,52.875,54.25,52.187
321.8313829898834,0.060405731201171875,0,290272,-15,-1281,False,52.875,54.25,52.187
321.92396807670593,0.09258508682250977,0,290283,-15,-1281,False,52.875,54.25,52.187
321.99398016929626,0.07001209259033203,0,290283,-15,-1281,False,52.875,54.25,52.187
322.05511927604675,0.06113910675048828,0,290295,-15,-1281,False,52.875,54.25,52.187
322.1158707141876,0.06075143814086914,0,290308,-15,-1281,False,52.875,54.25,52.187
322.199387550354,0.08351683616638184,0,290319,-15,-1281,False,52.875,54.25,52.187
322.2666029930115,0.0672154426574707,0,290319,-15,-1281,False,52.875,54.25,52.187
322.32687854766846,0.06027555465698242,0,290332,-15,-1281,False,52.875,54.25,52.187
322.39173698425293,0.06485843658447266,0,290343,-15,-1281,False,52.875,54.25,52.187
322.4637372493744,0.07200026512145996,0,290343,-15,-1281,False,53.062,54.656,52.312
322.5343565940857,0.07061934471130371,0,290354,-15,-1281,False,53.062,54.656,52.312
322.59693241119385,0.0625758171081543,0,290366,-15,-1281,False,53.062,54.656,52.312
322.6758449077606,0.07891249656677246,0,290366,-15,-1281,False,53.062,54.656,52.312
322.7503855228424,0.07454061508178711,0,290377,-15,-1281,False,53.062,54.656,52.312
322.8126447200775,0.06225919723510742,0,290389,-15,-1281,False,53.062,54.656,52.312
322.88238048553467,0.06973576545715332,0,290400,-15,-1281,False,53.062,54.656,52.312
322.9884958267212,0.10611534118652344,0,290412,-15,-1281,False,53.062,54.656,52.312
323.05857706069946,0.07008123397827148,0,290412,-15,-1281,False,53.062,54.656,52.312
323.1229681968689,0.0643911361694336,0,290423,-15,-1281,False,53.062,54.656,52.312
323.19838976860046,0.07542157173156738,0,290434,-15,-1281,False,53.062,54.656,52.312
323.28729033470154,0.08890056610107422,0,290445,-15,-1281,False,53.062,54.656,52.312
323.3560345172882,0.06874418258666992,0,290445,-15,-1281,False,53.062,54.656,52.312
323.4170980453491,0.061063528060913086,0,290455,-15,-1281,False,53.062,54.656,52.312
323.47902607917786,0.06192803382873535,0,290467,-15,-1281,False,53.062,54.656,52.312
323.55469584465027,0.07566976547241211,0,290467,-15,-1281,False,53.062,54.656,52.312
323.6158084869385,0.06111264228820801,0,290478,-15,-1281,False,53.062,54.656,52.312
323.6761305332184,0.06032204627990723,0,290488,-15,-1281,False,53.062,54.656,52.312
323.76739597320557,0.09126543998718262,0,290500,-15,-1281,False,53.062,54.656,52.312
323.85523223876953,0.08783626556396484,0,290500,-15,-1281,False,53.062,54.656,52.312
323.9270086288452,0.0717763900756836,0,290510,-15,-1281,False,53.062,54.656,52.312
323.9898431301117,0.06283450126647949,0,290521,-15,-1281,False,53.062,54.656,52.312
324.0701639652252,0.08032083511352539,0,290521,-15,-1281,False,53.062,54.656,52.312
324.13270139694214,0.06253743171691895,0,290532,-15,-1281,False,53.062,54.656,52.312
324.19713616371155,0.06443476676940918,0,290542,-15,-1281,False,53.062,54.656,52.312
324.30941581726074,0.11227965354919434,0,290553,-15,-1281,False,53.062,54.656,52.312
324.38807463645935,0.0786588191986084,0,290563,-15,-1281,False,53.062,54.656,52.312
324.45213437080383,0.06405973434448242,0,290563,-15,-1281,False,53.062,54.656,52.312
324.512619972229,0.0604856014251709,0,290574,-15,-1281,False,53.187,54.312,52.375
324.61349296569824,0.10087299346923828,0,290585,-15,-1281,False,53.187,54.312,52.375
324.677800655365,0.06430768966674805,0,290595,-15,-1281,False,53.187,54.312,52.375
324.74042892456055,0.06262826919555664,0,290595,-15,-1281,False,53.187,54.312,52.375
324.8013825416565,0.060953617095947266,0,290616,-15,-1282,False,53.187,54.312,52.375
324.9399073123932,0.13852477073669434,0,290616,-15,-1282,False,53.187,54.312,52.375
325.0091814994812,0.0692741870880127,0,290627,-15,-1281,False,53.187,54.312,52.375
325.07193994522095,0.0627584457397461,0,290638,-15,-1282,False,53.187,54.312,52.375
325.1420774459839,0.07013750076293945,0,290638,-15,-1282,False,53.187,54.312,52.375
325.2203631401062,0.07828569412231445,0,290648,-15,-1282,False,53.187,54.312,52.375
325.2820670604706,0.06170392036437988,0,290659,-15,-1282,False,53.187,54.312,52.375
325.34291911125183,0.06085205078125,0,290659,-15,-1282,False,53.187,54.312,52.375
325.4227705001831,0.07985138893127441,0,290679,-15,-1282,False,53.187,54.312,52.375
325.5360550880432,0.11328458786010742,0,290679,-15,-1282,False,53.187,54.312,52.375
325.60256147384644,0.06650638580322266,0,290689,-15,-1282,False,53.187,54.312,52.375
325.6635754108429,0.06101393699645996,0,290699,-15,-1282,False,53.187,54.312,52.375
325.7318756580353,0.06830024719238281,0,290710,-15,-1282,False,53.187,54.312,52.375
325.8337244987488,0.10184884071350098,0,290710,-15,-1282,False,53.187,54.312,52.375
325.8995780944824,0.06585359573364258,0,290719,-15,-1282,False,53.187,54.312,52.375
325.96053409576416,0.06095600128173828,0,290729,-15,-1282,False,53.187,54.312,52.375
326.07975482940674,0.11922073364257812,0,290740,-15,-1282,False,53.187,54.312,52.375
326.164696931839,0.08494210243225098,0,290750,-15,-1282,False,53.187,54.312,52.375
326.23664569854736,0.07194876670837402,0,290750,-15,-1282,False,53.187,54.312,52.375
326.31985330581665,0.08320760726928711,0,290761,-15,-1282,False,53.187,54.312,52.375
326.42136096954346,0.10150766372680664,0,290771,-15,-1282,False,53.187,54.312,52.375
326.4913420677185,0.06998109817504883,0,290781,-15,-1282,False,53.187,54.312,52.375
326.5585877895355,0.0672457218170166,0,290792,-15,-1283,False,53.187,54.437,52.343
326.6826705932617,0.12408280372619629,0,290802,-15,-1283,False,53.187,54.437,52.343
326.7600555419922,0.07738494873046875,0,290802,-15,-1283,False,53.187,54.437,52.343
326.8294749259949,0.06941938400268555,0,290814,-15,-1283,False,53.187,54.437,52.343
326.89064621925354,0.06117129325866699,0,290825,-15,-1283,False,53.187,54.437,52.343
326.9733917713165,0.08274555206298828,0,290835,-15,-1284,False,53.187,54.437,52.343
327.04941272735596,0.07602095603942871,0,290835,-15,-1284,False,53.187,54.437,52.343
327.1108820438385,0.061469316482543945,0,290846,-15,-1284,False,53.187,54.437,52.343
327.171261548996,0.0603795051574707,0,290858,-15,-1284,False,53.187,54.437,52.343
327.25012493133545,0.07886338233947754,0,290858,-15,-1284,False,53.187,54.437,52.343
327.3139660358429,0.06384110450744629,0,290869,-15,-1284,False,53.187,54.437,52.343
327.37596321105957,0.061997175216674805,0,290880,-15,-1284,False,53.187,54.437,52.343
327.47925424575806,0.10329103469848633,0,290891,-15,-1284,False,53.187,54.437,52.343
327.55970096588135,0.08044672012329102,0,290903,-15,-1284,False,53.187,54.437,52.343
327.6278290748596,0.06812810897827148,0,290903,-15,-1284,False,53.187,54.437,52.343
327.689190864563,0.06136178970336914,0,290914,-15,-1284,False,53.187,54.437,52.343
327.7708225250244,0.08163166046142578,0,290925,-15,-1284,False,53.187,54.437,52.343
327.84057211875916,0.06974959373474121,0,290925,-15,-1284,False,53.187,54.437,52.343
327.901558637619,0.06098651885986328,0,290936,-15,-1284,False,53.187,54.437,52.343
327.96097016334534,0.05941152572631836,0,290947,-15,-1284,False,53.187,54.437,52.343
328.07357144355774,0.11260128021240234,0,290958,-15,-1284,False,53.187,54.437,52.343
328.1477665901184,0.07419514656066895,0,290968,-15,-1284,False,53.187,54.437,52.343
328.2162766456604,0.06851005554199219,0,290968,-15,-1284,False,53.187,54.437,52.343
328.2985692024231,0.08229255676269531,0,290979,-15,-1284,False,53.187,54.437,52.343
328.3858869075775,0.08731770515441895,0,290990,-15,-1283,False,53.187,54.437,52.343
328.45544242858887,0.06955552101135254,0,291000,-15,-1283,False,53.187,54.437,52.343
328.5239622592926,0.06851983070373535,0,291000,-15,-1283,False,53.187,54.437,52.343
328.5923008918762,0.06833863258361816,0,291011,-15,-1283,False,53.375,54.625,52.375
328.6812586784363,0.0889577865600586,0,291022,-15,-1283,False,53.375,54.625,52.375
328.7455735206604,0.0643148422241211,0,291032,-15,-1283,False,53.375,54.625,52.375
328.8072588443756,0.06168532371520996,0,291032,-15,-1283,False,53.375,54.625,52.375
328.8851103782654,0.07785153388977051,0,291043,-15,-1282,False,53.375,54.625,52.375
328.96944761276245,0.08433723449707031,0,291053,-15,-1282,False,53.375,54.625,52.375
329.03553795814514,0.06609034538269043,0,291063,-15,-1282,False,53.375,54.625,52.375
329.1010274887085,0.06548953056335449,0,291063,-15,-1282,False,53.375,54.625,52.375
329.1616771221161,0.06064963340759277,0,291074,-15,-1282,False,53.375,54.625,52.375
329.2602140903473,0.09853696823120117,0,291083,-15,-1282,False,53.375,54.625,52.375
329.33091926574707,0.07070517539978027,0,291083,-15,-1282,False,53.375,54.625,52.375
329.3957715034485,0.06485223770141602,0,291093,-15,-1282,False,53.375,54.625,52.375
329.45626997947693,0.06049847602844238,0,291103,-15,-1282,False,53.375,54.625,52.375
329.55499029159546,0.09872031211853027,0,291113,-15,-1282,False,53.375,54.625,52.375
329.62531876564026,0.0703284740447998,0,291113,-15,-1282,False,53.375,54.625,52.375
329.69261050224304,0.0672917366027832,0,291123,-15,-1282,False,53.375,54.625,52.375
329.75381875038147,0.061208248138427734,0,291132,-15,-1282,False,53.375,54.625,52.375
329.84889554977417,0.0950767993927002,0,291142,-15,-1282,False,53.375,54.625,52.375
329.91935563087463,0.07046008110046387,0,291142,-15,-1282,False,53.375,54.625,52.375
329.9860415458679,0.06668591499328613,0,291151,-15,-1282,False,53.375,54.625,52.375
330.04667806625366,0.06063652038574219,0,291162,-15,-1282,False,53.375,54.625,52.375
330.14265155792236,0.09597349166870117,0,291171,-15,-1282,False,53.375,54.625,52.375
330.21454310417175,0.07189154624938965,0,291171,-15,-1282,False,53.375,54.625,52.375
330.28204679489136,0.06750369071960449,0,291181,-15,-1282,False,53.375,54.625,52.375
330.3588192462921,0.07677245140075684,0,291190,-15,-1282,False,53.375,54.625,52.375
330.4497981071472,0.09097886085510254,0,291199,-15,-1282,False,53.375,54.625,52.375
330.51631712913513,0.06651902198791504,0,291199,-15,-1282,False,53.375,54.625,52.375
330.5776255130768,0.06130838394165039,0,291208,-15,-1282,False,53.375,54.625,52.375
330.64938259124756,0.07175707817077637,0,291218,-15,-1282,False,53.343,54.343,52.343
330.73966431617737,0.09028172492980957,0,291227,-15,-1282,False,53.343,54.343,52.343
330.8076362609863,0.06797194480895996,0,291227,-15,-1282,False,53.343,54.343,52.343
330.8741216659546,0.06648540496826172,0,291236,-15,-1282,False,53.343,54.343,52.343
330.9420380592346,0.0679163932800293,0,291246,-15,-1282,False,53.343,54.343,52.343
331.02801728248596,0.08597922325134277,0,291254,-15,-1282,False,53.343,54.343,52.343
331.09543442726135,0.06741714477539062,0,291254,-15,-1282,False,53.343,54.343,52.343
331.156849861145,0.06141543388366699,0,291263,-15,-1282,False,53.343,54.343,52.343
331.21747064590454,0.060620784759521484,0,291272,-15,-1282,False,53.343,54.343,52.343
331.2972774505615,0.07980680465698242,0,291272,-15,-1282,False,53.343,54.343,52.343
331.3618252277374,0.06454777717590332,0,291282,-15,-1282,False,53.343,54.343,52.343
331.42231249809265,0.06048727035522461,0,291291,-15,-1282,False,53.343,54.343,52.343
331.48310899734497,0.060796499252319336,0,291291,-15,-1282,False,53.343,54.343,52.343
331.5685386657715,0.08542966842651367,0,291299,-15,-1282,False,53.343,54.343,52.343
331.63242530822754,0.06388664245605469,0,291309,-15,-1282,False,53.343,54.343,52.343
331.696191072464,0.0637657642364502,0,291318,-15,-1282,False,53.343,54.343,52.343
331.82119822502136,0.12500715255737305,0,291327,-15,-1282,False,53.343,54.343,52.343
331.90611386299133,0.0849156379699707,0,291337,-15,-1282,False,53.343,54.343,52.343
331.9800434112549,0.0739295482635498,0,291337,-15,-1282,False,53.343,54.343,52.343
332.0498843193054,0.06984090805053711,0,291346,-15,-1282,False,53.343,54.343,52.343
332.1357309818268,0.0858466625213623,0,291355,-15,-1282,False,53.343,54.343,52.343
332.19962453842163,0.06389355659484863,0,291365,-15,-1283,False,53.343,54.343,52.343
332.2751922607422,0.07556772232055664,0,291374,-15,-1283,False,53.343,54.343,52.343
332.4026906490326,0.12749838829040527,0,291384,-15,-1283,False,53.343,54.343,52.343
332.4940323829651,0.09134173393249512,0,291394,-15,-1283,False,53.343,54.343,52.343
332.5720558166504,0.07802343368530273,0,291394,-15,-1283,False,53.343,54.343,52.343
332.6470031738281,0.07494735717773438,0,291403,-15,-1283,False,53.343,54.343,52.343
332.7389380931854,0.0919349193572998,0,291414,-15,-1283,False,53.0,54.281,52.281
332.8170177936554,0.0780797004699707,0,291423,-15,-1282,False,53.0,54.281,52.281
332.88027119636536,0.06325340270996094,0,291433,-15,-1283,False,53.0,54.281,52.281
332.9856836795807,0.10541248321533203,0,291442,-15,-1283,False,53.0,54.281,52.281
333.06845688819885,0.08277320861816406,0,291442,-15,-1283,False,53.0,54.281,52.281
333.13700819015503,0.06855130195617676,0,291451,-15,-1283,False,53.0,54.281,52.281
333.1991922855377,0.06218409538269043,0,291461,-15,-1283,False,53.0,54.281,52.281
333.3002276420593,0.10103535652160645,0,291470,-15,-1283,False,53.0,54.281,52.281
333.37095975875854,0.07073211669921875,0,291470,-15,-1283,False,53.0,54.281,52.281
333.438054561615,0.06709480285644531,0,291480,-15,-1283,False,53.0,54.281,52.281
333.4994149208069,0.06136035919189453,0,291490,-15,-1283,False,53.0,54.281,52.281
333.5997004508972,0.10028553009033203,0,291499,-15,-1283,False,53.0,54.281,52.281
333.66929292678833,0.06959247589111328,0,291499,-15,-1283,False,53.0,54.281,52.281
333.7314615249634,0.06216859817504883,0,291508,-15,-1283,False,53.0,54.281,52.281
333.7922213077545,0.060759782791137695,0,291518,-15,-1283,False,53.0,54.281,52.281
333.91273379325867,0.12051248550415039,0,291527,-15,-1283,False,53.0,54.281,52.281
333.9866933822632,0.0739595890045166,0,291538,-15,-1283,False,53.0,54.281,52.281
334.0528004169464,0.06610703468322754,0,291538,-15,-1283,False,53.0,54.281,52.281
334.1213188171387,0.06851840019226074,0,291547,-15,-1283,False,53.0,54.281,52.281
334.2023868560791,0.08106803894042969,0,291557,-15,-1283,False,53.0,54.281,52.281
334.2664165496826,0.06402969360351562,0,291557,-15,-1283,False,53.0,54.281,52.281
334.32949781417847,0.06308126449584961,0,291566,-15,-1283,False,53.0,54.281,52.281
334.4037368297577,0.07423901557922363,0,291575,-15,-1283,False,53.0,54.281,52.281
334.49193596839905,0.08819913864135742,0,291585,-15,-1283,False,53.0,54.281,52.281
334.5563361644745,0.06440019607543945,0,291585,-15,-1283,False,53.0,54.281,52.281
334.6186592578888,0.06232309341430664,0,291594,-15,-1283,False,53.0,54.281,52.281
334.67964458465576,0.06098532676696777,0,291604,-15,-1283,False,53.0,54.281,52.281
334.79743218421936,0.11778759956359863,0,291613,-15,-1283,False,53.375,54.625,52.375
334.87812638282776,0.08069419860839844,0,291613,-15,-1283,False,53.375,54.625,52.375
334.9444468021393,0.06632041931152344,0,291631,-15,-1283,False,53.375,54.625,52.375
335.0623941421509,0.11794734001159668,0,291640,-15,-1283,False,53.375,54.625,52.375
335.15521121025085,0.09281706809997559,0,291640,-15,-1283,False,53.375,54.625,52.375
335.2335135936737,0.07830238342285156,0,291658,-15,-1283,False,53.375,54.625,52.375
335.36474204063416,0.13122844696044922,0,291666,-15,-1283,False,53.375,54.625,52.375
335.45426297187805,0.08952093124389648,0,291666,-15,-1283,False,53.375,54.625,52.375
335.52819871902466,0.07393574714660645,0,291675,-15,-1283,False,53.375,54.625,52.375
335.59887957572937,0.07068085670471191,0,291684,-15,-1282,False,53.375,54.625,52.375
335.69668650627136,0.09780693054199219,0,291693,-15,-1282,False,53.375,54.625,52.375
335.7639865875244,0.06730008125305176,0,291693,-15,-1282,False,53.375,54.625,52.375
335.8253264427185,0.0613398551940918,0,291702,-15,-1282,False,53.375,54.625,52.375
335.8968930244446,0.07156658172607422,0,291710,-15,-1282,False,53.375,54.625,52.375
335.9821152687073,0.08522224426269531,0,291718,-15,-1282,False,53.375,54.625,52.375
336.0452160835266,0.06310081481933594,0,291718,-15,-1282,False,53.375,54.625,52.375
336.10739254951477,0.06217646598815918,0,291726,-15,-1282,False,53.375,54.625,52.375
336.1666741371155,0.05928158760070801,0,291735,-15,-1283,False,53.375,54.625,52.375
336.26668071746826,0.1000065803527832,0,291735,-15,-1283,False,53.375,54.625,52.375
336.33298230171204,0.06630158424377441,0,291744,-15,-1282,False,53.375,54.625,52.375
336.3941843509674,0.061202049255371094,0,291752,-15,-1283,False,53.375,54.625,52.375
336.4537103176117,0.05952596664428711,0,291761,-15,-1282,False,53.375,54.625,52.375
336.56609201431274,0.1123816967010498,0,291769,-15,-1282,False,53.375,54.625,52.375
336.63941407203674,0.07332205772399902,0,291769,-15,-1282,False,53.375,54.625,52.375
336.70657992362976,0.06716585159301758,0,291779,-15,-1282,False,53.375,54.625,52.375
336.78398633003235,0.07740640640258789,0,291787,-15,-1282,False,53.375,54.625,52.375
336.8714249134064,0.08743858337402344,0,291796,-15,-1282,False,53.093,54.437,52.406
336.9520478248596,0.08062291145324707,0,291796,-15,-1282,False,53.093,54.437,52.406
337.0155346393585,0.06348681449890137,0,291806,-15,-1282,False,53.093,54.437,52.406
337.11461639404297,0.09908175468444824,0,291814,-15,-1282,False,53.093,54.437,52.406
337.2050886154175,0.09047222137451172,0,291824,-15,-1282,False,53.093,54.437,52.406
337.2753903865814,0.07030177116394043,0,291833,-15,-1282,False,53.093,54.437,52.406
337.34164929389954,0.06625890731811523,0,291842,-15,-1282,False,53.093,54.437,52.406
337.4362065792084,0.09455728530883789,0,291842,-15,-1282,False,53.093,54.437,52.406
337.50603556632996,0.06982898712158203,0,291852,-15,-1282,False,53.093,54.437,52.406
337.5698037147522,0.06376814842224121,0,291862,-15,-1282,False,53.093,54.437,52.406
337.6303446292877,0.06054091453552246,0,291871,-15,-1282,False,53.093,54.437,52.406
337.7422778606415,0.11193323135375977,0,291871,-15,-1282,False,53.093,54.437,52.406
337.81585788726807,0.07358002662658691,0,291881,-15,-1282,False,53.093,54.437,52.406
337.88430881500244,0.068450927734375,0,291891,-15,-1282,False,53.093,54.437,52.406
337.96427273750305,0.07996392250061035,0,291900,-15,-1281,False,53.093,54.437,52.406
338.04759097099304,0.08331823348999023,0,291900,-15,-1281,False,53.093,54.437,52.406
338.11450147628784,0.0669105052947998,0,291909,-15,-1281,False,53.093,54.437,52.406
338.17978405952454,0.06528258323669434,0,291919,-15,-1281,False,53.093,54.437,52.406
338.3030424118042,0.12325835227966309,0,291929,-15,-1281,False,53.093,54.437,52.406
338.3920114040375,0.08896899223327637,0,291938,-15,-1281,False,53.093,54.437,52.406
338.46357560157776,0.0715641975402832,0,291947,-15,-1281,False,53.093,54.437,52.406
338.55967688560486,0.09610128402709961,0,291956,-15,-1281,False,53.093,54.437,52.406
338.65551590919495,0.09583902359008789,0,291966,-15,-1281,False,53.093,54.437,52.406
338.7312443256378,0.0757284164428711,0,291975,-15,-1281,False,53.093,54.437,52.406
338.81236457824707,0.08112025260925293,0,291984,-15,-1281,False,53.093,54.437,52.406
338.9147901535034,0.10242557525634766,0,291984,-15,-1281,False,52.812,54.625,52.343
338.9944293498993,0.07963919639587402,0,291994,-15,-1281,False,52.812,54.625,52.343
339.0633556842804,0.06892633438110352,0,292012,-15,-1281,False,52.812,54.625,52.343
339.2190012931824,0.15564560890197754,0,292021,-15,-1281,False,52.812,54.625,52.343
339.31404662132263,0.09504532814025879,0,292021,-15,-1281,False,52.812,54.625,52.343
339.3825433254242,0.0684967041015625,0,292030,-15,-1281,False,52.812,54.625,52.343
339.484135389328,0.1015920639038086,0,292040,-15,-1281,False,52.812,54.625,52.343
339.573201417923,0.0890660285949707,0,292048,-15,-1281,False,52.812,54.625,52.343
339.6440989971161,0.07089757919311523,0,292057,-15,-1281,False,52.812,54.625,52.343
339.7261302471161,0.08203125,0,292066,-15,-1281,False,52.812,54.625,52.343
339.8154158592224,0.08928561210632324,0,292066,-15,-1281,False,52.812,54.625,52.343
339.8847267627716,0.06931090354919434,0,292075,-15,-1281,False,52.812,54.625,52.343
339.9514503479004,0.06672358512878418,0,292084,-15,-1281,False,52.812,54.625,52.343
340.10584568977356,0.15439534187316895,0,292101,-15,-1281,False,52.812,54.625,52.343
340.203444480896,0.09759879112243652,0,292101,-15,-1281,False,52.812,54.625,52.343
340.27901697158813,0.07557249069213867,0,292109,-15,-1281,False,52.812,54.625,52.343
340.3809356689453,0.10191869735717773,0,292117,-15,-1281,False,52.812,54.625,52.343
340.46919870376587,0.08826303482055664,0,292126,-15,-1281,False,52.812,54.625,52.343
340.5468168258667,0.07761812210083008,0,292134,-15,-1281,False,52.812,54.625,52.343
340.6213195323944,0.07450270652770996,0,292143,-15,-1281,False,52.812,54.625,52.343
340.69903349876404,0.0777139663696289,0,292143,-15,-1281,False,52.812,54.625,52.343
340.7634949684143,0.06446146965026855,0,292152,-15,-1281,False,52.812,54.625,52.343
340.825852394104,0.062357425689697266,0,292160,-15,-1281,False,52.812,54.625,52.343
340.90495800971985,0.07910561561584473,0,292160,-15,-1281,False,52.812,54.625,52.343
340.9793224334717,0.07436442375183105,0,292169,-15,-1281,False,53.0,54.281,52.281
341.06086134910583,0.08153891563415527,0,292177,-15,-1281,False,53.0,54.281,52.281
341.13937616348267,0.07851481437683105,0,292185,-15,-1281,False,53.0,54.281,52.281
341.22688698768616,0.08751082420349121,0,292194,-15,-1282,False,53.0,54.281,52.281
341.2937979698181,0.06691098213195801,0,292194,-15,-1282,False,53.0,54.281,52.281
341.3556544780731,0.06185650825500488,0,292202,-15,-1282,False,53.0,54.281,52.281
341.46225929260254,0.10660481452941895,0,292211,-15,-1286,False,53.0,54.281,52.281
341.5301320552826,0.06787276268005371,0,292220,-15,-1287,False,53.0,54.281,52.281
341.59136986732483,0.06123781204223633,0,292220,-15,-1287,False,53.0,54.281,52.281
341.6629145145416,0.07154464721679688,0,292228,-15,-1287,False,53.0,54.281,52.281
341.7386567592621,0.07574224472045898,0,292237,-15,-1287,False,53.0,54.281,52.281
341.80660700798035,0.06795024871826172,0,292237,-15,-1287,False,53.0,54.281,52.281
341.8673241138458,0.060717105865478516,0,292246,-15,-1287,False,53.0,54.281,52.281
341.94579100608826,0.07846689224243164,0,292256,-15,-1287,False,53.0,54.281,52.281
342.01615715026855,0.07036614418029785,0,292256,-15,-1287,False,53.0,54.281,52.281
342.0782079696655,0.062050819396972656,0,292264,-15,-1287,False,53.0,54.281,52.281
342.13868403434753,0.060476064682006836,0,292274,-15,-1287,False,53.0,54.281,52.281
342.22887229919434,0.09018826484680176,0,292284,-15,-1287,False,53.0,54.281,52.281
342.29807209968567,0.06919980049133301,0,292284,-15,-1287,False,53.0,54.281,52.281
342.35852694511414,0.0604548454284668,0,292293,-15,-1287,False,53.0,54.281,52.281
342.4194085597992,0.060881614685058594,0,292304,-15,-1287,False,53.0,54.281,52.281
342.5033800601959,0.08397150039672852,0,292304,-15,-1287,False,53.0,54.281,52.281
342.5702292919159,0.0668492317199707,0,292313,-15,-1287,False,53.0,54.281,52.281
342.6307454109192,0.0605161190032959,0,292324,-15,-1287,False,53.0,54.281,52.281
342.7158570289612,0.08511161804199219,0,292334,-15,-1287,False,53.0,54.281,52.281
342.7868618965149,0.07100486755371094,0,292334,-15,-1287,False,53.0,54.281,52.281
342.84774518013,0.060883283615112305,0,292345,-15,-1287,False,53.0,54.281,52.281
342.90833377838135,0.06058859825134277,0,292356,-15,-1287,False,53.0,54.281,52.281
342.9974467754364,0.08911299705505371,0,292366,-15,-1287,False,53.218,54.343,52.343
343.0746829509735,0.07723617553710938,0,292366,-15,-1287,False,53.218,54.343,52.343
343.1362030506134,0.06152009963989258,0,292377,-15,-1287,False,53.218,54.343,52.343
343.19845056533813,0.062247514724731445,0,292388,-15,-1284,False,53.218,54.343,52.343
343.2837562561035,0.08530569076538086,0,292388,-15,-1284,False,53.218,54.343,52.343
343.3456563949585,0.06190013885498047,0,292399,-15,-1281,False,53.218,54.343,52.343
343.40561604499817,0.05995965003967285,0,292409,-15,-1280,False,53.218,54.343,52.343
343.51118183135986,0.10556578636169434,0,292420,-15,-1280,False,53.218,54.343,52.343
343.59314942359924,0.08196759223937988,0,292420,-15,-1280,False,53.218,54.343,52.343
343.6543312072754,0.06118178367614746,0,292431,-15,-1280,False,53.218,54.343,52.343
343.7140357494354,0.05970454216003418,0,292441,-15,-1280,False,53.218,54.343,52.343
343.7894139289856,0.0753781795501709,0,292441,-15,-1280,False,53.218,54.343,52.343
343.8615605831146,0.07214665412902832,0,292451,-15,-1280,False,53.218,54.343,52.343
343.92265725135803,0.0610966682434082,0,292461,-15,-1280,False,53.218,54.343,52.343
343.9829168319702,0.06025958061218262,0,292461,-15,-1280,False,53.218,54.343,52.343
344.0549261569977,0.07200932502746582,0,292472,-15,-1280,False,53.218,54.343,52.343
344.1151373386383,0.060211181640625,0,292482,-15,-1280,False,53.218,54.343,52.343
344.17640471458435,0.06126737594604492,0,292482,-15,-1280,False,53.218,54.343,52.343
344.2361378669739,0.05973315238952637,0,292492,-15,-1280,False,53.218,54.343,52.343
344.3102614879608,0.07412362098693848,0,292502,-15,-1280,False,53.218,54.343,52.343
344.38366985321045,0.07340836524963379,0,292502,-15,-1280,False,53.218,54.343,52.343
344.44399070739746,0.06032085418701172,0,292513,-15,-1280,False,53.218,54.343,52.343
344.50399589538574,0.06000518798828125,0,292523,-15,-1280,False,53.218,54.343,52.343
344.6212978363037,0.11730194091796875,0,292534,-15,-1280,False,53.218,54.343,52.343
344.70081090927124,0.0795130729675293,0,292544,-15,-1280,False,53.218,54.343,52.343
344.7710750102997,0.07026410102844238,0,292544,-15,-1280,False,53.218,54.343,52.343
344.8552758693695,0.08420085906982422,0,292554,-15,-1280,False,53.218,54.343,52.343
344.9472641944885,0.09198832511901855,0,292565,-15,-1280,False,53.218,54.343,52.343
345.01525354385376,0.06798934936523438,0,292575,-15,-1280,False,53.125,54.281,52.375
345.0882866382599,0.07303309440612793,0,292586,-15,-1280,False,53.125,54.281,52.375
345.1951320171356,0.10684537887573242,0,292597,-15,-1280,False,53.125,54.281,52.375
345.28352093696594,0.08838891983032227,0,292597,-15,-1280,False,53.125,54.281,52.375
345.3582515716553,0.07473063468933105,0,292607,-15,-1280,False,53.125,54.281,52.375
345.4244329929352,0.06618142127990723,0,292617,-15,-1280,False,53.125,54.281,52.375
345.5101454257965,0.08571243286132812,0,292628,-15,-1280,False,53.125,54.281,52.375
345.5782563686371,0.06811094284057617,0,292628,-15,-1280,False,53.125,54.281,52.375
345.639652967453,0.06139659881591797,0,292639,-15,-1280,False,53.125,54.281,52.375
345.711421251297,0.07176828384399414,0,292649,-15,-1280,False,53.125,54.281,52.375
345.8069441318512,0.09552288055419922,0,292659,-15,-1280,False,53.125,54.281,52.375
345.87942719459534,0.07248306274414062,0,292659,-15,-1280,False,53.125,54.281,52.375
345.9515109062195,0.07208371162414551,0,292669,-15,-1280,False,53.125,54.281,52.375
346.02311062812805,0.07159972190856934,0,292679,-15,-1280,False,53.125,54.281,52.375
346.1182818412781,0.09517121315002441,0,292690,-15,-1280,False,53.125,54.281,52.375
346.18465995788574,0.06637811660766602,0,292701,-15,-1280,False,53.125,54.281,52.375
346.25181245803833,0.06715250015258789,0,292701,-15,-1280,False,53.125,54.281,52.375
346.33050894737244,0.07869648933410645,0,292711,-15,-1280,False,53.125,54.281,52.375
346.4254689216614,0.09495997428894043,0,292721,-15,-1280,False,53.125,54.281,52.375
346.49233174324036,0.06686282157897949,0,292731,-15,-1280,False,53.125,54.281,52.375
346.56937766075134,0.07704591751098633,0,292731,-15,-1280,False,53.125,54.281,52.375
346.64083552360535,0.0714578628540039,0,292742,-15,-1280,False,53.125,54.281,52.375
346.71971368789673,0.07887816429138184,0,292752,-15,-1280,False,53.125,54.281,52.375
346.7831575870514,0.06344389915466309,0,292763,-15,-1280,False,53.125,54.281,52.375
346.8461410999298,0.06298351287841797,0,292763,-15,-1280,False,53.125,54.281,52.375
346.92725682258606,0.08111572265625,0,292773,-15,-1280,False,53.125,54.281,52.375
347.0166976451874,0.08944082260131836,0,292784,-15,-1280,False,53.125,54.281,52.375
347.08427381515503,0.06757616996765137,0,292796,-15,-1280,False,53.0,54.343,52.312
347.16437292099,0.08009910583496094,0,292807,-15,-1280,False,53.0,54.343,52.312
347.27896666526794,0.1145937442779541,0,292818,-15,-1280,False,53.0,54.343,52.312
347.3656096458435,0.08664298057556152,0,292829,-15,-1280,False,53.0,54.343,52.312
347.4409520626068,0.07534241676330566,0,292829,-15,-1280,False,53.0,54.343,52.312
347.51924204826355,0.07828998565673828,0,292841,-15,-1280,False,53.0,54.343,52.312
347.6070554256439,0.0878133773803711,0,292853,-15,-1279,False,53.0,54.343,52.312
347.6736264228821,0.06657099723815918,0,292864,-15,-1280,False,53.0,54.343,52.312
347.7396101951599,0.06598377227783203,0,292864,-15,-1280,False,53.0,54.343,52.312
347.8168478012085,0.07723760604858398,0,292875,-15,-1279,False,53.0,54.343,52.312
347.90547156333923,0.0886237621307373,0,292887,-15,-1279,False,53.0,54.343,52.312
347.9716911315918,0.06621956825256348,0,292898,-15,-1280,False,53.0,54.343,52.312
348.03592562675476,0.06423449516296387,0,292898,-15,-1280,False,53.0,54.343,52.312
348.10995292663574,0.07402729988098145,0,292909,-15,-1279,False,53.0,54.343,52.312
348.21668457984924,0.10673165321350098,0,292920,-15,-1279,False,53.0,54.343,52.312
348.2900629043579,0.07337832450866699,0,292932,-15,-1279,False,53.0,54.343,52.312
348.35463070869446,0.06456780433654785,0,292943,-15,-1279,False,53.0,54.343,52.312
348.4749484062195,0.12031769752502441,0,292954,-15,-1279,False,53.0,54.343,52.312
348.5561640262604,0.08121562004089355,0,292965,-15,-1279,False,53.0,54.343,52.312
348.6281032562256,0.07193922996520996,0,292965,-15,-1279,False,53.0,54.343,52.312
348.6908588409424,0.06275558471679688,0,292986,-15,-1279,False,53.0,54.343,52.312
348.81489157676697,0.12403273582458496,0,292986,-15,-1279,False,53.0,54.343,52.312
348.88836669921875,0.07347512245178223,0,292997,-15,-1279,False,53.0,54.343,52.312
348.9533624649048,0.06499576568603516,0,293008,-15,-1279,False,53.0,54.343,52.312
349.0665407180786,0.11317825317382812,0,293019,-15,-1279,False,53.0,54.343,52.312
349.15500116348267,0.08846044540405273,0,293030,-15,-1279,False,52.906,54.281,52.343
349.2340614795685,0.07906031608581543,0,293030,-15,-1279,False,52.906,54.281,52.343
349.3052842617035,0.07122278213500977,0,293041,-15,-1279,False,52.906,54.281,52.343
349.39811658859253,0.09283232688903809,0,293052,-15,-1279,False,52.906,54.281,52.343
349.4643542766571,0.0662376880645752,0,293063,-15,-1279,False,52.906,54.281,52.343
349.52970480918884,0.06535053253173828,0,293063,-15,-1279,False,52.906,54.281,52.343
349.59911727905273,0.0694124698638916,0,293073,-15,-1279,False,52.906,54.281,52.343
349.68400025367737,0.08488297462463379,0,293084,-15,-1279,False,52.906,54.281,52.343
349.7477717399597,0.06377148628234863,0,293094,-15,-1279,False,52.906,54.281,52.343
349.8115348815918,0.06376314163208008,0,293094,-15,-1279,False,52.906,54.281,52.343
349.88439559936523,0.0728607177734375,0,293104,-15,-1279,False,52.906,54.281,52.343
349.972106218338,0.08771061897277832,0,293115,-15,-1279,False,52.906,54.281,52.343
350.0383999347687,0.06629371643066406,0,293124,-15,-1279,False,52.906,54.281,52.343
350.1078381538391,0.06943821907043457,0,293124,-15,-1279,False,52.906,54.281,52.343
350.1836986541748,0.07586050033569336,0,293135,-15,-1279,False,52.906,54.281,52.343
350.2659857273102,0.08228707313537598,0,293145,-15,-1279,False,52.906,54.281,52.343
350.3310627937317,0.06507706642150879,0,293145,-15,-1279,False,52.906,54.281,52.343
350.39354181289673,0.06247901916503906,0,293155,-15,-1279,False,52.906,54.281,52.343
350.4540157318115,0.06047391891479492,0,293166,-15,-1279,False,52.906,54.281,52.343
350.55650210380554,0.10248637199401855,0,293176,-15,-1279,False,52.906,54.281,52.343
350.624685049057,0.06818294525146484,0,293176,-15,-1279,False,52.906,54.281,52.343
350.6865408420563,0.06185579299926758,0,293186,-15,-1279,False,52.906,54.281,52.343
350.746675491333,0.0601346492767334,0,293197,-15,-1279,False,52.906,54.281,52.343
350.846937417984,0.10026192665100098,0,293206,-15,-1280,False,52.906,54.281,52.343
350.92031931877136,0.07338190078735352,0,293206,-15,-1280,False,52.906,54.281,52.343
350.98320841789246,0.06288909912109375,0,293217,-15,-1280,False,52.906,54.281,52.343
351.06250858306885,0.0793001651763916,0,293227,-15,-1280,False,52.906,54.281,52.343
351.14566707611084,0.08315849304199219,0,293238,-15,-1280,False,52.906,54.281,52.343
351.2132878303528,0.06762075424194336,0,293249,-15,-1280,False,53.093,54.625,52.375
351.29638266563416,0.08309483528137207,0,293259,-15,-1280,False,53.093,54.625,52.375
351.42173767089844,0.12535500526428223,0,293271,-15,-1280,False,53.093,54.625,52.375
351.5092399120331,0.08750224113464355,0,293271,-15,-1280,False,53.093,54.625,52.375
351.58174872398376,0.0725088119506836,0,293281,-15,-1280,False,53.093,54.625,52.375
351.6561448574066,0.07439613342285156,0,293292,-15,-1280,False,53.093,54.625,52.375
351.74166107177734,0.08551621437072754,0,293303,-15,-1280,False,53.093,54.625,52.375
351.8087773323059,0.06711626052856445,0,293303,-15,-1280,False,53.093,54.625,52.375
351.86950159072876,0.06072425842285156,0,293314,-15,-1280,False,53.093,54.625,52.375
351.93389320373535,0.0643916130065918,0,293325,-15,-1280,False,53.093,54.625,52.375
352.04447507858276,0.11058187484741211,0,293336,-15,-1280,False,53.093,54.625,52.375
352.1163926124573,0.07191753387451172,0,293347,-15,-1280,False,53.093,54.625,52.375
352.18759179115295,0.07119917869567871,0,293347,-15,-1280,False,53.093,54.625,52.375
352.2603943347931,0.07280254364013672,0,293359,-15,-1280,False,53.093,54.625,52.375
352.3455684185028,0.0851740837097168,0,293370,-15,-1280,False,53.093,54.625,52.375
352.40966415405273,0.06409573554992676,0,293370,-15,-1280,False,53.093,54.625,52.375
352.47287344932556,0.06320929527282715,0,293382,-15,-1280,False,53.093,54.625,52.375
352.55008339881897,0.0772099494934082,0,293393,-15,-1281,False,53.093,54.625,52.375
352.65621972084045,0.10613632202148438,0,293405,-15,-1281,False,53.093,54.625,52.375
352.72814321517944,0.07192349433898926,0,293416,-15,-1280,False,53.093,54.625,52.375
352.7942564487457,0.06611323356628418,0,293427,-15,-1280,False,53.093,54.625,52.375
352.9116098880768,0.11735343933105469,0,293439,-15,-1281,False,53.093,54.625,52.375
352.99686765670776,0.08525776863098145,0,293439,-15,-1281,False,53.093,54.625,52.375
353.0738854408264,0.07701778411865234,0,293450,-15,-1281,False,53.093,54.625,52.375
353.1474392414093,0.07355380058288574,0,293461,-15,-1281,False,53.093,54.625,52.375
353.2290561199188,0.08161687850952148,0,293472,-15,-1281,False,53.218,54.281,52.375
353.30540108680725,0.07634496688842773,0,293472,-15,-1281,False,53.218,54.281,52.375
353.3674919605255,0.06209087371826172,0,293483,-15,-1281,False,53.218,54.281,52.375
353.4377429485321,0.0702509880065918,0,293494,-15,-1281,False,53.218,54.281,52.375
353.53310537338257,0.09536242485046387,0,293505,-15,-1281,False,53.218,54.281,52.375
353.59812092781067,0.06501555442810059,0,293505,-15,-1281,False,53.218,54.281,52.375
353.6589193344116,0.06079840660095215,0,293516,-15,-1281,False,53.218,54.281,52.375
353.7383966445923,0.07947731018066406,0,293527,-15,-1281,False,53.218,54.281,52.375
353.8247878551483,0.08639121055603027,0,293538,-15,-1281,False,53.218,54.281,52.375
353.8923304080963,0.06754255294799805,0,293538,-15,-1281,False,53.218,54.281,52.375
353.9568350315094,0.06450462341308594,0,293549,-15,-1281,False,53.218,54.281,52.375
354.028178691864,0.07134366035461426,0,293560,-15,-1281,False,53.218,54.281,52.375
354.1011652946472,0.07298660278320312,0,293560,-15,-1281,False,53.218,54.281,52.375
354.1638526916504,0.06268739700317383,0,293571,-15,-1281,False,53.218,54.281,52.375
354.2295422554016,0.0656895637512207,0,293582,-15,-1281,False,53.218,54.281,52.375
354.298446893692,0.06890463829040527,0,293592,-15,-1281,False,53.218,54.281,52.375
354.39333319664,0.09488630294799805,0,293592,-15,-1281,False,53.218,54.281,52.375
354.4581661224365,0.06483292579650879,0,293603,-15,-1281,False,53.218,54.281,52.375
354.52236247062683,0.06419634819030762,0,293613,-15,-1281,False,53.218,54.281,52.375
354.58811378479004,0.06575131416320801,0,293623,-15,-1282,False,53.218,54.281,52.375
354.6650061607361,0.07689237594604492,0,293623,-15,-1282,False,53.218,54.281,52.375
354.7259545326233,0.06094837188720703,0,293634,-15,-1282,False,53.218,54.281,52.375
354.78640389442444,0.06044936180114746,0,293644,-15,-1282,False,53.218,54.281,52.375
354.87393379211426,0.08752989768981934,0,293644,-15,-1282,False,53.218,54.281,52.375
354.94865822792053,0.07472443580627441,0,293655,-15,-1282,False,53.218,54.281,52.375
355.0099391937256,0.06128096580505371,0,293666,-15,-1282,False,53.218,54.281,52.375
355.07140254974365,0.061463356018066406,0,293666,-15,-1282,False,53.218,54.281,52.375
355.1595935821533,0.08819103240966797,0,293676,-15,-1282,False,53.218,54.281,52.375
355.2265808582306,0.06698727607727051,0,293687,-15,-1282,False,53.218,54.281,52.375
355.28990745544434,0.06332659721374512,0,293697,-15,-1282,False,53.343,54.5,52.375
355.3698523044586,0.07994484901428223,0,293708,-15,-1283,False,53.343,54.5,52.375
355.4555902481079,0.08573794364929199,0,293708,-15,-1283,False,53.343,54.5,52.375
355.5239427089691,0.06835246086120605,0,293719,-15,-1283,False,53.343,54.5,52.375
355.5946774482727,0.07073473930358887,0,293729,-15,-1283,False,53.343,54.5,52.375
355.6696696281433,0.07499217987060547,0,293729,-15,-1283,False,53.343,54.5,52.375
355.732666015625,0.06299638748168945,0,293740,-15,-1283,False,53.343,54.5,52.375
355.79351472854614,0.06084871292114258,0,293750,-15,-1283,False,53.343,54.5,52.375
355.85430932044983,0.06079459190368652,0,293750,-15,-1283,False,53.343,54.5,52.375
355.94811034202576,0.09380102157592773,0,293761,-15,-1283,False,53.343,54.5,52.375
356.02067375183105,0.07256340980529785,0,293771,-15,-1283,False,53.343,54.5,52.375
356.0809133052826,0.060239553451538086,0,293771,-15,-1283,False,53.343,54.5,52.375
356.1413187980652,0.06040549278259277,0,293781,-15,-1284,False,53.343,54.5,52.375
356.224130153656,0.08281135559082031,0,293792,-15,-1284,False,53.343,54.5,52.375
356.29768085479736,0.07355070114135742,0,293802,-15,-1284,False,53.343,54.5,52.375
356.3617146015167,0.06403374671936035,0,293802,-15,-1284,False,53.343,54.5,52.375
356.4224228858948,0.06070828437805176,0,293813,-15,-1284,False,53.343,54.5,52.375
356.51728653907776,0.0948636531829834,0,293824,-15,-1284,False,53.343,54.5,52.375
356.58674001693726,0.06945347785949707,0,293834,-15,-1285,False,53.343,54.5,52.375
356.66178369522095,0.0750436782836914,0,293845,-15,-1285,False,53.343,54.5,52.375
356.7503056526184,0.08852195739746094,0,293845,-15,-1285,False,53.343,54.5,52.375
356.8175230026245,0.06721735000610352,0,293856,-15,-1285,False,53.343,54.5,52.375
356.87778067588806,0.060257673263549805,0,293867,-15,-1285,False,53.343,54.5,52.375
356.9560561180115,0.07827544212341309,0,293867,-15,-1285,False,53.343,54.5,52.375
357.03223848342896,0.07618236541748047,0,293878,-15,-1285,False,53.343,54.5,52.375
357.0975341796875,0.06529569625854492,0,293889,-15,-1285,False,53.343,54.5,52.375
357.15811491012573,0.06058073043823242,0,293900,-15,-1285,False,53.343,54.5,52.375
357.25328397750854,0.0951690673828125,0,293900,-15,-1285,False,53.343,54.5,52.375
357.33187770843506,0.07859373092651367,0,293911,-15,-1286,False,53.125,54.375,52.406
357.40869545936584,0.07681775093078613,0,293922,-15,-1286,False,53.125,54.375,52.406
357.48064708709717,0.07195162773132324,0,293934,-15,-1286,False,53.125,54.375,52.406
357.5565781593323,0.07593107223510742,0,293934,-15,-1286,False,53.125,54.375,52.406
357.6195583343506,0.06298017501831055,0,293946,-15,-1286,False,53.125,54.375,52.406
357.6826550960541,0.06309676170349121,0,293958,-15,-1286,False,53.125,54.375,52.406
357.7844717502594,0.10181665420532227,0,293969,-15,-1286,False,53.125,54.375,52.406
357.85163474082947,0.06716299057006836,0,293969,-15,-1286,False,53.125,54.375,52.406
357.913871049881,0.06223630905151367,0,293981,-15,-1286,False,53.125,54.375,52.406
357.974426984787,0.06055593490600586,0,293992,-15,-1286,False,53.125,54.375,52.406
358.1103343963623,0.13590741157531738,0,294004,-15,-1285,False,53.125,54.375,52.406
358.1786653995514,0.06833100318908691,0,294015,-15,-1286,False,53.125,54.375,52.406
358.2419521808624,0.06328678131103516,0,294015,-15,-1286,False,53.125,54.375,52.406
358.3127896785736,0.07083749771118164,0,294025,-15,-1286,False,53.125,54.375,52.406
358.4189920425415,0.10620236396789551,0,294036,-15,-1285,False,53.125,54.375,52.406
358.48872351646423,0.06973147392272949,0,294046,-15,-1286,False,53.125,54.375,52.406
358.5504677295685,0.06174421310424805,0,294046,-15,-1286,False,53.125,54.375,52.406
358.61981320381165,0.06934547424316406,0,294068,-15,-1285,False,53.125,54.375,52.406
358.7331111431122,0.11329793930053711,0,294068,-15,-1285,False,53.125,54.375,52.406
358.8063247203827,0.07321357727050781,0,294077,-15,-1286,False,53.125,54.375,52.406
358.87110471725464,0.06477999687194824,0,294097,-15,-1286,False,53.125,54.375,52.406
359.0289878845215,0.1578831672668457,0,294097,-15,-1286,False,53.125,54.375,52.406
359.10545802116394,0.07647013664245605,0,294108,-15,-1286,False,53.125,54.375,52.406
359.1796205043793,0.07416248321533203,0,294118,-15,-1285,False,53.125,54.375,52.406
359.27626514434814,0.09664463996887207,0,294129,-15,-1286,False,53.125,54.375,52.406
359.3608160018921,0.08455085754394531,0,294139,-15,-1286,False,53.0,54.531,52.468
359.43767285346985,0.07685685157775879,0,294139,-15,-1286,False,53.0,54.531,52.468
359.50033617019653,0.06266331672668457,0,294160,-15,-1286,False,53.0,54.531,52.468
359.6177222728729,0.1173861026763916,0,294160,-15,-1286,False,53.0,54.531,52.468
359.6937687397003,0.07604646682739258,0,294170,-15,-1286,False,53.0,54.531,52.468
359.761638879776,0.0678701400756836,0,294180,-15,-1286,False,53.0,54.531,52.468
359.835618019104,0.07397913932800293,0,294191,-15,-1286,False,53.0,54.531,52.468
359.9292812347412,0.09366321563720703,0,294191,-15,-1286,False,53.0,54.531,52.468
359.9963517189026,0.06707048416137695,0,294201,-15,-1286,False,53.0,54.531,52.468
360.0607810020447,0.06442928314208984,0,294212,-15,-1286,False,53.0,54.531,52.468
360.1321213245392,0.07134032249450684,0,294221,-15,-1286,False,53.0,54.531,52.468
360.21214532852173,0.08002400398254395,0,294221,-15,-1286,False,53.0,54.531,52.468
360.2757818698883,0.06363654136657715,0,294231,-15,-1286,False,53.0,54.531,52.468
360.3379006385803,0.0621187686920166,0,294231,-15,-1286,False,53.0,54.531,52.468
360.3979423046112,0.06004166603088379,0,294242,-15,-1286,False,53.0,54.531,52.468
360.4768958091736,0.07895350456237793,0,294251,-15,-1287,False,53.0,54.531,52.468
360.54200863838196,0.06511282920837402,0,294261,-15,-1287,False,53.0,54.531,52.468
360.60357308387756,0.06156444549560547,0,294261,-15,-1287,False,53.0,54.531,52.468
360.66395020484924,0.06037712097167969,0,294271,-15,-1287,False,53.0,54.531,52.468
360.79892587661743,0.13497567176818848,0,294281,-15,-1287,False,53.0,54.531,52.468
360.8606562614441,0.061730384826660156,0,294290,-15,-1287,False,53.0,54.531,52.468
360.9219365119934,0.061280250549316406,0,294290,-15,-1287,False,53.0,54.531,52.468
360.9824900627136,0.060553550720214844,0,294300,-15,-1288,False,53.0,54.531,52.468
361.0626118183136,0.08012175559997559,0,294310,-15,-1288,False,53.0,54.531,52.468
361.1344516277313,0.07183980941772461,0,294319,-15,-1288,False,53.0,54.531,52.468
361.20108127593994,0.06662964820861816,0,294319,-15,-1288,False,53.0,54.531,52.468
361.2731513977051,0.07207012176513672,0,294328,-15,-1288,False,53.0,54.531,52.468
361.35164070129395,0.07848930358886719,0,294338,-15,-1288,False,53.0,54.531,52.468
361.41580080986023,0.06416010856628418,0,294338,-15,-1288,False,53.437,54.406,52.406
361.4878067970276,0.0720059871673584,0,294348,-15,-1288,False,53.437,54.406,52.406
361.5864098072052,0.0986030101776123,0,294358,-15,-1288,False,53.437,54.406,52.406
361.66901779174805,0.08260798454284668,0,294367,-15,-1288,False,53.437,54.406,52.406
361.72607159614563,0.05705380439758301,0,294367,-15,-1288,False,53.437,54.406,52.406
361.7869026660919,0.06083106994628906,0,294387,-15,-1288,False,53.437,54.406,52.406
361.93428683280945,0.1473841667175293,0,294397,-15,-1289,False,53.437,54.406,52.406
362.0164649486542,0.08217811584472656,0,294397,-15,-1289,False,53.437,54.406,52.406
362.08269119262695,0.06622624397277832,0,294407,-15,-1288,False,53.437,54.406,52.406
362.1511113643646,0.0684201717376709,0,294417,-15,-1289,False,53.437,54.406,52.406
362.24656200408936,0.09545063972473145,0,294427,-15,-1289,False,53.437,54.406,52.406
362.31264448165894,0.06608247756958008,0,294427,-15,-1289,False,53.437,54.406,52.406
362.3732690811157,0.06062459945678711,0,294437,-15,-1289,False,53.437,54.406,52.406
362.4362771511078,0.06300806999206543,0,294447,-15,-1289,False,53.437,54.406,52.406
362.51840567588806,0.08212852478027344,0,294447,-15,-1289,False,53.437,54.406,52.406
362.58269357681274,0.06428790092468262,0,294457,-15,-1289,False,53.437,54.406,52.406
362.64340829849243,0.0607147216796875,0,294468,-15,-1289,False,53.437,54.406,52.406
362.750301361084,0.10689306259155273,0,294478,-15,-1289,False,53.437,54.406,52.406
362.82330679893494,0.07300543785095215,0,294489,-15,-1289,False,53.437,54.406,52.406
362.8872547149658,0.06394791603088379,0,294489,-15,-1289,False,53.437,54.406,52.406
362.9482238292694,0.06096911430358887,0,294500,-15,-1288,False,53.437,54.406,52.406
363.0752422809601,0.12701845169067383,0,294510,-15,-1288,False,53.437,54.406,52.406
363.1520619392395,0.07681965827941895,0,294521,-15,-1288,False,53.437,54.406,52.406
363.22292375564575,0.07086181640625,0,294531,-15,-1288,False,53.437,54.406,52.406
363.3343348503113,0.11141109466552734,0,294542,-15,-1288,False,53.437,54.406,52.406
363.42119884490967,0.08686399459838867,0,294551,-15,-1288,False,53.25,54.5,52.531
363.4954845905304,0.07428574562072754,0,294551,-15,-1288,False,53.25,54.5,52.531
363.5570921897888,0.06160759925842285,0,294562,-15,-1288,False,53.25,54.5,52.531
363.6511330604553,0.0940408706665039,0,294571,-15,-1288,False,53.25,54.5,52.531
363.7137839794159,0.06265091896057129,0,294581,-15,-1288,False,53.25,54.5,52.531
363.7744302749634,0.06064629554748535,0,294581,-15,-1288,False,53.25,54.5,52.531
363.83486795425415,0.060437679290771484,0,294601,-15,-1288,False,53.25,54.5,52.531
363.97910737991333,0.1442394256591797,0,294601,-15,-1288,False,53.25,54.5,52.531
364.0517270565033,0.07261967658996582,0,294610,-15,-1288,False,53.25,54.5,52.531
364.11750316619873,0.06577610969543457,0,294621,-15,-1288,False,53.25,54.5,52.531
364.1862874031067,0.06878423690795898,0,294621,-15,-1288,False,53.25,54.5,52.531
364.2563338279724,0.07004642486572266,0,294630,-15,-1288,False,53.25,54.5,52.531
364.32273626327515,0.06640243530273438,0,294640,-15,-1288,False,53.25,54.5,52.531
364.38451743125916,0.06178116798400879,0,294650,-15,-1288,False,53.25,54.5,52.531
364.4913296699524,0.1068122386932373,0,294660,-15,-1288,False,53.25,54.5,52.531
364.5775592327118,0.08622956275939941,0,294660,-15,-1288,False,53.25,54.5,52.531
364.63928842544556,0.06172919273376465,0,294669,-15,-1288,False,53.25,54.5,52.531
364.6999833583832,0.06069493293762207,0,294678,-15,-1288,False,53.25,54.5,52.531
364.78617310523987,0.08618974685668945,0,294678,-15,-1288,False,53.25,54.5,52.531
364.84745144844055,0.061278343200683594,0,294689,-15,-1288,False,53.25,54.5,52.531
364.90788102149963,0.06042957305908203,0,294698,-15,-1288,False,53.25,54.5,52.531
364.98906326293945,0.08118224143981934,0,294708,-15,-1288,False,53.25,54.5,52.531
365.0761036872864,0.08704042434692383,0,294708,-15,-1288,False,53.25,54.5,52.531
365.14226841926575,0.06616473197937012,0,294718,-15,-1288,False,53.25,54.5,52.531
365.2033383846283,0.06106996536254883,0,294728,-15,-1288,False,53.25,54.5,52.531
365.29017424583435,0.08683586120605469,0,294738,-15,-1288,False,53.25,54.5,52.531
365.36413741111755,0.07396316528320312,0,294738,-15,-1288,False,53.25,54.5,52.531
365.4257743358612,0.061636924743652344,0,294748,-15,-1288,False,53.781,54.718,52.5
365.4977207183838,0.07194638252258301,0,294758,-15,-1288,False,53.781,54.718,52.5
365.5767524242401,0.07903170585632324,0,294758,-15,-1288,False,53.781,54.718,52.5
365.6377475261688,0.06099510192871094,0,294768,-15,-1289,False,53.781,54.718,52.5
365.69840574264526,0.06065821647644043,0,294778,-15,-1288,False,53.781,54.718,52.5
365.7794167995453,0.08101105690002441,0,294788,-15,-1288,False,53.781,54.718,52.5
365.86508798599243,0.08567118644714355,0,294788,-15,-1288,False,53.781,54.718,52.5
365.9253177642822,0.06022977828979492,0,294798,-15,-1288,False,53.781,54.718,52.5
365.98588824272156,0.060570478439331055,0,294808,-15,-1288,False,53.781,54.718,52.5
366.0862123966217,0.10032415390014648,0,294818,-15,-1288,False,53.781,54.718,52.5
366.16130018234253,0.0750877857208252,0,294818,-15,-1288,False,53.781,54.718,52.5
366.22595477104187,0.06465458869934082,0,294827,-15,-1288,False,53.781,54.718,52.5
366.28684759140015,0.06089282035827637,0,294838,-15,-1289,False,53.781,54.718,52.5
366.3935036659241,0.10665607452392578,0,294848,-15,-1288,False,53.781,54.718,52.5
366.48147773742676,0.08797407150268555,0,294848,-15,-1288,False,53.781,54.718,52.5
366.55527544021606,0.07379770278930664,0,294858,-15,-1289,False,53.781,54.718,52.5
366.63325929641724,0.07798385620117188,0,294868,-15,-1289,False,53.781,54.718,52.5
366.72089743614197,0.08763813972473145,0,294878,-15,-1289,False,53.781,54.718,52.5
366.789302110672,0.0684046745300293,0,294888,-15,-1288,False,53.781,54.718,52.5
366.8560562133789,0.06675410270690918,0,294888,-15,-1288,False,53.781,54.718,52.5
366.9157466888428,0.05969047546386719,0,294909,-15,-1289,False,53.781,54.718,52.5
367.0772066116333,0.16145992279052734,0,294919,-15,-1289,False,53.781,54.718,52.5
367.1822679042816,0.10506129264831543,0,294929,-15,-1289,False,53.781,54.718,52.5
367.29017519950867,0.10790729522705078,0,294939,-15,-1288,False,53.781,54.718,52.5
367.3881275653839,0.09795236587524414,0,294950,-15,-1288,False,53.781,54.718,52.5
367.463858127594,0.07573056221008301,0,294960,-15,-1289,False,53.187,54.562,52.406
367.54206585884094,0.07820773124694824,0,294971,-15,-1289,False,53.187,54.562,52.406
367.67981219291687,0.13774633407592773,0,294982,-15,-1289,False,53.187,54.562,52.406
367.77002453804016,0.09021234512329102,0,294993,-15,-1289,False,53.187,54.562,52.406
367.8469078540802,0.07688331604003906,0,294993,-15,-1289,False,53.187,54.562,52.406
367.91682600975037,0.06991815567016602,0,295003,-15,-1289,False,53.187,54.562,52.406
368.0043697357178,0.08754372596740723,0,295015,-15,-1289,False,53.187,54.562,52.406
368.0705518722534,0.06618213653564453,0,295026,-15,-1289,False,53.187,54.562,52.406
368.13318634033203,0.06263446807861328,0,295026,-15,-1289,False,53.187,54.562,52.406
368.21761107444763,0.08442473411560059,0,295037,-15,-1289,False,53.187,54.562,52.406
368.3061492443085,0.08853816986083984,0,295049,-15,-1289,False,53.187,54.562,52.406
368.37332224845886,0.06717300415039062,0,295060,-15,-1289,False,53.187,54.562,52.406
368.439523935318,0.06620168685913086,0,295060,-15,-1289,False,53.187,54.562,52.406
368.5148811340332,0.07535719871520996,0,295072,-15,-1289,False,53.187,54.562,52.406
368.60484790802,0.0899667739868164,0,295083,-15,-1288,False,53.187,54.562,52.406
368.67266750335693,0.06781959533691406,0,295094,-15,-1288,False,53.187,54.562,52.406
368.738627910614,0.06596040725708008,0,295094,-15,-1288,False,53.187,54.562,52.406
368.8040416240692,0.0654137134552002,0,295106,-15,-1288,False,53.187,54.562,52.406
368.8888931274414,0.08485150337219238,0,295117,-15,-1288,False,53.187,54.562,52.406
368.9595024585724,0.07060933113098145,0,295128,-15,-1288,False,53.187,54.562,52.406
369.02531027793884,0.06580781936645508,0,295128,-15,-1288,False,53.187,54.562,52.406
369.106552362442,0.08124208450317383,0,295139,-15,-1287,False,53.187,54.562,52.406
369.19379782676697,0.08724546432495117,0,295150,-15,-1287,False,53.187,54.562,52.406
369.2543535232544,0.06055569648742676,0,295150,-15,-1287,False,53.187,54.562,52.406
369.31479048728943,0.06043696403503418,0,295161,-15,-1287,False,53.187,54.562,52.406
369.38253259658813,0.06774210929870605,0,295171,-15,-1287,False,53.187,54.562,52.406
369.47924542427063,0.09671282768249512,0,295182,-15,-1288,False,53.312,54.406,52.562
369.5521447658539,0.07289934158325195,0,295191,-15,-1287,False,53.312,54.406,52.562
369.616007566452,0.06386280059814453,0,295202,-15,-1287,False,53.312,54.406,52.562
369.73911786079407,0.12311029434204102,0,295211,-15,-1288,False,53.312,54.406,52.562
369.82072830200195,0.08161044120788574,0,295211,-15,-1288,False,53.312,54.406,52.562
369.8871922492981,0.06646394729614258,0,295221,-15,-1288,False,53.312,54.406,52.562
369.9619405269623,0.07474827766418457,0,295231,-15,-1288,False,53.312,54.406,52.562
370.0894088745117,0.12746834754943848,0,295242,-15,-1287,False,53.312,54.406,52.562
370.16190910339355,0.07250022888183594,0,295251,-15,-1287,False,53.312,54.406,52.562
370.2285180091858,0.06660890579223633,0,295262,-15,-1287,False,53.312,54.406,52.562
370.3338997364044,0.10538172721862793,0,295271,-15,-1287,False,53.312,54.406,52.562
370.4168496131897,0.08294987678527832,0,295271,-15,-1287,False,53.312,54.406,52.562
370.48472929000854,0.06787967681884766,0,295282,-15,-1287,False,53.312,54.406,52.562
370.5461926460266,0.061463356018066406,0,295292,-15,-1287,False,53.312,54.406,52.562
370.6875510215759,0.1413583755493164,0,295302,-15,-1287,False,53.312,54.406,52.562
370.76371717453003,0.07616615295410156,0,295312,-15,-1287,False,53.312,54.406,52.562
370.8286015987396,0.06488442420959473,0,295322,-15,-1287,False,53.312,54.406,52.562
370.93742513656616,0.10882353782653809,0,295333,-15,-1287,False,53.312,54.406,52.562
371.02792978286743,0.09050464630126953,0,295343,-15,-1286,False,53.312,54.406,52.562
371.10204339027405,0.07411360740661621,0,295343,-15,-1286,False,53.312,54.406,52.562
371.18197989463806,0.07993650436401367,0,295353,-15,-1286,False,53.312,54.406,52.562
371.2664444446564,0.08446455001831055,0,295363,-15,-1286,False,53.312,54.406,52.562
371.32989859580994,0.06345415115356445,0,295363,-15,-1286,False,53.312,54.406,52.562
371.39190578460693,0.06200718879699707,0,295374,-15,-1286,False,53.312,54.406,52.562
371.4521553516388,0.06024956703186035,0,295383,-15,-1286,False,53.312,54.406,52.562
371.5459420681,0.09378671646118164,0,295394,-15,-1286,False,53.093,54.625,52.5
371.62588715553284,0.07994508743286133,0,295394,-15,-1286,False,53.093,54.625,52.5
371.6894738674164,0.06358671188354492,0,295403,-15,-1286,False,53.093,54.625,52.5
371.7701804637909,0.08070659637451172,0,295414,-15,-1286,False,53.093,54.625,52.5
371.8561909198761,0.08601045608520508,0,295423,-15,-1285,False,53.093,54.625,52.5
371.91996788978577,0.06377696990966797,0,295423,-15,-1285,False,53.093,54.625,52.5
371.9824917316437,0.06252384185791016,0,295433,-15,-1286,False,53.093,54.625,52.5
372.0619692802429,0.07947754859924316,0,295452,-15,-1285,False,53.093,54.625,52.5
372.1959047317505,0.13393545150756836,0,295452,-15,-1285,False,53.093,54.625,52.5
372.2696418762207,0.07373714447021484,0,295462,-15,-1285,False,53.093,54.625,52.5
372.3337953090668,0.06415343284606934,0,295471,-15,-1285,False,53.093,54.625,52.5
372.42534947395325,0.09155416488647461,0,295480,-15,-1285,False,53.093,54.625,52.5
372.5076529979706,0.08230352401733398,0,295480,-15,-1285,False,53.093,54.625,52.5
372.57644271850586,0.06878972053527832,0,295490,-15,-1285,False,53.093,54.625,52.5
372.637268781662,0.06082606315612793,0,295499,-15,-1285,False,53.093,54.625,52.5
372.7401559352875,0.10288715362548828,0,295509,-15,-1285,False,53.093,54.625,52.5
372.8111310005188,0.07097506523132324,0,295509,-15,-1285,False,53.093,54.625,52.5
372.872759103775,0.061628103256225586,0,295518,-15,-1285,False,53.093,54.625,52.5
372.93278646469116,0.060027360916137695,0,295529,-15,-1285,False,53.093,54.625,52.5
373.0325982570648,0.09981179237365723,0,295539,-15,-1285,False,53.093,54.625,52.5
373.1045458316803,0.07194757461547852,0,295539,-15,-1285,False,53.093,54.625,52.5
373.1662971973419,0.061751365661621094,0,295549,-15,-1285,False,53.093,54.625,52.5
373.226220369339,0.05992317199707031,0,295559,-15,-1285,False,53.093,54.625,52.5
373.3625109195709,0.1362905502319336,0,295569,-15,-1284,False,53.093,54.625,52.5
373.43744802474976,0.07493710517883301,0,295579,-15,-1285,False,53.093,54.625,52.5
373.50350856781006,0.06606054306030273,0,295579,-15,-1285,False,53.093,54.625,52.5
373.5744242668152,0.07091569900512695,0,295590,-15,-1284,False,53.531,54.468,52.593
373.67082476615906,0.09640049934387207,0,295600,-15,-1284,False,53.531,54.468,52.593
373.73091101646423,0.06008625030517578,0,295611,-15,-1284,False,53.531,54.468,52.593
373.7918918132782,0.060980796813964844,0,295611,-15,-1284,False,53.531,54.468,52.593
373.8739960193634,0.08210420608520508,0,295631,-15,-1284,False,53.531,54.468,52.593
373.98076009750366,0.10676407814025879,0,295631,-15,-1284,False,53.531,54.468,52.593
374.04994773864746,0.06918764114379883,0,295641,-15,-1283,False,53.531,54.468,52.593
374.1110897064209,0.0611419677734375,0,295651,-15,-1283,False,53.531,54.468,52.593
374.2169542312622,0.1058645248413086,0,295660,-15,-1283,False,53.531,54.468,52.593
374.3091652393341,0.09221100807189941,0,295670,-15,-1283,False,53.531,54.468,52.593
374.37765312194824,0.06848788261413574,0,295670,-15,-1283,False,53.531,54.468,52.593
374.442346572876,0.06469345092773438,0,295679,-15,-1283,False,53.531,54.468,52.593
374.5674772262573,0.12513065338134766,0,295689,-15,-1283,False,53.531,54.468,52.593
374.6445109844208,0.07703375816345215,0,295698,-15,-1283,False,53.531,54.468,52.593
374.7099575996399,0.06544661521911621,0,295707,-15,-1283,False,53.531,54.468,52.593
374.79004764556885,0.08009004592895508,0,295716,-15,-1283,False,53.531,54.468,52.593
374.92159271240234,0.1315450668334961,0,295726,-15,-1283,False,53.531,54.468,52.593
374.996595621109,0.07500290870666504,0,295735,-15,-1283,False,53.531,54.468,52.593
375.0681176185608,0.07152199745178223,0,295744,-15,-1283,False,53.531,54.468,52.593
375.19847106933594,0.13035345077514648,0,295754,-15,-1283,False,53.531,54.468,52.593
375.2762494087219,0.07777833938598633,0,295754,-15,-1283,False,53.531,54.468,52.593
375.34128046035767,0.06503105163574219,0,295763,-15,-1283,False,53.531,54.468,52.593
375.4021122455597,0.06083178520202637,0,295772,-15,-1283,False,53.531,54.468,52.593
375.54391598701477,0.14180374145507812,0,295781,-15,-1283,False,53.531,54.468,52.593
375.61651134490967,0.07259535789489746,0,295790,-15,-1283,False,53.406,54.468,52.562
375.6918692588806,0.07535791397094727,0,295799,-15,-1283,False,53.406,54.468,52.562
375.78361773490906,0.09174847602844238,0,295808,-15,-1283,False,53.406,54.468,52.562
375.8607506752014,0.0771329402923584,0,295808,-15,-1283,False,53.406,54.468,52.562
375.92860293388367,0.06785225868225098,0,295817,-15,-1283,False,53.406,54.468,52.562
376.0107412338257,0.0821382999420166,0,295826,-15,-1283,False,53.406,54.468,52.562
376.08492064476013,0.07417941093444824,0,295826,-15,-1283,False,53.406,54.468,52.562
376.14530968666077,0.060389041900634766,0,295834,-15,-1283,False,53.406,54.468,52.562
376.2078523635864,0.06254267692565918,0,295844,-15,-1283,False,53.406,54.468,52.562
376.27579045295715,0.06793808937072754,0,295844,-15,-1283,False,53.406,54.468,52.562
376.34662199020386,0.0708315372467041,0,295852,-15,-1283,False,53.406,54.468,52.562
376.4082291126251,0.06160712242126465,0,295861,-15,-1283,False,53.406,54.468,52.562
376.4716410636902,0.06341195106506348,0,295870,-15,-1283,False,53.406,54.468,52.562
376.5726959705353,0.10105490684509277,0,295878,-15,-1283,False,53.406,54.468,52.562
376.6538817882538,0.08118581771850586,0,295878,-15,-1283,False,53.406,54.468,52.562
376.72100019454956,0.06711840629577637,0,295887,-15,-1283,False,53.406,54.468,52.562
376.78223061561584,0.06123042106628418,0,295895,-15,-1283,False,53.406,54.468,52.562
376.8652033805847,0.08297276496887207,0,295895,-15,-1283,False,53.406,54.468,52.562
376.9255485534668,0.06034517288208008,0,295904,-15,-1283,False,53.406,54.468,52.562
376.99100613594055,0.06545758247375488,0,295913,-15,-1283,False,53.406,54.468,52.562
377.0578079223633,0.06680178642272949,0,295913,-15,-1283,False,53.406,54.468,52.562
377.13382506370544,0.07601714134216309,0,295921,-15,-1283,False,53.406,54.468,52.562
377.2057774066925,0.07195234298706055,0,295931,-15,-1283,False,53.406,54.468,52.562
377.26667976379395,0.06090235710144043,0,295931,-15,-1283,False,53.406,54.468,52.562
377.33960723876953,0.07292747497558594,0,295939,-15,-1283,False,53.406,54.468,52.562
377.407187461853,0.0675802230834961,0,295948,-15,-1283,False,53.406,54.468,52.562
377.46755933761597,0.06037187576293945,0,295948,-15,-1283,False,53.406,54.468,52.562
377.5278036594391,0.06024432182312012,0,295957,-15,-1283,False,53.406,54.468,52.562
377.6074733734131,0.07966971397399902,0,295965,-15,-1283,False,53.406,54.468,52.562
377.66899704933167,0.0615236759185791,0,295975,-15,-1283,False,53.531,54.625,52.593
377.7444803714752,0.07548332214355469,0,295975,-15,-1283,False,53.531,54.625,52.593
377.8316135406494,0.08713316917419434,0,295983,-15,-1283,False,53.531,54.625,52.593
377.897789478302,0.06617593765258789,0,295993,-15,-1283,False,53.531,54.625,52.593
377.95868468284607,0.06089520454406738,0,295993,-15,-1283,False,53.531,54.625,52.593
378.0188069343567,0.06012225151062012,0,296001,-15,-1283,False,53.531,54.625,52.593
378.1063516139984,0.08754467964172363,0,296010,-15,-1283,False,53.531,54.625,52.593
378.17125153541565,0.06489992141723633,0,296010,-15,-1283,False,53.531,54.625,52.593
378.2324764728546,0.061224937438964844,0,296020,-15,-1283,False,53.531,54.625,52.593
378.30691146850586,0.07443499565124512,0,296028,-15,-1283,False,53.531,54.625,52.593
378.41325092315674,0.1063394546508789,0,296037,-15,-1282,False,53.531,54.625,52.593
378.47958493232727,0.06633400917053223,0,296046,-15,-1283,False,53.531,54.625,52.593
378.5414297580719,0.061844825744628906,0,296046,-15,-1283,False,53.531,54.625,52.593
378.6117067337036,0.07027697563171387,0,296065,-15,-1282,False,53.531,54.625,52.593
378.7358658313751,0.12415909767150879,0,296065,-15,-1282,False,53.531,54.625,52.593
378.807053565979,0.07118773460388184,0,296074,-15,-1283,False,53.531,54.625,52.593
378.8722233772278,0.0651698112487793,0,296084,-15,-1282,False,53.531,54.625,52.593
379.011314868927,0.13909149169921875,0,296093,-15,-1282,False,53.531,54.625,52.593
379.100711107254,0.08939623832702637,0,296103,-15,-1282,False,53.531,54.625,52.593
379.17094707489014,0.0702359676361084,0,296113,-15,-1282,False,53.531,54.625,52.593
379.2419328689575,0.07098579406738281,0,296113,-15,-1282,False,53.531,54.625,52.593
379.31751561164856,0.07558274269104004,0,296122,-15,-1282,False,53.531,54.625,52.593
379.3786668777466,0.06115126609802246,0,296131,-15,-1282,False,53.531,54.625,52.593
379.43971371650696,0.06104683876037598,0,296131,-15,-1282,False,53.531,54.625,52.593
379.5201632976532,0.08044958114624023,0,296149,-15,-1282,False,53.531,54.625,52.593
379.6401126384735,0.1199493408203125,0,296149,-15,-1282,False,53.531,54.625,52.593
379.7111179828644,0.07100534439086914,0,296158,-15,-1282,False,53.468,54.531,52.5
379.7859945297241,0.07487654685974121,0,296168,-15,-1283,False,53.468,54.531,52.5
379.8879671096802,0.10197257995605469,0,296177,-15,-1282,False,53.468,54.531,52.5
379.97200441360474,0.08403730392456055,0,296186,-15,-1282,False,53.468,54.531,52.5
380.04506039619446,0.07305598258972168,0,296186,-15,-1282,False,53.468,54.531,52.5
380.1077492237091,0.06268882751464844,0,296196,-15,-1283,False,53.468,54.531,52.5
380.20230174064636,0.09455251693725586,0,296204,-15,-1282,False,53.468,54.531,52.5
380.2759425640106,0.07364082336425781,0,296214,-15,-1282,False,53.468,54.531,52.5
380.33892488479614,0.06298232078552246,0,296214,-15,-1282,False,53.468,54.531,52.5
380.39924478530884,0.06031990051269531,0,296223,-15,-1282,False,53.468,54.531,52.5
380.49508452415466,0.0958397388458252,0,296232,-15,-1282,False,53.468,54.531,52.5
380.5612778663635,0.0661933422088623,0,296241,-15,-1282,False,53.468,54.531,52.5
380.62260365486145,0.061325788497924805,0,296241,-15,-1282,False,53.468,54.531,52.5
380.68272137641907,0.06011772155761719,0,296249,-15,-1282,False,53.468,54.531,52.5
380.79694843292236,0.1142270565032959,0,296259,-15,-1282,False,53.468,54.531,52.5
380.87642335891724,0.07947492599487305,0,296268,-15,-1282,False,53.468,54.531,52.5
380.94374537467957,0.0673220157623291,0,296268,-15,-1282,False,53.468,54.531,52.5
381.0046775341034,0.060932159423828125,0,296277,-15,-1282,False,53.468,54.531,52.5
381.09767723083496,0.09299969673156738,0,296286,-15,-1282,False,53.468,54.531,52.5
381.1687378883362,0.0710606575012207,0,296294,-15,-1282,False,53.468,54.531,52.5
381.23090410232544,0.06216621398925781,0,296294,-15,-1282,False,53.468,54.531,52.5
381.29105496406555,0.060150861740112305,0,296304,-15,-1282,False,53.468,54.531,52.5
381.37060809135437,0.07955312728881836,0,296312,-15,-1282,False,53.468,54.531,52.5
381.44067096710205,0.07006287574768066,0,296312,-15,-1282,False,53.468,54.531,52.5
381.5028614997864,0.06219053268432617,0,296321,-15,-1282,False,53.468,54.531,52.5
381.5631890296936,0.06032752990722656,0,296330,-15,-1282,False,53.468,54.531,52.5
381.6524655818939,0.08927655220031738,0,296339,-15,-1282,False,53.468,54.531,52.5
381.7239582538605,0.07149267196655273,0,296339,-15,-1282,False,53.687,54.875,52.593
381.7945251464844,0.07056689262390137,0,296348,-15,-1282,False,53.687,54.875,52.593
381.8546781539917,0.06015300750732422,0,296357,-15,-1282,False,53.687,54.875,52.593
381.98710584640503,0.13242769241333008,0,296366,-15,-1282,False,53.687,54.875,52.593
382.0665018558502,0.07939600944519043,0,296375,-15,-1282,False,53.687,54.875,52.593
382.1381604671478,0.07165861129760742,0,296384,-15,-1282,False,53.687,54.875,52.593
382.2158510684967,0.07769060134887695,0,296393,-15,-1282,False,53.687,54.875,52.593
382.3413653373718,0.12551426887512207,0,296402,-15,-1282,False,53.687,54.875,52.593
382.41924357414246,0.07787823677062988,0,296402,-15,-1282,False,53.687,54.875,52.593
382.48634004592896,0.06709647178649902,0,296411,-15,-1282,False,53.687,54.875,52.593
382.5548207759857,0.0684807300567627,0,296419,-15,-1282,False,53.687,54.875,52.593
382.66297340393066,0.10815262794494629,0,296428,-15,-1282,False,53.687,54.875,52.593
382.7325921058655,0.06961870193481445,0,296437,-15,-1282,False,53.687,54.875,52.593
382.7988519668579,0.06625986099243164,0,296437,-15,-1282,False,53.687,54.875,52.593
382.87973165512085,0.08087968826293945,0,296445,-15,-1282,False,53.687,54.875,52.593
382.96956491470337,0.08983325958251953,0,296455,-15,-1282,False,53.687,54.875,52.593
383.0393486022949,0.06978368759155273,0,296463,-15,-1282,False,53.687,54.875,52.593
383.1076934337616,0.0683448314666748,0,296463,-15,-1282,False,53.687,54.875,52.593
383.18983268737793,0.08213925361633301,0,296481,-15,-1288,False,53.687,54.875,52.593
383.3063323497772,0.11649966239929199,0,296481,-15,-1288,False,53.687,54.875,52.593
383.3800644874573,0.07373213768005371,0,296490,-15,-1289,False,53.687,54.875,52.593
383.44466185569763,0.06459736824035645,0,296499,-15,-1289,False,53.687,54.875,52.593
383.54782032966614,0.10315847396850586,0,296509,-15,-1289,False,53.687,54.875,52.593
383.62988233566284,0.0820620059967041,0,296519,-15,-1289,False,53.687,54.875,52.593
383.6950137615204,0.06513142585754395,0,296519,-15,-1289,False,53.687,54.875,52.593
383.7558116912842,0.060797929763793945,0,296528,-15,-1289,False,53.437,54.531,52.625
383.8643972873688,0.10858559608459473,0,296538,-15,-1289,False,53.437,54.531,52.625
383.93875885009766,0.07436156272888184,0,296548,-15,-1289,False,53.437,54.531,52.625
384.01356196403503,0.07480311393737793,0,296548,-15,-1289,False,53.437,54.531,52.625
384.09033966064453,0.07677769660949707,0,296568,-15,-1289,False,53.437,54.531,52.625
384.1930158138275,0.1026761531829834,0,296568,-15,-1289,False,53.437,54.531,52.625
384.2631905078888,0.0701746940612793,0,296577,-15,-1288,False,53.437,54.531,52.625
384.3266592025757,0.06346869468688965,0,296588,-15,-1287,False,53.437,54.531,52.625
384.4353575706482,0.10869836807250977,0,296597,-15,-1286,False,53.437,54.531,52.625
384.5246078968048,0.08925032615661621,0,296608,-15,-1285,False,53.437,54.531,52.625
384.60217118263245,0.07756328582763672,0,296608,-15,-1285,False,53.437,54.531,52.625
384.6779441833496,0.07577300071716309,0,296627,-15,-1284,False,53.437,54.531,52.625
384.78319478034973,0.10525059700012207,0,296627,-15,-1284,False,53.437,54.531,52.625
384.85643196105957,0.07323718070983887,0,296637,-15,-1284,False,53.437,54.531,52.625
384.92036509513855,0.06393313407897949,0,296647,-15,-1283,False,53.437,54.531,52.625
385.043559551239,0.12319445610046387,0,296656,-15,-1283,False,53.437,54.531,52.625
385.12481594085693,0.08125638961791992,0,296666,-15,-1283,False,53.437,54.531,52.625
385.1942708492279,0.06945490837097168,0,296666,-15,-1283,False,53.437,54.531,52.625
385.25977063179016,0.06549978256225586,0,296675,-15,-1283,False,53.437,54.531,52.625
385.3328833580017,0.07311272621154785,0,296684,-15,-1283,False,53.437,54.531,52.625
385.39366579055786,0.060782432556152344,0,296684,-15,-1283,False,53.437,54.531,52.625
385.45476961135864,0.06110382080078125,0,296693,-15,-1282,False,53.437,54.531,52.625
385.53449273109436,0.07972311973571777,0,296702,-15,-1283,False,53.437,54.531,52.625
385.6066064834595,0.0721137523651123,0,296711,-15,-1283,False,53.437,54.531,52.625
385.66948103904724,0.06287455558776855,0,296711,-15,-1283,False,53.437,54.531,52.625
385.7298204898834,0.06033945083618164,0,296720,-15,-1283,False,53.437,54.531,52.625
385.807151556015,0.0773310661315918,0,296729,-15,-1283,False,53.875,55.062,52.718
385.87925004959106,0.0720984935760498,0,296729,-15,-1283,False,53.875,55.062,52.718
385.94027495384216,0.06102490425109863,0,296738,-15,-1283,False,53.875,55.062,52.718
386.0011284351349,0.06085348129272461,0,296747,-15,-1283,False,53.875,55.062,52.718
386.1273720264435,0.12624359130859375,0,296756,-15,-1283,False,53.875,55.062,52.718
386.19734501838684,0.06997299194335938,0,296765,-15,-1283,False,53.875,55.062,52.718
386.2640769481659,0.06673192977905273,0,296765,-15,-1283,False,53.875,55.062,52.718
386.32543206214905,0.0613551139831543,0,296774,-15,-1283,False,53.875,55.062,52.718
386.41990995407104,0.09447789192199707,0,296783,-15,-1283,False,53.875,55.062,52.718
386.4914073944092,0.07149744033813477,0,296783,-15,-1283,False,53.875,55.062,52.718
386.55264377593994,0.06123638153076172,0,296792,-15,-1283,False,53.875,55.062,52.718
386.6136293411255,0.060985565185546875,0,296801,-15,-1283,False,53.875,55.062,52.718
386.7163095474243,0.10268020629882812,0,296810,-15,-1283,False,53.875,55.062,52.718
386.7859184741974,0.06960892677307129,0,296810,-15,-1283,False,53.875,55.062,52.718
386.847651720047,0.061733245849609375,0,296819,-15,-1283,False,53.875,55.062,52.718
386.9080469608307,0.060395240783691406,0,296828,-15,-1283,False,53.875,55.062,52.718
387.0066890716553,0.09864211082458496,0,296837,-15,-1283,False,53.875,55.062,52.718
387.0800702571869,0.07338118553161621,0,296837,-15,-1283,False,53.875,55.062,52.718
387.14419054985046,0.06412029266357422,0,296845,-15,-1283,False,53.875,55.062,52.718
387.2048292160034,0.0606386661529541,0,296853,-15,-1283,False,53.875,55.062,52.718
387.30184674263,0.09701752662658691,0,296862,-15,-1283,False,53.875,55.062,52.718
387.36943769454956,0.06759095191955566,0,296862,-15,-1283,False,53.875,55.062,52.718
387.4324300289154,0.06299233436584473,0,296870,-15,-1284,False,53.875,55.062,52.718
387.49288535118103,0.060455322265625,0,296879,-15,-1284,False,53.875,55.062,52.718
387.6213676929474,0.12848234176635742,0,296887,-15,-1287,False,53.875,55.062,52.718
387.69563579559326,0.07426810264587402,0,296895,-15,-1289,False,53.875,55.062,52.718
387.761670589447,0.06603479385375977,0,296895,-15,-1289,False,53.875,55.062,52.718
387.83358120918274,0.07191061973571777,0,296904,-15,-1289,False,53.531,54.656,52.687
387.9393060207367,0.10572481155395508,0,296913,-15,-1290,False,53.531,54.656,52.687
388.0052578449249,0.06595182418823242,0,296922,-15,-1290,False,53.531,54.656,52.687
388.0667290687561,0.06147122383117676,0,296931,-15,-1290,False,53.531,54.656,52.687
388.1770889759064,0.11035990715026855,0,296940,-15,-1290,False,53.531,54.656,52.687
388.2683823108673,0.0912933349609375,0,296940,-15,-1290,False,53.531,54.656,52.687
388.34027338027954,0.07189106941223145,0,296949,-15,-1290,False,53.531,54.656,52.687
388.4225423336029,0.08226895332336426,0,296958,-15,-1291,False,53.531,54.656,52.687
388.51195001602173,0.08940768241882324,0,296968,-15,-1290,False,53.531,54.656,52.687
388.58154034614563,0.06959033012390137,0,296977,-15,-1290,False,53.531,54.656,52.687
388.6439802646637,0.062439918518066406,0,296977,-15,-1290,False,53.531,54.656,52.687
388.71650648117065,0.07252621650695801,0,296987,-15,-1290,False,53.531,54.656,52.687
388.80943274497986,0.0929262638092041,0,296996,-15,-1290,False,53.531,54.656,52.687
388.8739318847656,0.0644991397857666,0,296996,-15,-1290,False,53.531,54.656,52.687
388.93510818481445,0.061176300048828125,0,297006,-15,-1291,False,53.531,54.656,52.687
389.0110242366791,0.07591605186462402,0,297016,-15,-1290,False,53.531,54.656,52.687
389.10083055496216,0.08980631828308105,0,297026,-15,-1291,False,53.531,54.656,52.687
389.167355298996,0.06652474403381348,0,297026,-15,-1291,False,53.531,54.656,52.687
389.2284724712372,0.06111717224121094,0,297037,-15,-1291,False,53.531,54.656,52.687
389.3045480251312,0.07607555389404297,0,297047,-15,-1290,False,53.531,54.656,52.687
389.3961670398712,0.09161901473999023,0,297058,-15,-1291,False,53.531,54.656,52.687
389.46155524253845,0.06538820266723633,0,297058,-15,-1291,False,53.531,54.656,52.687
389.52260184288025,0.061046600341796875,0,297069,-15,-1290,False,53.531,54.656,52.687
389.5991415977478,0.07653975486755371,0,297079,-15,-1290,False,53.531,54.656,52.687
389.6866133213043,0.08747172355651855,0,297091,-15,-1291,False,53.531,54.656,52.687
389.7527871131897,0.06617379188537598,0,297091,-15,-1291,False,53.531,54.656,52.687
389.81510829925537,0.06232118606567383,0,297102,-15,-1290,False,53.531,54.656,52.687
389.8915059566498,0.07639765739440918,0,297114,-15,-1291,False,53.656,54.625,52.718
389.98781538009644,0.09630942344665527,0,297126,-15,-1290,False,53.656,54.625,52.718
390.05120968818665,0.06339430809020996,0,297126,-15,-1290,False,53.656,54.625,52.718
390.1114971637726,0.0602874755859375,0,297137,-15,-1290,False,53.656,54.625,52.718
390.18447709083557,0.07297992706298828,0,297150,-15,-1290,False,53.656,54.625,52.718
390.29193091392517,0.10745382308959961,0,297161,-15,-1290,False,53.656,54.625,52.718
390.3618896007538,0.06995868682861328,0,297173,-15,-1290,False,53.656,54.625,52.718
390.42553424835205,0.0636446475982666,0,297184,-15,-1290,False,53.656,54.625,52.718
390.5377893447876,0.11225509643554688,0,297184,-15,-1290,False,53.656,54.625,52.718
390.6183829307556,0.08059358596801758,0,297196,-15,-1290,False,53.656,54.625,52.718
390.6862096786499,0.06782674789428711,0,297208,-15,-1291,False,53.656,54.625,52.718
390.74778056144714,0.06157088279724121,0,297219,-15,-1290,False,53.656,54.625,52.718
390.8682587146759,0.12047815322875977,0,297231,-15,-1290,False,53.656,54.625,52.718
390.942289352417,0.07403063774108887,0,297231,-15,-1290,False,53.656,54.625,52.718
391.00619173049927,0.06390237808227539,0,297242,-15,-1290,False,53.656,54.625,52.718
391.0849390029907,0.07874727249145508,0,297253,-15,-1290,False,53.656,54.625,52.718
391.17645168304443,0.09151268005371094,0,297264,-15,-1290,False,53.656,54.625,52.718
391.24093651771545,0.06448483467102051,0,297264,-15,-1290,False,53.656,54.625,52.718
391.3018329143524,0.06089639663696289,0,297275,-15,-1289,False,53.656,54.625,52.718
391.3783130645752,0.07648015022277832,0,297287,-15,-1288,False,53.656,54.625,52.718
391.47135043144226,0.09303736686706543,0,297297,-15,-1288,False,53.656,54.625,52.718
391.53829169273376,0.0669412612915039,0,297297,-15,-1288,False,53.656,54.625,52.718
391.60038447380066,0.06209278106689453,0,297309,-15,-1287,False,53.656,54.625,52.718
391.67247104644775,0.07208657264709473,0,297320,-15,-1285,False,53.656,54.625,52.718
391.74798035621643,0.07550930976867676,0,297331,-15,-1285,False,53.656,54.625,52.718
391.81154131889343,0.06356096267700195,0,297331,-15,-1285,False,53.656,54.625,52.718
391.8714654445648,0.05992412567138672,0,297342,-15,-1285,False,53.656,54.625,52.718
391.9535002708435,0.08203482627868652,0,297353,-15,-1285,False,53.437,54.562,52.781
392.05832958221436,0.10482931137084961,0,297364,-15,-1285,False,53.437,54.562,52.781
392.1213846206665,0.06305503845214844,0,297364,-15,-1285,False,53.437,54.562,52.781
392.1866788864136,0.06529426574707031,0,297385,-15,-1285,False,53.437,54.562,52.781
392.32475996017456,0.13808107376098633,0,297385,-15,-1285,False,53.437,54.562,52.781
392.4001717567444,0.07541179656982422,0,297396,-15,-1285,False,53.437,54.562,52.781
392.46584606170654,0.0656743049621582,0,297418,-15,-1285,False,53.437,54.562,52.781
392.62485671043396,0.159010648727417,0,297428,-15,-1285,False,53.437,54.562,52.781
392.7103445529938,0.08548784255981445,0,297428,-15,-1285,False,53.437,54.562,52.781
392.78270411491394,0.07235956192016602,0,297439,-15,-1285,False,53.437,54.562,52.781
392.9006505012512,0.11794638633728027,0,297450,-15,-1285,False,53.437,54.562,52.781
392.99649024009705,0.0958397388458252,0,297460,-15,-1286,False,53.437,54.562,52.781
393.07005524635315,0.07356500625610352,0,297470,-15,-1286,False,53.437,54.562,52.781
393.13290309906006,0.06284785270690918,0,297481,-15,-1286,False,53.437,54.562,52.781
393.24653697013855,0.11363387107849121,0,297491,-15,-1286,False,53.437,54.562,52.781
393.3107998371124,0.06426286697387695,0,297491,-15,-1286,False,53.437,54.562,52.781
393.37165665626526,0.06085681915283203,0,297502,-15,-1287,False,53.437,54.562,52.781
393.4314823150635,0.05982565879821777,0,297513,-15,-1287,False,53.437,54.562,52.781
393.544314622879,0.11283230781555176,0,297523,-15,-1288,False,53.437,54.562,52.781
393.6098084449768,0.06549382209777832,0,297523,-15,-1288,False,53.437,54.562,52.781
393.6711745262146,0.06136608123779297,0,297535,-15,-1288,False,53.437,54.562,52.781
393.7332727909088,0.06209826469421387,0,297546,-15,-1288,False,53.437,54.562,52.781
393.83697724342346,0.10370445251464844,0,297557,-15,-1289,False,53.437,54.562,52.781
393.9048833847046,0.06790614128112793,0,297557,-15,-1289,False,53.437,54.562,52.781
393.96571159362793,0.060828208923339844,0,297569,-15,-1289,False,53.5,54.687,52.906
394.0363721847534,0.07066059112548828,0,297580,-15,-1289,False,53.5,54.687,52.906
394.1787106990814,0.14233851432800293,0,297593,-15,-1289,False,53.5,54.687,52.906
394.2532708644867,0.07456016540527344,0,297605,-15,-1289,False,53.5,54.687,52.906
394.31689047813416,0.06361961364746094,0,297605,-15,-1289,False,53.5,54.687,52.906
394.3810889720917,0.06419849395751953,0,297630,-15,-1289,False,53.5,54.687,52.906
394.49602222442627,0.11493325233459473,0,297630,-15,-1289,False,53.5,54.687,52.906
394.56274580955505,0.06672358512878418,0,297643,-15,-1289,False,53.5,54.687,52.906
394.62424993515015,0.06150412559509277,0,297656,-15,-1289,False,53.5,54.687,52.906
394.69360399246216,0.06935405731201172,0,297668,-15,-1289,False,53.5,54.687,52.906
394.81199049949646,0.11838650703430176,0,297668,-15,-1289,False,53.5,54.687,52.906
394.8802032470703,0.06821274757385254,0,297680,-15,-1289,False,53.5,54.687,52.906
394.9417054653168,0.06150221824645996,0,297692,-15,-1289,False,53.5,54.687,52.906
395.0086410045624,0.06693553924560547,0,297704,-15,-1289,False,53.5,54.687,52.906
395.0963876247406,0.08774662017822266,0,297704,-15,-1289,False,53.5,54.687,52.906
395.15866708755493,0.062279462814331055,0,297717,-15,-1289,False,53.5,54.687,52.906
395.2189612388611,0.060294151306152344,0,297729,-15,-1289,False,53.5,54.687,52.906
395.27882623672485,0.05986499786376953,0,297729,-15,-1289,False,53.5,54.687,52.906
395.3736696243286,0.09484338760375977,0,297741,-15,-1289,False,53.5,54.687,52.906
395.438973903656,0.06530427932739258,0,297754,-15,-1289,False,53.5,54.687,52.906
395.4998438358307,0.06086993217468262,0,297754,-15,-1289,False,53.5,54.687,52.906
395.55951714515686,0.059673309326171875,0,297765,-15,-1289,False,53.5,54.687,52.906
395.6876337528229,0.12811660766601562,0,297777,-15,-1289,False,53.5,54.687,52.906
395.7635862827301,0.07595252990722656,0,297788,-15,-1289,False,53.5,54.687,52.906
395.82655811309814,0.06297183036804199,0,297800,-15,-1289,False,53.5,54.687,52.906
395.8866081237793,0.060050010681152344,0,297812,-15,-1289,False,53.5,54.687,52.906
395.996563911438,0.1099557876586914,0,297823,-15,-1289,False,53.5,54.625,52.687
396.0757920742035,0.07922816276550293,0,297823,-15,-1289,False,53.5,54.625,52.687
396.13903975486755,0.0632476806640625,0,297835,-15,-1289,False,53.5,54.625,52.687
396.2194948196411,0.08045506477355957,0,297846,-15,-1289,False,53.5,54.625,52.687
396.31207251548767,0.09257769584655762,0,297857,-15,-1289,False,53.5,54.625,52.687
396.37667536735535,0.06460285186767578,0,297857,-15,-1289,False,53.5,54.625,52.687
396.4376082420349,0.06093287467956543,0,297868,-15,-1289,False,53.5,54.625,52.687
396.4978756904602,0.06026744842529297,0,297879,-15,-1289,False,53.5,54.625,52.687
396.63756012916565,0.13968443870544434,0,297890,-15,-1289,False,53.5,54.625,52.687
396.71586537361145,0.07830524444580078,0,297901,-15,-1289,False,53.5,54.625,52.687
396.78050541877747,0.06464004516601562,0,297901,-15,-1289,False,53.5,54.625,52.687
396.86137557029724,0.08087015151977539,0,297912,-15,-1290,False,53.5,54.625,52.687
396.95666694641113,0.0952913761138916,0,297924,-15,-1290,False,53.5,54.625,52.687
397.0240225791931,0.06735563278198242,0,297935,-15,-1290,False,53.5,54.625,52.687
397.0861396789551,0.06211709976196289,0,297947,-15,-1290,False,53.5,54.625,52.687
397.16539454460144,0.0792548656463623,0,297947,-15,-1290,False,53.5,54.625,52.687
397.25838804244995,0.09299349784851074,0,297958,-15,-1290,False,53.5,54.625,52.687
397.3235938549042,0.06520581245422363,0,297970,-15,-1290,False,53.5,54.625,52.687
397.3878309726715,0.06423711776733398,0,297970,-15,-1290,False,53.5,54.625,52.687
397.4666554927826,0.07882452011108398,0,297992,-15,-1290,False,53.5,54.625,52.687
397.56180810928345,0.09515261650085449,0,297992,-15,-1290,False,53.5,54.625,52.687
397.62678933143616,0.06498122215270996,0,298004,-15,-1290,False,53.5,54.625,52.687
397.687283039093,0.06049370765686035,0,298004,-15,-1290,False,53.5,54.625,52.687
397.7443001270294,0.05701708793640137,0,298015,-15,-1290,False,53.5,54.625,52.687
397.83560156822205,0.09130144119262695,0,298026,-15,-1290,False,53.5,54.625,52.687
397.9034287929535,0.06782722473144531,0,298037,-15,-1290,False,53.5,54.625,52.687
397.96345829963684,0.06002950668334961,0,298037,-15,-1290,False,53.5,54.625,52.687
398.0225417613983,0.05908346176147461,0,298048,-15,-1290,False,53.5,54.718,52.75
398.1302592754364,0.10771751403808594,0,298059,-15,-1290,False,53.5,54.718,52.75
398.21708822250366,0.08682894706726074,0,298070,-15,-1290,False,53.5,54.718,52.75
398.2850842475891,0.06799602508544922,0,298070,-15,-1290,False,53.5,54.718,52.75
398.34619760513306,0.06111335754394531,0,298081,-15,-1290,False,53.5,54.718,52.75
398.4388391971588,0.09264159202575684,0,298092,-15,-1290,False,53.5,54.718,52.75
398.5062646865845,0.06742548942565918,0,298103,-15,-1290,False,53.5,54.718,52.75
398.5693316459656,0.06306695938110352,0,298103,-15,-1290,False,53.5,54.718,52.75
398.629230260849,0.05989861488342285,0,298114,-15,-1290,False,53.5,54.718,52.75
398.72933554649353,0.10010528564453125,0,298125,-15,-1290,False,53.5,54.718,52.75
398.7959270477295,0.06659150123596191,0,298136,-15,-1290,False,53.5,54.718,52.75
398.8600311279297,0.06410408020019531,0,298136,-15,-1290,False,53.5,54.718,52.75
398.91976618766785,0.05973505973815918,0,298148,-15,-1290,False,53.5,54.718,52.75
399.02334356307983,0.1035773754119873,0,298158,-15,-1290,False,53.5,54.718,52.75
399.0988538265228,0.07551026344299316,0,298170,-15,-1290,False,53.5,54.718,52.75
399.168345451355,0.06949162483215332,0,298170,-15,-1290,False,53.5,54.718,52.75
399.24024057388306,0.07189512252807617,0,298181,-15,-1290,False,53.5,54.718,52.75
399.3188054561615,0.07856488227844238,0,298193,-15,-1290,False,53.5,54.718,52.75
399.38156485557556,0.0627593994140625,0,298193,-15,-1290,False,53.5,54.718,52.75
399.441636800766,0.06007194519042969,0,298205,-15,-1290,False,53.5,54.718,52.75
399.5008602142334,0.05922341346740723,0,298216,-15,-1290,False,53.5,54.718,52.75
399.5923385620117,0.09147834777832031,0,298229,-15,-1290,False,53.5,54.718,52.75
399.6735942363739,0.08125567436218262,0,298229,-15,-1290,False,53.5,54.718,52.75
399.73635149002075,0.06275725364685059,0,298240,-15,-1290,False,53.5,54.718,52.75
399.79610562324524,0.059754133224487305,0,298252,-15,-1290,False,53.5,54.718,52.75
